report_title,raw_variable_name,definition,measurement_method,data_source_text,availability,confidence_score,review_status,evidence_quote,page_number
Accenture Life Trends 2025,About the boys,https://www,,bloomberg,private,1,pending_high_confidence,"Accenture Life Trends 2025 References Trend 1 Cost of hesitations 1. Accenture Life Trends survey, 2024 2. Koebler, J. (2024, March 19). Facebook’s shrimp Jesus, explained. 404 Media: https://www.404media.co/email/1cdf7620-2e2f-4450-9cd9-e041f4f0c27f/ 3. Jacobino, N. (2024, June 6). Here’s why some users are turning to Reddit for web searches. Yahoo! Finance: https://finance.yahoo.com/video/heres-why-users-turning-reddit- 163910261.html 4. Koetsier, J. (2024, March 11). GenZ dumping Google for T",90
Accenture Life Trends 2025,Accenture,https://www,,survey,unclear,1,pending_high_confidence,"Accenture Life Trends 2025 References 118. The Economist (2024, July 25). Machines might not take your job. But they could make it worse:https://www.economist.com/business/2024/07/25/machines-might-not-take-your-job- but-they-could-make-it-worse 119. Accenture Life Trends survey, 2024 120. Ritson, M. (2024, June 13). Synthetic data is as good as real – next comes synthetic strategy. Marketing Week: https://www.marketingweek.com/ritson-synthetic-data-strategy/ 121. Lee Yohn, D. (2023, April 5) En",92
Accenture Life Trends 2025,"As celebrated jazz trumpeter, Miles Davis put it","“It’s not the notes you play, it’s the notes you don’t play",,,unclear,0.91,pending_high_confidence,"Accenture Life Trends 2025 We expect to see existing roles evolving, though leaders will need to be cautious about how far roles evolve from what the employees want to do. If people in creative roles pivot to critical thinking and analysis to manage generative AI output, they could switch from executor to supervisor, creator to curator, or doer to manager. Many would be unhappy with this outcome, as the skills and talents they’ve spent their careers honing would be wasted. How it’s implemented w",66
Accenture Life Trends 2025,BBC,https://www,,survey,unclear,1,pending_high_confidence,"Accenture Life Trends 2025 References 118. The Economist (2024, July 25). Machines might not take your job. But they could make it worse:https://www.economist.com/business/2024/07/25/machines-might-not-take-your-job- but-they-could-make-it-worse 119. Accenture Life Trends survey, 2024 120. Ritson, M. (2024, June 13). Synthetic data is as good as real – next comes synthetic strategy. Marketing Week: https://www.marketingweek.com/ritson-synthetic-data-strategy/ 121. Lee Yohn, D. (2023, April 5) En",92
Accenture Life Trends 2025,BBC,https://www,,bloomberg,private,1,pending_high_confidence,"Accenture Life Trends 2025 References Trend 1 Cost of hesitations 1. Accenture Life Trends survey, 2024 2. Koebler, J. (2024, March 19). Facebook’s shrimp Jesus, explained. 404 Media: https://www.404media.co/email/1cdf7620-2e2f-4450-9cd9-e041f4f0c27f/ 3. Jacobino, N. (2024, June 6). Here’s why some users are turning to Reddit for web searches. Yahoo! Finance: https://finance.yahoo.com/video/heres-why-users-turning-reddit- 163910261.html 4. Koetsier, J. (2024, March 11). GenZ dumping Google for T",90
Accenture Life Trends 2025,BET,https://www,,bloomberg,private,1,pending_high_confidence,"Accenture Life Trends 2025 References Trend 1 Cost of hesitations 1. Accenture Life Trends survey, 2024 2. Koebler, J. (2024, March 19). Facebook’s shrimp Jesus, explained. 404 Media: https://www.404media.co/email/1cdf7620-2e2f-4450-9cd9-e041f4f0c27f/ 3. Jacobino, N. (2024, June 6). Here’s why some users are turning to Reddit for web searches. Yahoo! Finance: https://finance.yahoo.com/video/heres-why-users-turning-reddit- 163910261.html 4. Koetsier, J. (2024, March 11). GenZ dumping Google for T",90
Accenture Life Trends 2025,Beyond the sans serif,how type can move on from ‘blanding’,,survey,unclear,1,pending_high_confidence,"Accenture Life Trends 2025 References 118. The Economist (2024, July 25). Machines might not take your job. But they could make it worse:https://www.economist.com/business/2024/07/25/machines-might-not-take-your-job- but-they-could-make-it-worse 119. Accenture Life Trends survey, 2024 120. Ritson, M. (2024, June 13). Synthetic data is as good as real – next comes synthetic strategy. Marketing Week: https://www.marketingweek.com/ritson-synthetic-data-strategy/ 121. Lee Yohn, D. (2023, April 5) En",92
Accenture Life Trends 2025,Billboard Pro,https://www,,survey,unclear,1,pending_high_confidence,"Accenture Life Trends 2025 References 118. The Economist (2024, July 25). Machines might not take your job. But they could make it worse:https://www.economist.com/business/2024/07/25/machines-might-not-take-your-job- but-they-could-make-it-worse 119. Accenture Life Trends survey, 2024 120. Ritson, M. (2024, June 13). Synthetic data is as good as real – next comes synthetic strategy. Marketing Week: https://www.marketingweek.com/ritson-synthetic-data-strategy/ 121. Lee Yohn, D. (2023, April 5) En",92
Accenture Life Trends 2025,Bloomberg,https://www,,bloomberg,private,1,pending_high_confidence,"Accenture Life Trends 2025 References Trend 1 Cost of hesitations 1. Accenture Life Trends survey, 2024 2. Koebler, J. (2024, March 19). Facebook’s shrimp Jesus, explained. 404 Media: https://www.404media.co/email/1cdf7620-2e2f-4450-9cd9-e041f4f0c27f/ 3. Jacobino, N. (2024, June 6). Here’s why some users are turning to Reddit for web searches. Yahoo! Finance: https://finance.yahoo.com/video/heres-why-users-turning-reddit- 163910261.html 4. Koetsier, J. (2024, March 11). GenZ dumping Google for T",90
Accenture Life Trends 2025,Boredpanda,https://www,,bloomberg,private,1,pending_high_confidence,"Accenture Life Trends 2025 References Trend 1 Cost of hesitations 1. Accenture Life Trends survey, 2024 2. Koebler, J. (2024, March 19). Facebook’s shrimp Jesus, explained. 404 Media: https://www.404media.co/email/1cdf7620-2e2f-4450-9cd9-e041f4f0c27f/ 3. Jacobino, N. (2024, June 6). Here’s why some users are turning to Reddit for web searches. Yahoo! Finance: https://finance.yahoo.com/video/heres-why-users-turning-reddit- 163910261.html 4. Koetsier, J. (2024, March 11). GenZ dumping Google for T",90
Accenture Life Trends 2025,Business Leader,https://www,,survey,unclear,1,pending_high_confidence,"Accenture Life Trends 2025 References 118. The Economist (2024, July 25). Machines might not take your job. But they could make it worse:https://www.economist.com/business/2024/07/25/machines-might-not-take-your-job- but-they-could-make-it-worse 119. Accenture Life Trends survey, 2024 120. Ritson, M. (2024, June 13). Synthetic data is as good as real – next comes synthetic strategy. Marketing Week: https://www.marketingweek.com/ritson-synthetic-data-strategy/ 121. Lee Yohn, D. (2023, April 5) En",92
Accenture Life Trends 2025,But the critical question many are failing to ask is,"Do people want it? Further, generative AI models sometimes surface incorrect or misleading results known as hallucinations, because the models believe their own assertions",,survey,unclear,1,pending_high_confidence,"Accenture Life Trends 2025 Wait, is this real? The acceleration of generative AI content into all places where people have traditionally discovered, socialized and shopped online is causing trust issues and fueling hesitation. Our Accenture Life Trends survey indicates 62% of respondents say trust is an important factor to them when choosing to engage with a brand, (up from 56% last year).5 If people are going to be able to distinguish between legitimate and false content, the brands and creator",10
Accenture Life Trends 2025,Calm Digital,https://www,,survey,unclear,1,pending_high_confidence,"Accenture Life Trends 2025 References 118. The Economist (2024, July 25). Machines might not take your job. But they could make it worse:https://www.economist.com/business/2024/07/25/machines-might-not-take-your-job- but-they-could-make-it-worse 119. Accenture Life Trends survey, 2024 120. Ritson, M. (2024, June 13). Synthetic data is as good as real – next comes synthetic strategy. Marketing Week: https://www.marketingweek.com/ritson-synthetic-data-strategy/ 121. Lee Yohn, D. (2023, April 5) En",92
Accenture Life Trends 2025,dating app exodus,"4 reasons Gen Z and Millennials are rebelling against Hinge, Tinder and Bumble",,survey,unclear,1,pending_high_confidence,"Accenture Life Trends 2025 References 118. The Economist (2024, July 25). Machines might not take your job. But they could make it worse:https://www.economist.com/business/2024/07/25/machines-might-not-take-your-job- but-they-could-make-it-worse 119. Accenture Life Trends survey, 2024 120. Ritson, M. (2024, June 13). Synthetic data is as good as real – next comes synthetic strategy. Marketing Week: https://www.marketingweek.com/ritson-synthetic-data-strategy/ 121. Lee Yohn, D. (2023, April 5) En",92
Accenture Life Trends 2025,Digital Camera World,https://www,,survey,unclear,1,pending_high_confidence,"Accenture Life Trends 2025 References 118. The Economist (2024, July 25). Machines might not take your job. But they could make it worse:https://www.economist.com/business/2024/07/25/machines-might-not-take-your-job- but-they-could-make-it-worse 119. Accenture Life Trends survey, 2024 120. Ritson, M. (2024, June 13). Synthetic data is as good as real – next comes synthetic strategy. Marketing Week: https://www.marketingweek.com/ritson-synthetic-data-strategy/ 121. Lee Yohn, D. (2023, April 5) En",92
Accenture Life Trends 2025,Economist,https://www,,bloomberg,private,1,pending_high_confidence,"Accenture Life Trends 2025 References Trend 1 Cost of hesitations 1. Accenture Life Trends survey, 2024 2. Koebler, J. (2024, March 19). Facebook’s shrimp Jesus, explained. 404 Media: https://www.404media.co/email/1cdf7620-2e2f-4450-9cd9-e041f4f0c27f/ 3. Jacobino, N. (2024, June 6). Here’s why some users are turning to Reddit for web searches. Yahoo! Finance: https://finance.yahoo.com/video/heres-why-users-turning-reddit- 163910261.html 4. Koetsier, J. (2024, March 11). GenZ dumping Google for T",90
Accenture Life Trends 2025,Europol,https://www,,bloomberg,private,1,pending_high_confidence,"Accenture Life Trends 2025 References Trend 1 Cost of hesitations 1. Accenture Life Trends survey, 2024 2. Koebler, J. (2024, March 19). Facebook’s shrimp Jesus, explained. 404 Media: https://www.404media.co/email/1cdf7620-2e2f-4450-9cd9-e041f4f0c27f/ 3. Jacobino, N. (2024, June 6). Here’s why some users are turning to Reddit for web searches. Yahoo! Finance: https://finance.yahoo.com/video/heres-why-users-turning-reddit- 163910261.html 4. Koetsier, J. (2024, March 11). GenZ dumping Google for T",90
Accenture Life Trends 2025,Fake reviews,can we trust what we read online as use of AI explodes? The Guardian: https://www,,bloomberg,private,1,pending_high_confidence,"Accenture Life Trends 2025 References Trend 1 Cost of hesitations 1. Accenture Life Trends survey, 2024 2. Koebler, J. (2024, March 19). Facebook’s shrimp Jesus, explained. 404 Media: https://www.404media.co/email/1cdf7620-2e2f-4450-9cd9-e041f4f0c27f/ 3. Jacobino, N. (2024, June 6). Here’s why some users are turning to Reddit for web searches. Yahoo! Finance: https://finance.yahoo.com/video/heres-why-users-turning-reddit- 163910261.html 4. Koetsier, J. (2024, March 11). GenZ dumping Google for T",90
Accenture Life Trends 2025,FBI,https://www,,bloomberg,private,1,pending_high_confidence,"Accenture Life Trends 2025 References Trend 1 Cost of hesitations 1. Accenture Life Trends survey, 2024 2. Koebler, J. (2024, March 19). Facebook’s shrimp Jesus, explained. 404 Media: https://www.404media.co/email/1cdf7620-2e2f-4450-9cd9-e041f4f0c27f/ 3. Jacobino, N. (2024, June 6). Here’s why some users are turning to Reddit for web searches. Yahoo! Finance: https://finance.yahoo.com/video/heres-why-users-turning-reddit- 163910261.html 4. Koetsier, J. (2024, March 11). GenZ dumping Google for T",90
Accenture Life Trends 2025,Finance,https://finance,,bloomberg,private,1,pending_high_confidence,"Accenture Life Trends 2025 References Trend 1 Cost of hesitations 1. Accenture Life Trends survey, 2024 2. Koebler, J. (2024, March 19). Facebook’s shrimp Jesus, explained. 404 Media: https://www.404media.co/email/1cdf7620-2e2f-4450-9cd9-e041f4f0c27f/ 3. Jacobino, N. (2024, June 6). Here’s why some users are turning to Reddit for web searches. Yahoo! Finance: https://finance.yahoo.com/video/heres-why-users-turning-reddit- 163910261.html 4. Koetsier, J. (2024, March 11). GenZ dumping Google for T",90
Accenture Life Trends 2025,Financial Times,https://www,,survey,unclear,1,pending_high_confidence,"Accenture Life Trends 2025 References 118. The Economist (2024, July 25). Machines might not take your job. But they could make it worse:https://www.economist.com/business/2024/07/25/machines-might-not-take-your-job- but-they-could-make-it-worse 119. Accenture Life Trends survey, 2024 120. Ritson, M. (2024, June 13). Synthetic data is as good as real – next comes synthetic strategy. Marketing Week: https://www.marketingweek.com/ritson-synthetic-data-strategy/ 121. Lee Yohn, D. (2023, April 5) En",92
Accenture Life Trends 2025,Forbes,https://www,,bloomberg,private,1,pending_high_confidence,"Accenture Life Trends 2025 References Trend 1 Cost of hesitations 1. Accenture Life Trends survey, 2024 2. Koebler, J. (2024, March 19). Facebook’s shrimp Jesus, explained. 404 Media: https://www.404media.co/email/1cdf7620-2e2f-4450-9cd9-e041f4f0c27f/ 3. Jacobino, N. (2024, June 6). Here’s why some users are turning to Reddit for web searches. Yahoo! Finance: https://finance.yahoo.com/video/heres-why-users-turning-reddit- 163910261.html 4. Koetsier, J. (2024, March 11). GenZ dumping Google for T",90
Accenture Life Trends 2025,Fortune,https://fortune,,survey,unclear,1,pending_high_confidence,"Accenture Life Trends 2025 References 118. The Economist (2024, July 25). Machines might not take your job. But they could make it worse:https://www.economist.com/business/2024/07/25/machines-might-not-take-your-job- but-they-could-make-it-worse 119. Accenture Life Trends survey, 2024 120. Ritson, M. (2024, June 13). Synthetic data is as good as real – next comes synthetic strategy. Marketing Week: https://www.marketingweek.com/ritson-synthetic-data-strategy/ 121. Lee Yohn, D. (2023, April 5) En",92
Accenture Life Trends 2025,France requires parental consent for under-15s on social media,https://www,,bloomberg,private,1,pending_high_confidence,"Accenture Life Trends 2025 References Trend 1 Cost of hesitations 1. Accenture Life Trends survey, 2024 2. Koebler, J. (2024, March 19). Facebook’s shrimp Jesus, explained. 404 Media: https://www.404media.co/email/1cdf7620-2e2f-4450-9cd9-e041f4f0c27f/ 3. Jacobino, N. (2024, June 6). Here’s why some users are turning to Reddit for web searches. Yahoo! Finance: https://finance.yahoo.com/video/heres-why-users-turning-reddit- 163910261.html 4. Koetsier, J. (2024, March 11). GenZ dumping Google for T",90
Accenture Life Trends 2025,Generative Ai misuse,A taxonomy of tactics and insights from real-world data,,bloomberg,private,1,pending_high_confidence,"Accenture Life Trends 2025 References Trend 1 Cost of hesitations 1. Accenture Life Trends survey, 2024 2. Koebler, J. (2024, March 19). Facebook’s shrimp Jesus, explained. 404 Media: https://www.404media.co/email/1cdf7620-2e2f-4450-9cd9-e041f4f0c27f/ 3. Jacobino, N. (2024, June 6). Here’s why some users are turning to Reddit for web searches. Yahoo! Finance: https://finance.yahoo.com/video/heres-why-users-turning-reddit- 163910261.html 4. Koetsier, J. (2024, March 11). GenZ dumping Google for T",90
Accenture Life Trends 2025,Global Initiative Against Organized Crime,https://globalinitiative,,bloomberg,private,1,pending_high_confidence,"Accenture Life Trends 2025 References Trend 1 Cost of hesitations 1. Accenture Life Trends survey, 2024 2. Koebler, J. (2024, March 19). Facebook’s shrimp Jesus, explained. 404 Media: https://www.404media.co/email/1cdf7620-2e2f-4450-9cd9-e041f4f0c27f/ 3. Jacobino, N. (2024, June 6). Here’s why some users are turning to Reddit for web searches. Yahoo! Finance: https://finance.yahoo.com/video/heres-why-users-turning-reddit- 163910261.html 4. Koetsier, J. (2024, March 11). GenZ dumping Google for T",90
Accenture Life Trends 2025,Google DeepMind,https://deepmind,,bloomberg,private,1,pending_high_confidence,"Accenture Life Trends 2025 References Trend 1 Cost of hesitations 1. Accenture Life Trends survey, 2024 2. Koebler, J. (2024, March 19). Facebook’s shrimp Jesus, explained. 404 Media: https://www.404media.co/email/1cdf7620-2e2f-4450-9cd9-e041f4f0c27f/ 3. Jacobino, N. (2024, June 6). Here’s why some users are turning to Reddit for web searches. Yahoo! Finance: https://finance.yahoo.com/video/heres-why-users-turning-reddit- 163910261.html 4. Koetsier, J. (2024, March 11). GenZ dumping Google for T",90
Accenture Life Trends 2025,Guardian,https://www,,bloomberg,private,1,pending_high_confidence,"Accenture Life Trends 2025 References Trend 1 Cost of hesitations 1. Accenture Life Trends survey, 2024 2. Koebler, J. (2024, March 19). Facebook’s shrimp Jesus, explained. 404 Media: https://www.404media.co/email/1cdf7620-2e2f-4450-9cd9-e041f4f0c27f/ 3. Jacobino, N. (2024, June 6). Here’s why some users are turning to Reddit for web searches. Yahoo! Finance: https://finance.yahoo.com/video/heres-why-users-turning-reddit- 163910261.html 4. Koetsier, J. (2024, March 11). GenZ dumping Google for T",90
Accenture Life Trends 2025,Guardian,https://www,,survey,unclear,1,pending_high_confidence,"Accenture Life Trends 2025 References 118. The Economist (2024, July 25). Machines might not take your job. But they could make it worse:https://www.economist.com/business/2024/07/25/machines-might-not-take-your-job- but-they-could-make-it-worse 119. Accenture Life Trends survey, 2024 120. Ritson, M. (2024, June 13). Synthetic data is as good as real – next comes synthetic strategy. Marketing Week: https://www.marketingweek.com/ritson-synthetic-data-strategy/ 121. Lee Yohn, D. (2023, April 5) En",92
Accenture Life Trends 2025,HBR,https://hbr,,survey,unclear,1,pending_high_confidence,"Accenture Life Trends 2025 References 118. The Economist (2024, July 25). Machines might not take your job. But they could make it worse:https://www.economist.com/business/2024/07/25/machines-might-not-take-your-job- but-they-could-make-it-worse 119. Accenture Life Trends survey, 2024 120. Ritson, M. (2024, June 13). Synthetic data is as good as real – next comes synthetic strategy. Marketing Week: https://www.marketingweek.com/ritson-synthetic-data-strategy/ 121. Lee Yohn, D. (2023, April 5) En",92
Accenture Life Trends 2025,Hollywood Reporter,https://www,,survey,unclear,1,pending_high_confidence,"Accenture Life Trends 2025 References 118. The Economist (2024, July 25). Machines might not take your job. But they could make it worse:https://www.economist.com/business/2024/07/25/machines-might-not-take-your-job- but-they-could-make-it-worse 119. Accenture Life Trends survey, 2024 120. Ritson, M. (2024, June 13). Synthetic data is as good as real – next comes synthetic strategy. Marketing Week: https://www.marketingweek.com/ritson-synthetic-data-strategy/ 121. Lee Yohn, D. (2023, April 5) En",92
Accenture Life Trends 2025,How to Feel Alive with Catherine Price,https://open,,bloomberg,private,1,pending_high_confidence,"Accenture Life Trends 2025 References Trend 1 Cost of hesitations 1. Accenture Life Trends survey, 2024 2. Koebler, J. (2024, March 19). Facebook’s shrimp Jesus, explained. 404 Media: https://www.404media.co/email/1cdf7620-2e2f-4450-9cd9-e041f4f0c27f/ 3. Jacobino, N. (2024, June 6). Here’s why some users are turning to Reddit for web searches. Yahoo! Finance: https://finance.yahoo.com/video/heres-why-users-turning-reddit- 163910261.html 4. Koetsier, J. (2024, March 11). GenZ dumping Google for T",90
Accenture Life Trends 2025,"iBrianRose YouTube (2009, November 25)",https://www,,survey,unclear,1,pending_high_confidence,"Accenture Life Trends 2025 References 118. The Economist (2024, July 25). Machines might not take your job. But they could make it worse:https://www.economist.com/business/2024/07/25/machines-might-not-take-your-job- but-they-could-make-it-worse 119. Accenture Life Trends survey, 2024 120. Ritson, M. (2024, June 13). Synthetic data is as good as real – next comes synthetic strategy. Marketing Week: https://www.marketingweek.com/ritson-synthetic-data-strategy/ 121. Lee Yohn, D. (2023, April 5) En",92
Accenture Life Trends 2025,Introducing the Light Phone III,https://www,,survey,unclear,1,pending_high_confidence,"Accenture Life Trends 2025 References 118. The Economist (2024, July 25). Machines might not take your job. But they could make it worse:https://www.economist.com/business/2024/07/25/machines-might-not-take-your-job- but-they-could-make-it-worse 119. Accenture Life Trends survey, 2024 120. Ritson, M. (2024, June 13). Synthetic data is as good as real – next comes synthetic strategy. Marketing Week: https://www.marketingweek.com/ritson-synthetic-data-strategy/ 121. Lee Yohn, D. (2023, April 5) En",92
Accenture Life Trends 2025,Jing Daily,https://jingdaily,,survey,unclear,1,pending_high_confidence,"Accenture Life Trends 2025 References 118. The Economist (2024, July 25). Machines might not take your job. But they could make it worse:https://www.economist.com/business/2024/07/25/machines-might-not-take-your-job- but-they-could-make-it-worse 119. Accenture Life Trends survey, 2024 120. Ritson, M. (2024, June 13). Synthetic data is as good as real – next comes synthetic strategy. Marketing Week: https://www.marketingweek.com/ritson-synthetic-data-strategy/ 121. Lee Yohn, D. (2023, April 5) En",92
Accenture Life Trends 2025,Marketing Week,https://www,,survey,unclear,1,pending_high_confidence,"Accenture Life Trends 2025 References 118. The Economist (2024, July 25). Machines might not take your job. But they could make it worse:https://www.economist.com/business/2024/07/25/machines-might-not-take-your-job- but-they-could-make-it-worse 119. Accenture Life Trends survey, 2024 120. Ritson, M. (2024, June 13). Synthetic data is as good as real – next comes synthetic strategy. Marketing Week: https://www.marketingweek.com/ritson-synthetic-data-strategy/ 121. Lee Yohn, D. (2023, April 5) En",92
Accenture Life Trends 2025,Media,https://www,,bloomberg,private,1,pending_high_confidence,"Accenture Life Trends 2025 References Trend 1 Cost of hesitations 1. Accenture Life Trends survey, 2024 2. Koebler, J. (2024, March 19). Facebook’s shrimp Jesus, explained. 404 Media: https://www.404media.co/email/1cdf7620-2e2f-4450-9cd9-e041f4f0c27f/ 3. Jacobino, N. (2024, June 6). Here’s why some users are turning to Reddit for web searches. Yahoo! Finance: https://finance.yahoo.com/video/heres-why-users-turning-reddit- 163910261.html 4. Koetsier, J. (2024, March 11). GenZ dumping Google for T",90
Accenture Life Trends 2025,ModernRetail,https://www,,survey,unclear,1,pending_high_confidence,"Accenture Life Trends 2025 References 118. The Economist (2024, July 25). Machines might not take your job. But they could make it worse:https://www.economist.com/business/2024/07/25/machines-might-not-take-your-job- but-they-could-make-it-worse 119. Accenture Life Trends survey, 2024 120. Ritson, M. (2024, June 13). Synthetic data is as good as real – next comes synthetic strategy. Marketing Week: https://www.marketingweek.com/ritson-synthetic-data-strategy/ 121. Lee Yohn, D. (2023, April 5) En",92
Accenture Life Trends 2025,National Cyber Security Centre,https://webarchive,,bloomberg,private,1,pending_high_confidence,"Accenture Life Trends 2025 References Trend 1 Cost of hesitations 1. Accenture Life Trends survey, 2024 2. Koebler, J. (2024, March 19). Facebook’s shrimp Jesus, explained. 404 Media: https://www.404media.co/email/1cdf7620-2e2f-4450-9cd9-e041f4f0c27f/ 3. Jacobino, N. (2024, June 6). Here’s why some users are turning to Reddit for web searches. Yahoo! Finance: https://finance.yahoo.com/video/heres-why-users-turning-reddit- 163910261.html 4. Koetsier, J. (2024, March 11). GenZ dumping Google for T",90
Accenture Life Trends 2025,nature cure,"how time outdoors transforms our memory, imagination and logic",,survey,unclear,1,pending_high_confidence,"Accenture Life Trends 2025 References 118. The Economist (2024, July 25). Machines might not take your job. But they could make it worse:https://www.economist.com/business/2024/07/25/machines-might-not-take-your-job- but-they-could-make-it-worse 119. Accenture Life Trends survey, 2024 120. Ritson, M. (2024, June 13). Synthetic data is as good as real – next comes synthetic strategy. Marketing Week: https://www.marketingweek.com/ritson-synthetic-data-strategy/ 121. Lee Yohn, D. (2023, April 5) En",92
Accenture Life Trends 2025,NBC News,https://www,,bloomberg,private,1,pending_high_confidence,"Accenture Life Trends 2025 References Trend 1 Cost of hesitations 1. Accenture Life Trends survey, 2024 2. Koebler, J. (2024, March 19). Facebook’s shrimp Jesus, explained. 404 Media: https://www.404media.co/email/1cdf7620-2e2f-4450-9cd9-e041f4f0c27f/ 3. Jacobino, N. (2024, June 6). Here’s why some users are turning to Reddit for web searches. Yahoo! Finance: https://finance.yahoo.com/video/heres-why-users-turning-reddit- 163910261.html 4. Koetsier, J. (2024, March 11). GenZ dumping Google for T",90
Accenture Life Trends 2025,NET-A-PORTER,https://www,,survey,unclear,1,pending_high_confidence,"Accenture Life Trends 2025 References 118. The Economist (2024, July 25). Machines might not take your job. But they could make it worse:https://www.economist.com/business/2024/07/25/machines-might-not-take-your-job- but-they-could-make-it-worse 119. Accenture Life Trends survey, 2024 120. Ritson, M. (2024, June 13). Synthetic data is as good as real – next comes synthetic strategy. Marketing Week: https://www.marketingweek.com/ritson-synthetic-data-strategy/ 121. Lee Yohn, D. (2023, April 5) En",92
Accenture Life Trends 2025,New Yorker,https://www,,bloomberg,private,1,pending_high_confidence,"Accenture Life Trends 2025 References Trend 1 Cost of hesitations 1. Accenture Life Trends survey, 2024 2. Koebler, J. (2024, March 19). Facebook’s shrimp Jesus, explained. 404 Media: https://www.404media.co/email/1cdf7620-2e2f-4450-9cd9-e041f4f0c27f/ 3. Jacobino, N. (2024, June 6). Here’s why some users are turning to Reddit for web searches. Yahoo! Finance: https://finance.yahoo.com/video/heres-why-users-turning-reddit- 163910261.html 4. Koetsier, J. (2024, March 11). GenZ dumping Google for T",90
Accenture Life Trends 2025,New York Times,https://www,,survey,unclear,1,pending_high_confidence,"Accenture Life Trends 2025 References 118. The Economist (2024, July 25). Machines might not take your job. But they could make it worse:https://www.economist.com/business/2024/07/25/machines-might-not-take-your-job- but-they-could-make-it-worse 119. Accenture Life Trends survey, 2024 120. Ritson, M. (2024, June 13). Synthetic data is as good as real – next comes synthetic strategy. Marketing Week: https://www.marketingweek.com/ritson-synthetic-data-strategy/ 121. Lee Yohn, D. (2023, April 5) En",92
Accenture Life Trends 2025,New York Times,https://www,,bloomberg,private,1,pending_high_confidence,"Accenture Life Trends 2025 References Trend 1 Cost of hesitations 1. Accenture Life Trends survey, 2024 2. Koebler, J. (2024, March 19). Facebook’s shrimp Jesus, explained. 404 Media: https://www.404media.co/email/1cdf7620-2e2f-4450-9cd9-e041f4f0c27f/ 3. Jacobino, N. (2024, June 6). Here’s why some users are turning to Reddit for web searches. Yahoo! Finance: https://finance.yahoo.com/video/heres-why-users-turning-reddit- 163910261.html 4. Koetsier, J. (2024, March 11). GenZ dumping Google for T",90
Accenture Life Trends 2025,No Mercy / No Malice,https://www,,bloomberg,private,1,pending_high_confidence,"Accenture Life Trends 2025 References Trend 1 Cost of hesitations 1. Accenture Life Trends survey, 2024 2. Koebler, J. (2024, March 19). Facebook’s shrimp Jesus, explained. 404 Media: https://www.404media.co/email/1cdf7620-2e2f-4450-9cd9-e041f4f0c27f/ 3. Jacobino, N. (2024, June 6). Here’s why some users are turning to Reddit for web searches. Yahoo! Finance: https://finance.yahoo.com/video/heres-why-users-turning-reddit- 163910261.html 4. Koetsier, J. (2024, March 11). GenZ dumping Google for T",90
Accenture Life Trends 2025,org,https://arxiv,,bloomberg,private,1,pending_high_confidence,"Accenture Life Trends 2025 References Trend 1 Cost of hesitations 1. Accenture Life Trends survey, 2024 2. Koebler, J. (2024, March 19). Facebook’s shrimp Jesus, explained. 404 Media: https://www.404media.co/email/1cdf7620-2e2f-4450-9cd9-e041f4f0c27f/ 3. Jacobino, N. (2024, June 6). Here’s why some users are turning to Reddit for web searches. Yahoo! Finance: https://finance.yahoo.com/video/heres-why-users-turning-reddit- 163910261.html 4. Koetsier, J. (2024, March 11). GenZ dumping Google for T",90
Accenture Life Trends 2025,Politico,https://www,,bloomberg,private,1,pending_high_confidence,"Accenture Life Trends 2025 References Trend 1 Cost of hesitations 1. Accenture Life Trends survey, 2024 2. Koebler, J. (2024, March 19). Facebook’s shrimp Jesus, explained. 404 Media: https://www.404media.co/email/1cdf7620-2e2f-4450-9cd9-e041f4f0c27f/ 3. Jacobino, N. (2024, June 6). Here’s why some users are turning to Reddit for web searches. Yahoo! Finance: https://finance.yahoo.com/video/heres-why-users-turning-reddit- 163910261.html 4. Koetsier, J. (2024, March 11). GenZ dumping Google for T",90
Accenture Life Trends 2025,PR Week,https://www,,bloomberg,private,1,pending_high_confidence,"Accenture Life Trends 2025 References Trend 1 Cost of hesitations 1. Accenture Life Trends survey, 2024 2. Koebler, J. (2024, March 19). Facebook’s shrimp Jesus, explained. 404 Media: https://www.404media.co/email/1cdf7620-2e2f-4450-9cd9-e041f4f0c27f/ 3. Jacobino, N. (2024, June 6). Here’s why some users are turning to Reddit for web searches. Yahoo! Finance: https://finance.yahoo.com/video/heres-why-users-turning-reddit- 163910261.html 4. Koetsier, J. (2024, March 11). GenZ dumping Google for T",90
Accenture Life Trends 2025,Psychology Today,https://www,,bloomberg,private,1,pending_high_confidence,"Accenture Life Trends 2025 References Trend 1 Cost of hesitations 1. Accenture Life Trends survey, 2024 2. Koebler, J. (2024, March 19). Facebook’s shrimp Jesus, explained. 404 Media: https://www.404media.co/email/1cdf7620-2e2f-4450-9cd9-e041f4f0c27f/ 3. Jacobino, N. (2024, June 6). Here’s why some users are turning to Reddit for web searches. Yahoo! Finance: https://finance.yahoo.com/video/heres-why-users-turning-reddit- 163910261.html 4. Koetsier, J. (2024, March 11). GenZ dumping Google for T",90
Accenture Life Trends 2025,PubMed Central,https://www,,survey,unclear,1,pending_high_confidence,"Accenture Life Trends 2025 References 118. The Economist (2024, July 25). Machines might not take your job. But they could make it worse:https://www.economist.com/business/2024/07/25/machines-might-not-take-your-job- but-they-could-make-it-worse 119. Accenture Life Trends survey, 2024 120. Ritson, M. (2024, June 13). Synthetic data is as good as real – next comes synthetic strategy. Marketing Week: https://www.marketingweek.com/ritson-synthetic-data-strategy/ 121. Lee Yohn, D. (2023, April 5) En",92
Accenture Life Trends 2025,Rewilding Social Care,https://rewritingsocialcare,,survey,unclear,1,pending_high_confidence,"Accenture Life Trends 2025 References 118. The Economist (2024, July 25). Machines might not take your job. But they could make it worse:https://www.economist.com/business/2024/07/25/machines-might-not-take-your-job- but-they-could-make-it-worse 119. Accenture Life Trends survey, 2024 120. Ritson, M. (2024, June 13). Synthetic data is as good as real – next comes synthetic strategy. Marketing Week: https://www.marketingweek.com/ritson-synthetic-data-strategy/ 121. Lee Yohn, D. (2023, April 5) En",92
Accenture Life Trends 2025,"sad, stupid rise of the sigma male",how toxic masculinity took over social media,,bloomberg,private,1,pending_high_confidence,"Accenture Life Trends 2025 References Trend 1 Cost of hesitations 1. Accenture Life Trends survey, 2024 2. Koebler, J. (2024, March 19). Facebook’s shrimp Jesus, explained. 404 Media: https://www.404media.co/email/1cdf7620-2e2f-4450-9cd9-e041f4f0c27f/ 3. Jacobino, N. (2024, June 6). Here’s why some users are turning to Reddit for web searches. Yahoo! Finance: https://finance.yahoo.com/video/heres-why-users-turning-reddit- 163910261.html 4. Koetsier, J. (2024, March 11). GenZ dumping Google for T",90
Accenture Life Trends 2025,Safer Scrolling,how algorithms popularize and gamify online hate and misogyny for young people: https://www,,bloomberg,private,1,pending_high_confidence,"Accenture Life Trends 2025 References Trend 1 Cost of hesitations 1. Accenture Life Trends survey, 2024 2. Koebler, J. (2024, March 19). Facebook’s shrimp Jesus, explained. 404 Media: https://www.404media.co/email/1cdf7620-2e2f-4450-9cd9-e041f4f0c27f/ 3. Jacobino, N. (2024, June 6). Here’s why some users are turning to Reddit for web searches. Yahoo! Finance: https://finance.yahoo.com/video/heres-why-users-turning-reddit- 163910261.html 4. Koetsier, J. (2024, March 11). GenZ dumping Google for T",90
Accenture Life Trends 2025,Science Direct,https://www,,bloomberg,private,1,pending_high_confidence,"Accenture Life Trends 2025 References Trend 1 Cost of hesitations 1. Accenture Life Trends survey, 2024 2. Koebler, J. (2024, March 19). Facebook’s shrimp Jesus, explained. 404 Media: https://www.404media.co/email/1cdf7620-2e2f-4450-9cd9-e041f4f0c27f/ 3. Jacobino, N. (2024, June 6). Here’s why some users are turning to Reddit for web searches. Yahoo! Finance: https://finance.yahoo.com/video/heres-why-users-turning-reddit- 163910261.html 4. Koetsier, J. (2024, March 11). GenZ dumping Google for T",90
Accenture Life Trends 2025,s equality,study finds emerging gender divide in young people’s attitudes: https://www,,bloomberg,private,1,pending_high_confidence,"Accenture Life Trends 2025 References Trend 1 Cost of hesitations 1. Accenture Life Trends survey, 2024 2. Koebler, J. (2024, March 19). Facebook’s shrimp Jesus, explained. 404 Media: https://www.404media.co/email/1cdf7620-2e2f-4450-9cd9-e041f4f0c27f/ 3. Jacobino, N. (2024, June 6). Here’s why some users are turning to Reddit for web searches. Yahoo! Finance: https://finance.yahoo.com/video/heres-why-users-turning-reddit- 163910261.html 4. Koetsier, J. (2024, March 11). GenZ dumping Google for T",90
Accenture Life Trends 2025,Sextortion,growing threat targeting minors,,bloomberg,private,1,pending_high_confidence,"Accenture Life Trends 2025 References Trend 1 Cost of hesitations 1. Accenture Life Trends survey, 2024 2. Koebler, J. (2024, March 19). Facebook’s shrimp Jesus, explained. 404 Media: https://www.404media.co/email/1cdf7620-2e2f-4450-9cd9-e041f4f0c27f/ 3. Jacobino, N. (2024, June 6). Here’s why some users are turning to Reddit for web searches. Yahoo! Finance: https://finance.yahoo.com/video/heres-why-users-turning-reddit- 163910261.html 4. Koetsier, J. (2024, March 11). GenZ dumping Google for T",90
Accenture Life Trends 2025,Social Prescribing,https://www,,survey,unclear,1,pending_high_confidence,"Accenture Life Trends 2025 References 118. The Economist (2024, July 25). Machines might not take your job. But they could make it worse:https://www.economist.com/business/2024/07/25/machines-might-not-take-your-job- but-they-could-make-it-worse 119. Accenture Life Trends survey, 2024 120. Ritson, M. (2024, June 13). Synthetic data is as good as real – next comes synthetic strategy. Marketing Week: https://www.marketingweek.com/ritson-synthetic-data-strategy/ 121. Lee Yohn, D. (2023, April 5) En",92
Accenture Life Trends 2025,s plight,“A decent proxy for the success of a society is how it treats children,,,unclear,0.91,pending_high_confidence,"Accenture Life Trends 2025 Sentiment will continue to spread Scott Galloway, NYU media professor and influential media and technology podcaster, takes a broader view of young people’s plight: “A decent proxy for the success of a society is how it treats children. Not how individuals parent, but the success of the structures, incentives, and leadership charged with preventing a tragedy of the commons.”58 Parents around the world are rallying for change, and the movement is gaining traction. In th",32
Accenture Life Trends 2025,Springer Link,https://link,,bloomberg,private,1,pending_high_confidence,"Accenture Life Trends 2025 References Trend 1 Cost of hesitations 1. Accenture Life Trends survey, 2024 2. Koebler, J. (2024, March 19). Facebook’s shrimp Jesus, explained. 404 Media: https://www.404media.co/email/1cdf7620-2e2f-4450-9cd9-e041f4f0c27f/ 3. Jacobino, N. (2024, June 6). Here’s why some users are turning to Reddit for web searches. Yahoo! Finance: https://finance.yahoo.com/video/heres-why-users-turning-reddit- 163910261.html 4. Koetsier, J. (2024, March 11). GenZ dumping Google for T",90
Accenture Life Trends 2025,StudyFinds,https://studyfinds,,survey,unclear,1,pending_high_confidence,"Accenture Life Trends 2025 References 118. The Economist (2024, July 25). Machines might not take your job. But they could make it worse:https://www.economist.com/business/2024/07/25/machines-might-not-take-your-job- but-they-could-make-it-worse 119. Accenture Life Trends survey, 2024 120. Ritson, M. (2024, June 13). Synthetic data is as good as real – next comes synthetic strategy. Marketing Week: https://www.marketingweek.com/ritson-synthetic-data-strategy/ 121. Lee Yohn, D. (2023, April 5) En",92
Accenture Life Trends 2025,Surgeon general,why I’m calling for a warning label on social media platforms,,bloomberg,private,1,pending_high_confidence,"Accenture Life Trends 2025 References Trend 1 Cost of hesitations 1. Accenture Life Trends survey, 2024 2. Koebler, J. (2024, March 19). Facebook’s shrimp Jesus, explained. 404 Media: https://www.404media.co/email/1cdf7620-2e2f-4450-9cd9-e041f4f0c27f/ 3. Jacobino, N. (2024, June 6). Here’s why some users are turning to Reddit for web searches. Yahoo! Finance: https://finance.yahoo.com/video/heres-why-users-turning-reddit- 163910261.html 4. Koetsier, J. (2024, March 11). GenZ dumping Google for T",90
Accenture Life Trends 2025,Telegraph,https://www,,survey,unclear,1,pending_high_confidence,"Accenture Life Trends 2025 References 118. The Economist (2024, July 25). Machines might not take your job. But they could make it worse:https://www.economist.com/business/2024/07/25/machines-might-not-take-your-job- but-they-could-make-it-worse 119. Accenture Life Trends survey, 2024 120. Ritson, M. (2024, June 13). Synthetic data is as good as real – next comes synthetic strategy. Marketing Week: https://www.marketingweek.com/ritson-synthetic-data-strategy/ 121. Lee Yohn, D. (2023, April 5) En",92
Accenture Life Trends 2025,This much I learned,Les Binet and Peter Field on 10 years of The Long and the Short of It,,survey,unclear,1,pending_high_confidence,"Accenture Life Trends 2025 References 118. The Economist (2024, July 25). Machines might not take your job. But they could make it worse:https://www.economist.com/business/2024/07/25/machines-might-not-take-your-job- but-they-could-make-it-worse 119. Accenture Life Trends survey, 2024 120. Ritson, M. (2024, June 13). Synthetic data is as good as real – next comes synthetic strategy. Marketing Week: https://www.marketingweek.com/ritson-synthetic-data-strategy/ 121. Lee Yohn, D. (2023, April 5) En",92
Accenture Life Trends 2025,Travel Curator,https://travelcurator,,survey,unclear,1,pending_high_confidence,"Accenture Life Trends 2025 References 118. The Economist (2024, July 25). Machines might not take your job. But they could make it worse:https://www.economist.com/business/2024/07/25/machines-might-not-take-your-job- but-they-could-make-it-worse 119. Accenture Life Trends survey, 2024 120. Ritson, M. (2024, June 13). Synthetic data is as good as real – next comes synthetic strategy. Marketing Week: https://www.marketingweek.com/ritson-synthetic-data-strategy/ 121. Lee Yohn, D. (2023, April 5) En",92
Accenture Life Trends 2025,Update,"2024, June 8)",,survey,unclear,1,pending_high_confidence,"Accenture Life Trends 2025 References 118. The Economist (2024, July 25). Machines might not take your job. But they could make it worse:https://www.economist.com/business/2024/07/25/machines-might-not-take-your-job- but-they-could-make-it-worse 119. Accenture Life Trends survey, 2024 120. Ritson, M. (2024, June 13). Synthetic data is as good as real – next comes synthetic strategy. Marketing Week: https://www.marketingweek.com/ritson-synthetic-data-strategy/ 121. Lee Yohn, D. (2023, April 5) En",92
Accenture Life Trends 2025,Updated,"2024, August 23)",,survey,unclear,1,pending_high_confidence,"Accenture Life Trends 2025 References 118. The Economist (2024, July 25). Machines might not take your job. But they could make it worse:https://www.economist.com/business/2024/07/25/machines-might-not-take-your-job- but-they-could-make-it-worse 119. Accenture Life Trends survey, 2024 120. Ritson, M. (2024, June 13). Synthetic data is as good as real – next comes synthetic strategy. Marketing Week: https://www.marketingweek.com/ritson-synthetic-data-strategy/ 121. Lee Yohn, D. (2023, April 5) En",92
Accenture Life Trends 2025,Verge,https://www,,survey,unclear,1,pending_high_confidence,"Accenture Life Trends 2025 References 118. The Economist (2024, July 25). Machines might not take your job. But they could make it worse:https://www.economist.com/business/2024/07/25/machines-might-not-take-your-job- but-they-could-make-it-worse 119. Accenture Life Trends survey, 2024 120. Ritson, M. (2024, June 13). Synthetic data is as good as real – next comes synthetic strategy. Marketing Week: https://www.marketingweek.com/ritson-synthetic-data-strategy/ 121. Lee Yohn, D. (2023, April 5) En",92
Accenture Life Trends 2025,Verge,https://www,,bloomberg,private,1,pending_high_confidence,"Accenture Life Trends 2025 References Trend 1 Cost of hesitations 1. Accenture Life Trends survey, 2024 2. Koebler, J. (2024, March 19). Facebook’s shrimp Jesus, explained. 404 Media: https://www.404media.co/email/1cdf7620-2e2f-4450-9cd9-e041f4f0c27f/ 3. Jacobino, N. (2024, June 6). Here’s why some users are turning to Reddit for web searches. Yahoo! Finance: https://finance.yahoo.com/video/heres-why-users-turning-reddit- 163910261.html 4. Koetsier, J. (2024, March 11). GenZ dumping Google for T",90
Accenture Life Trends 2025,Vox,https://www,,bloomberg,private,1,pending_high_confidence,"Accenture Life Trends 2025 References Trend 1 Cost of hesitations 1. Accenture Life Trends survey, 2024 2. Koebler, J. (2024, March 19). Facebook’s shrimp Jesus, explained. 404 Media: https://www.404media.co/email/1cdf7620-2e2f-4450-9cd9-e041f4f0c27f/ 3. Jacobino, N. (2024, June 6). Here’s why some users are turning to Reddit for web searches. Yahoo! Finance: https://finance.yahoo.com/video/heres-why-users-turning-reddit- 163910261.html 4. Koetsier, J. (2024, March 11). GenZ dumping Google for T",90
Accenture Life Trends 2025,Wall Street Journal,https://www,,bloomberg,private,1,pending_high_confidence,"Accenture Life Trends 2025 References Trend 1 Cost of hesitations 1. Accenture Life Trends survey, 2024 2. Koebler, J. (2024, March 19). Facebook’s shrimp Jesus, explained. 404 Media: https://www.404media.co/email/1cdf7620-2e2f-4450-9cd9-e041f4f0c27f/ 3. Jacobino, N. (2024, June 6). Here’s why some users are turning to Reddit for web searches. Yahoo! Finance: https://finance.yahoo.com/video/heres-why-users-turning-reddit- 163910261.html 4. Koetsier, J. (2024, March 11). GenZ dumping Google for T",90
Accenture Life Trends 2025,Why young men and women are drifting apart,https://www,,bloomberg,private,1,pending_high_confidence,"Accenture Life Trends 2025 References Trend 1 Cost of hesitations 1. Accenture Life Trends survey, 2024 2. Koebler, J. (2024, March 19). Facebook’s shrimp Jesus, explained. 404 Media: https://www.404media.co/email/1cdf7620-2e2f-4450-9cd9-e041f4f0c27f/ 3. Jacobino, N. (2024, June 6). Here’s why some users are turning to Reddit for web searches. Yahoo! Finance: https://finance.yahoo.com/video/heres-why-users-turning-reddit- 163910261.html 4. Koetsier, J. (2024, March 11). GenZ dumping Google for T",90
Accenture Life Trends 2025,WIRED,https://www,,bloomberg,private,1,pending_high_confidence,"Accenture Life Trends 2025 References Trend 1 Cost of hesitations 1. Accenture Life Trends survey, 2024 2. Koebler, J. (2024, March 19). Facebook’s shrimp Jesus, explained. 404 Media: https://www.404media.co/email/1cdf7620-2e2f-4450-9cd9-e041f4f0c27f/ 3. Jacobino, N. (2024, June 6). Here’s why some users are turning to Reddit for web searches. Yahoo! Finance: https://finance.yahoo.com/video/heres-why-users-turning-reddit- 163910261.html 4. Koetsier, J. (2024, March 11). GenZ dumping Google for T",90
Accenture Life Trends 2025,Word of the year 2023,https://www,,bloomberg,private,1,pending_high_confidence,"Accenture Life Trends 2025 References Trend 1 Cost of hesitations 1. Accenture Life Trends survey, 2024 2. Koebler, J. (2024, March 19). Facebook’s shrimp Jesus, explained. 404 Media: https://www.404media.co/email/1cdf7620-2e2f-4450-9cd9-e041f4f0c27f/ 3. Jacobino, N. (2024, June 6). Here’s why some users are turning to Reddit for web searches. Yahoo! Finance: https://finance.yahoo.com/video/heres-why-users-turning-reddit- 163910261.html 4. Koetsier, J. (2024, March 11). GenZ dumping Google for T",90
Accenture Life Trends 2025,"YouGov Global Profiles, Time period","12 months ended 15 May 2024 (n= 332,530), Base: Global Adults, Question: I think parents should limit the time their child(ren) spend(s) on social media (Agree, 3-point scale) 56",,bloomberg,private,1,pending_high_confidence,"Accenture Life Trends 2025 References Trend 1 Cost of hesitations 1. Accenture Life Trends survey, 2024 2. Koebler, J. (2024, March 19). Facebook’s shrimp Jesus, explained. 404 Media: https://www.404media.co/email/1cdf7620-2e2f-4450-9cd9-e041f4f0c27f/ 3. Jacobino, N. (2024, June 6). Here’s why some users are turning to Reddit for web searches. Yahoo! Finance: https://finance.yahoo.com/video/heres-why-users-turning-reddit- 163910261.html 4. Koetsier, J. (2024, March 11). GenZ dumping Google for T",90
Accenture Life Trends 2025,young people and pornography,https://assets,,bloomberg,private,1,pending_high_confidence,"Accenture Life Trends 2025 References Trend 1 Cost of hesitations 1. Accenture Life Trends survey, 2024 2. Koebler, J. (2024, March 19). Facebook’s shrimp Jesus, explained. 404 Media: https://www.404media.co/email/1cdf7620-2e2f-4450-9cd9-e041f4f0c27f/ 3. Jacobino, N. (2024, June 6). Here’s why some users are turning to Reddit for web searches. Yahoo! Finance: https://finance.yahoo.com/video/heres-why-users-turning-reddit- 163910261.html 4. Koetsier, J. (2024, March 11). GenZ dumping Google for T",90
ANNUAL REPORT 2023 / 2024,Photo,Commonwealth Capital,,,unclear,0.99,pending_high_confidence,"ACCELERATING INDUSTRY GROWTH | ENTERPRISE SINGAPORE ANNUAL REPORT 2023-2024 - 13 On the back of growing climate commitments, we also supported global traders in setting up and expanding their carbon trading desks here, covering both voluntary and compliance markets, such as those in Australia and Japan. Today, more than 40 companies including Rio Tinto and Olam trade carbon credits in Singapore. In addition, there are over 100 carbon services providers here, cementing our position as Asia’s lead",13
ANNUAL REPORT 2023 / 2024,Photo,The Straits Times,,,unclear,0.99,pending_high_confidence,"GROWING STRONGER ENTERPRISES | ENTERPRISE SINGAPORE ANNUAL REPORT 2023-2024 - 9 BUILDING SUSTAINABILITY CAPABILITIES With growing attention on sustainability, new programmes and resources were rolled out to help firms integrate sustainable strategies and practices into their businesses. These include a foundational playbook, developed with the Singapore Business Federation and SkillsFuture Singapore, to strengthen enterprises’ knowledge of opportunities, risks, and trends. As part of the Enterpr",9
ANNUAL REPORT 2023 / 2024,Photos,"The New Paper, SRA",,,unclear,0.99,pending_high_confidence,"ACCELERATING INDUSTRY GROWTH | ENTERPRISE SINGAPORE ANNUAL REPORT 2023-2024 - 12 GIVING OUR HEARTLANDS A BOOST To help heartland businesses modernise and thrive in today’s landscape, dedicated advisory sessions, capability workshops, and outreach initiatives were organised by Heartland Enterprise Centre Singapore, benefitting over 4,000 businesses. Some 700 businesses also enhanced their capabilities in digital marketing, visual merchandising, service excellence, and financial management through",12
"A Time to Act: Policies to Strengthen the US Robotics Industry | Reports & Briefings | Jul 18, 2025 | ITIF",Adoption and Production,"Where the United States Stands Like any production technology, both the manufacturing of robotics and its adoption are important",,survey,unclear,1,pending_high_confidence,"As Mike Coast and Bob Lyscas of the Michigan Manufacturing Technology Center (Michigan’s MEP) explained: In some areas like smart sensors or robotics, the cost has been reduced by as much as 80 percent even over the past three years; what was costing in the area of $750,000 three years ago might be closer to $100,000 today. That lower cost is accelerating return on investment (ROI). For a 150–200 person-size company, we’re seeing ROI within 1.2–2 years and on the larger size firms (200–500 emplo",
"A Time to Act: Policies to Strengthen the US Robotics Industry | Reports & Briefings | Jul 18, 2025 | ITIF",All Eyes on K-Robots,"The Status and Strategy of Korea’s Robotics Industry”Invest Korea, May 9, 2025, https://www",,survey,unclear,1,pending_high_confidence,"January 1, 2018, https://rodneybrookscom/my-dated-predictions/. [7]. Joerg Mayer, “Robots and Industrialization: What Policies for Inclusive Growth?” (working paper, Group 24 and Friedrich-Ebert-Stiftung, New York, 2018), https://www.g24.org/wpcontent/uploads/2018/08/Mayer_-_Robots_and_industrialization.pdf. [8]. Atkinson, “Which Nations Really Lead in Industrial Robot Adoption?”; International Federation of Robotics (IFR), “Global Robotics Race: Korea, Singapore and Germany in the Lead,” news r",
"A Time to Act: Policies to Strengthen the US Robotics Industry | Reports & Briefings | Jul 18, 2025 | ITIF","As such, the message is clear",America’s robotics know-how is not being matched by an ability to produce at scale,,,unclear,0.99,pending_high_confidence,"much larger economy, accounted for just 5.4 percent of global robotics exports.[24] That means Japan’s robot export intensity is roughly 20 times higher than that of the United States.[25] As such, the message is clear: America’s robotics know-how is not being matched by an ability to produce at scale. This is because the broader U.S. industrial ecosystem that’s needed to support large-scale robotics production remains underdeveloped. The United States does not have a single major firm mass-prod",
"A Time to Act: Policies to Strengthen the US Robotics Industry | Reports & Briefings | Jul 18, 2025 | ITIF","As such, the message is clear",America’s robotics know-how is not being matched by an ability to produce at scale,,survey,unclear,1,pending_high_confidence,"As Mike Coast and Bob Lyscas of the Michigan Manufacturing Technology Center (Michigan’s MEP) explained: In some areas like smart sensors or robotics, the cost has been reduced by as much as 80 percent even over the past three years; what was costing in the area of $750,000 three years ago might be closer to $100,000 today. That lower cost is accelerating return on investment (ROI). For a 150–200 person-size company, we’re seeing ROI within 1.2–2 years and on the larger size firms (200–500 emplo",
"A Time to Act: Policies to Strengthen the US Robotics Industry | Reports & Briefings | Jul 18, 2025 | ITIF",award would serve two purposes,"1) send a signal to American society that robots and robotization is something to be welcomed, not feared, and 2) provide an incentive for companies to innovate in the development and adoption of robotics, as gaining recognition from such an award would likely boost the health of these companies",,,unclear,0.91,pending_high_confidence,"limited data to teach robots how to move, grasp and manipulate objects, understand directions, and recognize activity in different environments, such as households, factories, and sidewalks. Computer scientist Hans Peter Brondmo has argued that it will take deploying “many thousands, maybe even millions of robots doing stuff in the real world” to collect enough data to train them to do more than generally well-defined, narrow tasks.[79] NIST should work with the robotics industry (including firm",
"A Time to Act: Policies to Strengthen the US Robotics Industry | Reports & Briefings | Jul 18, 2025 | ITIF",Brazil,"The Next Big Automation Powerhouse?” Universal Robots, June 30, 2023, https://www",,survey,unclear,1,pending_high_confidence,"January 1, 2018, https://rodneybrookscom/my-dated-predictions/. [7]. Joerg Mayer, “Robots and Industrialization: What Policies for Inclusive Growth?” (working paper, Group 24 and Friedrich-Ebert-Stiftung, New York, 2018), https://www.g24.org/wpcontent/uploads/2018/08/Mayer_-_Robots_and_industrialization.pdf. [8]. Atkinson, “Which Nations Really Lead in Industrial Robot Adoption?”; International Federation of Robotics (IFR), “Global Robotics Race: Korea, Singapore and Germany in the Lead,” news r",
"A Time to Act: Policies to Strengthen the US Robotics Industry | Reports & Briefings | Jul 18, 2025 | ITIF",Brazil,"The Next Big Automation Powerhouse?” Universal Robots, June 30, 2023, https://www",,census,obtainable,1,pending_high_confidence,"University, Discussion paper series A No. 500, 2008), https://papers.ssrn.com/sol3/papers.cfm?abstract_id=3146975. [64]. “Robotics in Saudi Arabia: Leading the Tech Revolution,” Proven Robotics, April 9, 2024, https://provenrobotics.ai/robotics-in-saudi-arabia/. [65]. Bruno Zabeu, “Brazil: The Next Big Automation Powerhouse?” Universal Robots, June 30, 2023, https://www.universal-robots.com/blog/brazil-the-next-big-automation-powerhouse/. [66]. “Robotics Industry in Germany,” Germany Trade & Inv",
"A Time to Act: Policies to Strengthen the US Robotics Industry | Reports & Briefings | Jul 18, 2025 | ITIF",D in three key sectors,"healthcare, construction and infrastructure, and environmental services",,"intensive sectors, including mining and marine industries",unclear,1,pending_high_confidence,"to Japan, South Korea has enacted several iterations of its national robotics strategies, all of which have been successful in propelling Korea to the top of global robotics leadership. Beginning with its Intelligent Robots Development and Distribution Promotion Act of 2008, South Korea is currently implementing its 4th Basic Plan on Intelligent Robots, which was launched in January 2024 and will run through 2028. The plan is investing $2.2 billion in the robotics industry, specifically supporti",
"A Time to Act: Policies to Strengthen the US Robotics Industry | Reports & Briefings | Jul 18, 2025 | ITIF","Diplomat, June 1, 2018, https",//thediplomat,,,unclear,0.91,pending_high_confidence,"to decide whether to go with short-term consumer welfare benefits or long-term U.S. competitiveness, especially for strategic industries, including robotics. Second, it would be one thing if Chinese robotics producers were competing on a level playing field. But as ITIF showed in our Chinese robotics report, they are not.[90] Many of the companies receive significant subsidies from Chinese governments. There are also purchasing preferences for Chinese robotics enforced by the Chinese Communist P",
"A Time to Act: Policies to Strengthen the US Robotics Industry | Reports & Briefings | Jul 18, 2025 | ITIF",D Productivity of Firms,"A Case Study of Robot Technology in Japan” (Institute of Economic Research Hitotsubashi University, Discussion paper series A No",,survey,unclear,1,pending_high_confidence,"January 1, 2018, https://rodneybrookscom/my-dated-predictions/. [7]. Joerg Mayer, “Robots and Industrialization: What Policies for Inclusive Growth?” (working paper, Group 24 and Friedrich-Ebert-Stiftung, New York, 2018), https://www.g24.org/wpcontent/uploads/2018/08/Mayer_-_Robots_and_industrialization.pdf. [8]. Atkinson, “Which Nations Really Lead in Industrial Robot Adoption?”; International Federation of Robotics (IFR), “Global Robotics Race: Korea, Singapore and Germany in the Lead,” news r",
"A Time to Act: Policies to Strengthen the US Robotics Industry | Reports & Briefings | Jul 18, 2025 | ITIF","Equal Ocean, March 2, 2023, https",//equalocean,,survey,unclear,1,pending_high_confidence,"January 1, 2018, https://rodneybrookscom/my-dated-predictions/. [7]. Joerg Mayer, “Robots and Industrialization: What Policies for Inclusive Growth?” (working paper, Group 24 and Friedrich-Ebert-Stiftung, New York, 2018), https://www.g24.org/wpcontent/uploads/2018/08/Mayer_-_Robots_and_industrialization.pdf. [8]. Atkinson, “Which Nations Really Lead in Industrial Robot Adoption?”; International Federation of Robotics (IFR), “Global Robotics Race: Korea, Singapore and Germany in the Lead,” news r",
"A Time to Act: Policies to Strengthen the US Robotics Industry | Reports & Briefings | Jul 18, 2025 | ITIF","er to Secretary Hegseth, Secretary Lutnick, and Chairman Carr, May 6, 2025, https",//selectcommitteeontheccp,,census,obtainable,1,pending_high_confidence,"University, Discussion paper series A No. 500, 2008), https://papers.ssrn.com/sol3/papers.cfm?abstract_id=3146975. [64]. “Robotics in Saudi Arabia: Leading the Tech Revolution,” Proven Robotics, April 9, 2024, https://provenrobotics.ai/robotics-in-saudi-arabia/. [65]. Bruno Zabeu, “Brazil: The Next Big Automation Powerhouse?” Universal Robots, June 30, 2023, https://www.universal-robots.com/blog/brazil-the-next-big-automation-powerhouse/. [66]. “Robotics Industry in Germany,” Germany Trade & Inv",
"A Time to Act: Policies to Strengthen the US Robotics Industry | Reports & Briefings | Jul 18, 2025 | ITIF",Figure 1,"Industrial robots per 10,000 manufacturing workers, 2022[11] Moreover, controlling for wage levels, the United States performed even worse in robot adoption in 2022",,survey,unclear,1,pending_high_confidence,"As Mike Coast and Bob Lyscas of the Michigan Manufacturing Technology Center (Michigan’s MEP) explained: In some areas like smart sensors or robotics, the cost has been reduced by as much as 80 percent even over the past three years; what was costing in the area of $750,000 three years ago might be closer to $100,000 today. That lower cost is accelerating return on investment (ROI). For a 150–200 person-size company, we’re seeing ROI within 1.2–2 years and on the larger size firms (200–500 emplo",
"A Time to Act: Policies to Strengthen the US Robotics Industry | Reports & Briefings | Jul 18, 2025 | ITIF",Figure 2,"Actual robot adoption rate as a share of expected robot adoption rate, 2022[14] Only 8",,survey,unclear,1,pending_high_confidence,"As Mike Coast and Bob Lyscas of the Michigan Manufacturing Technology Center (Michigan’s MEP) explained: In some areas like smart sensors or robotics, the cost has been reduced by as much as 80 percent even over the past three years; what was costing in the area of $750,000 three years ago might be closer to $100,000 today. That lower cost is accelerating return on investment (ROI). For a 150–200 person-size company, we’re seeing ROI within 1.2–2 years and on the larger size firms (200–500 emplo",
"A Time to Act: Policies to Strengthen the US Robotics Industry | Reports & Briefings | Jul 18, 2025 | ITIF",Figure 3,Share of firms using robotics as part of their processes or methods[22] U,,survey,unclear,1,pending_high_confidence,"As Mike Coast and Bob Lyscas of the Michigan Manufacturing Technology Center (Michigan’s MEP) explained: In some areas like smart sensors or robotics, the cost has been reduced by as much as 80 percent even over the past three years; what was costing in the area of $750,000 three years ago might be closer to $100,000 today. That lower cost is accelerating return on investment (ROI). For a 150–200 person-size company, we’re seeing ROI within 1.2–2 years and on the larger size firms (200–500 emplo",
"A Time to Act: Policies to Strengthen the US Robotics Industry | Reports & Briefings | Jul 18, 2025 | ITIF",Global Robotics Race,"Korea, Singapore and Germany in the Lead,” news release, January 10, 2024, https://ifr",,survey,unclear,1,pending_high_confidence,"January 1, 2018, https://rodneybrookscom/my-dated-predictions/. [7]. Joerg Mayer, “Robots and Industrialization: What Policies for Inclusive Growth?” (working paper, Group 24 and Friedrich-Ebert-Stiftung, New York, 2018), https://www.g24.org/wpcontent/uploads/2018/08/Mayer_-_Robots_and_industrialization.pdf. [8]. Atkinson, “Which Nations Really Lead in Industrial Robot Adoption?”; International Federation of Robotics (IFR), “Global Robotics Race: Korea, Singapore and Germany in the Lead,” news r",
"A Time to Act: Policies to Strengthen the US Robotics Industry | Reports & Briefings | Jul 18, 2025 | ITIF",Global Robotics Race,"Korea, Singapore and Germany in the Lead,” news release, January 10, 2024, https://ifr",,,unclear,0.91,pending_high_confidence,"to decide whether to go with short-term consumer welfare benefits or long-term U.S. competitiveness, especially for strategic industries, including robotics. Second, it would be one thing if Chinese robotics producers were competing on a level playing field. But as ITIF showed in our Chinese robotics report, they are not.[90] Many of the companies receive significant subsidies from Chinese governments. There are also purchasing preferences for Chinese robotics enforced by the Chinese Communist P",
"A Time to Act: Policies to Strengthen the US Robotics Industry | Reports & Briefings | Jul 18, 2025 | ITIF",His books include Technology Fears and Scapegoats,"40 Myths About Privacy, Jobs, AI and Today’s Innovation Economy (Palgrave McMillian, 2024), Big Is Beautiful: Debunking the Myth of Small Business (MIT, 2018), Innovation Economics: The Race for Global Advantage (Yale, 2012), Supply-Side Follies: Why Conservative Economics Fails, Liberal Economics Falters, and Innovation Economics Is the Answer (Rowman Littlefield, 2007), and The Past and Future of America’s Economy: Long Waves of Innovation That Power Cycles of Growth (Edward Elgar, 2005)",,,unclear,0.91,pending_high_confidence,"to decide whether to go with short-term consumer welfare benefits or long-term U.S. competitiveness, especially for strategic industries, including robotics. Second, it would be one thing if Chinese robotics producers were competing on a level playing field. But as ITIF showed in our Chinese robotics report, they are not.[90] Many of the companies receive significant subsidies from Chinese governments. There are also purchasing preferences for Chinese robotics enforced by the Chinese Communist P",
"A Time to Act: Policies to Strengthen the US Robotics Industry | Reports & Briefings | Jul 18, 2025 | ITIF",https,//atecentral,,census,obtainable,1,pending_high_confidence,"University, Discussion paper series A No. 500, 2008), https://papers.ssrn.com/sol3/papers.cfm?abstract_id=3146975. [64]. “Robotics in Saudi Arabia: Leading the Tech Revolution,” Proven Robotics, April 9, 2024, https://provenrobotics.ai/robotics-in-saudi-arabia/. [65]. Bruno Zabeu, “Brazil: The Next Big Automation Powerhouse?” Universal Robots, June 30, 2023, https://www.universal-robots.com/blog/brazil-the-next-big-automation-powerhouse/. [66]. “Robotics Industry in Germany,” Germany Trade & Inv",
"A Time to Act: Policies to Strengthen the US Robotics Industry | Reports & Briefings | Jul 18, 2025 | ITIF","ics Association Annual Meetings, Long Beach, California, July 28-31, 2002), https",//ageconsearch,,census,obtainable,1,pending_high_confidence,"University, Discussion paper series A No. 500, 2008), https://papers.ssrn.com/sol3/papers.cfm?abstract_id=3146975. [64]. “Robotics in Saudi Arabia: Leading the Tech Revolution,” Proven Robotics, April 9, 2024, https://provenrobotics.ai/robotics-in-saudi-arabia/. [65]. Bruno Zabeu, “Brazil: The Next Big Automation Powerhouse?” Universal Robots, June 30, 2023, https://www.universal-robots.com/blog/brazil-the-next-big-automation-powerhouse/. [66]. “Robotics Industry in Germany,” Germany Trade & Inv",
"A Time to Act: Policies to Strengthen the US Robotics Industry | Reports & Briefings | Jul 18, 2025 | ITIF","January 1, 2018, https",//rodneybrookscom/my-dated-predictions/,,survey,unclear,1,pending_high_confidence,"January 1, 2018, https://rodneybrookscom/my-dated-predictions/. [7]. Joerg Mayer, “Robots and Industrialization: What Policies for Inclusive Growth?” (working paper, Group 24 and Friedrich-Ebert-Stiftung, New York, 2018), https://www.g24.org/wpcontent/uploads/2018/08/Mayer_-_Robots_and_industrialization.pdf. [8]. Atkinson, “Which Nations Really Lead in Industrial Robot Adoption?”; International Federation of Robotics (IFR), “Global Robotics Race: Korea, Singapore and Germany in the Lead,” news r",
"A Time to Act: Policies to Strengthen the US Robotics Industry | Reports & Briefings | Jul 18, 2025 | ITIF",KEY TAKEAWAYS Key Takeaways Contents Adoption and Production,Where the United States Stands 4 Other Nations’ Robotics Strategies and Policies 9 Introduction Robotics is the Rodney Dangerfield of technologies,,,unclear,0.91,pending_high_confidence,"A Time to Act: Policies to Strengthen the US Robotics Industry Robots are the future. It is time for Congress and the administration to take a number of straightforward and affordable steps to boost U.S. robotics innovation and adoption. KEY TAKEAWAYS Key Takeaways Contents Adoption and Production: Where the United States Stands 4 Other Nations’ Robotics Strategies and Policies 9 Introduction Robotics is the Rodney Dangerfield of technologies. Compared with artificial intelligence (AI), quantum,",
"A Time to Act: Policies to Strengthen the US Robotics Industry | Reports & Briefings | Jul 18, 2025 | ITIF",Made in the USA - Season 2 Episode 3,"The Robots Come Home,” Modern Machine Shop, February 21, 2023, https://www",,survey,unclear,1,pending_high_confidence,"January 1, 2018, https://rodneybrookscom/my-dated-predictions/. [7]. Joerg Mayer, “Robots and Industrialization: What Policies for Inclusive Growth?” (working paper, Group 24 and Friedrich-Ebert-Stiftung, New York, 2018), https://www.g24.org/wpcontent/uploads/2018/08/Mayer_-_Robots_and_industrialization.pdf. [8]. Atkinson, “Which Nations Really Lead in Industrial Robot Adoption?”; International Federation of Robotics (IFR), “Global Robotics Race: Korea, Singapore and Germany in the Lead,” news r",
"A Time to Act: Policies to Strengthen the US Robotics Industry | Reports & Briefings | Jul 18, 2025 | ITIF",Manufacturing Digitalization,Extent of Adoption and Recommendations for Increasing Penetration in Korea and the U,,,unclear,0.91,pending_high_confidence,"to decide whether to go with short-term consumer welfare benefits or long-term U.S. competitiveness, especially for strategic industries, including robotics. Second, it would be one thing if Chinese robotics producers were competing on a level playing field. But as ITIF showed in our Chinese robotics report, they are not.[90] Many of the companies receive significant subsidies from Chinese governments. There are also purchasing preferences for Chinese robotics enforced by the Chinese Communist P",
"A Time to Act: Policies to Strengthen the US Robotics Industry | Reports & Briefings | Jul 18, 2025 | ITIF","National Robotics Program, accessed July 14, 2025, https",//astar-nrp-prod,,survey,unclear,1,pending_high_confidence,"January 1, 2018, https://rodneybrookscom/my-dated-predictions/. [7]. Joerg Mayer, “Robots and Industrialization: What Policies for Inclusive Growth?” (working paper, Group 24 and Friedrich-Ebert-Stiftung, New York, 2018), https://www.g24.org/wpcontent/uploads/2018/08/Mayer_-_Robots_and_industrialization.pdf. [8]. Atkinson, “Which Nations Really Lead in Industrial Robot Adoption?”; International Federation of Robotics (IFR), “Global Robotics Race: Korea, Singapore and Germany in the Lead,” news r",
"A Time to Act: Policies to Strengthen the US Robotics Industry | Reports & Briefings | Jul 18, 2025 | ITIF","National Science Foundation, Annual Business Survey (Table 80","Use of robotics as a production technology for goods and services, by industry: 2020–22, accessed July 15, 2025), https://ncses",,survey,unclear,1,pending_high_confidence,"January 1, 2018, https://rodneybrookscom/my-dated-predictions/. [7]. Joerg Mayer, “Robots and Industrialization: What Policies for Inclusive Growth?” (working paper, Group 24 and Friedrich-Ebert-Stiftung, New York, 2018), https://www.g24.org/wpcontent/uploads/2018/08/Mayer_-_Robots_and_industrialization.pdf. [8]. Atkinson, “Which Nations Really Lead in Industrial Robot Adoption?”; International Federation of Robotics (IFR), “Global Robotics Race: Korea, Singapore and Germany in the Lead,” news r",
"A Time to Act: Policies to Strengthen the US Robotics Industry | Reports & Briefings | Jul 18, 2025 | ITIF",New Delhi,"METI, 2024), https://www",,survey,unclear,1,pending_high_confidence,"January 1, 2018, https://rodneybrookscom/my-dated-predictions/. [7]. Joerg Mayer, “Robots and Industrialization: What Policies for Inclusive Growth?” (working paper, Group 24 and Friedrich-Ebert-Stiftung, New York, 2018), https://www.g24.org/wpcontent/uploads/2018/08/Mayer_-_Robots_and_industrialization.pdf. [8]. Atkinson, “Which Nations Really Lead in Industrial Robot Adoption?”; International Federation of Robotics (IFR), “Global Robotics Race: Korea, Singapore and Germany in the Lead,” news r",
"A Time to Act: Policies to Strengthen the US Robotics Industry | Reports & Briefings | Jul 18, 2025 | ITIF",New National Purpose,"The UK’s Opportunity to Lead in Next-Wave Robotics” (Tony Blair Institute for Global Change, October 8, 2024), https://institute",,census,obtainable,1,pending_high_confidence,"University, Discussion paper series A No. 500, 2008), https://papers.ssrn.com/sol3/papers.cfm?abstract_id=3146975. [64]. “Robotics in Saudi Arabia: Leading the Tech Revolution,” Proven Robotics, April 9, 2024, https://provenrobotics.ai/robotics-in-saudi-arabia/. [65]. Bruno Zabeu, “Brazil: The Next Big Automation Powerhouse?” Universal Robots, June 30, 2023, https://www.universal-robots.com/blog/brazil-the-next-big-automation-powerhouse/. [66]. “Robotics Industry in Germany,” Germany Trade & Inv",
"A Time to Act: Policies to Strengthen the US Robotics Industry | Reports & Briefings | Jul 18, 2025 | ITIF",New Robot Strategy,"Japan’s Robot Strategy- Vision, Strategy, Action Plan (Tokyo, October 2015)",,survey,unclear,1,pending_high_confidence,"January 1, 2018, https://rodneybrookscom/my-dated-predictions/. [7]. Joerg Mayer, “Robots and Industrialization: What Policies for Inclusive Growth?” (working paper, Group 24 and Friedrich-Ebert-Stiftung, New York, 2018), https://www.g24.org/wpcontent/uploads/2018/08/Mayer_-_Robots_and_industrialization.pdf. [8]. Atkinson, “Which Nations Really Lead in Industrial Robot Adoption?”; International Federation of Robotics (IFR), “Global Robotics Race: Korea, Singapore and Germany in the Lead,” news r",
"A Time to Act: Policies to Strengthen the US Robotics Industry | Reports & Briefings | Jul 18, 2025 | ITIF",ogy should be charged with establishing an annual Robot Award with two categories,1) the most innovative new robotics technology developed in the United States and 2) the most effective robotics application in the United States,,,unclear,0.91,pending_high_confidence,"limited data to teach robots how to move, grasp and manipulate objects, understand directions, and recognize activity in different environments, such as households, factories, and sidewalks. Computer scientist Hans Peter Brondmo has argued that it will take deploying “many thousands, maybe even millions of robots doing stuff in the real world” to collect enough data to train them to do more than generally well-defined, narrow tasks.[79] NIST should work with the robotics industry (including firm",
"A Time to Act: Policies to Strengthen the US Robotics Industry | Reports & Briefings | Jul 18, 2025 | ITIF",Police Robots,"Policy Framework” (NYU Policing Project), https://share",,census,obtainable,1,pending_high_confidence,"University, Discussion paper series A No. 500, 2008), https://papers.ssrn.com/sol3/papers.cfm?abstract_id=3146975. [64]. “Robotics in Saudi Arabia: Leading the Tech Revolution,” Proven Robotics, April 9, 2024, https://provenrobotics.ai/robotics-in-saudi-arabia/. [65]. Bruno Zabeu, “Brazil: The Next Big Automation Powerhouse?” Universal Robots, June 30, 2023, https://www.universal-robots.com/blog/brazil-the-next-big-automation-powerhouse/. [66]. “Robotics Industry in Germany,” Germany Trade & Inv",
"A Time to Act: Policies to Strengthen the US Robotics Industry | Reports & Briefings | Jul 18, 2025 | ITIF",Robotics in Saudi Arabia,"Leading the Tech Revolution,” Proven Robotics, April 9, 2024, https://provenrobotics",,survey,unclear,1,pending_high_confidence,"January 1, 2018, https://rodneybrookscom/my-dated-predictions/. [7]. Joerg Mayer, “Robots and Industrialization: What Policies for Inclusive Growth?” (working paper, Group 24 and Friedrich-Ebert-Stiftung, New York, 2018), https://www.g24.org/wpcontent/uploads/2018/08/Mayer_-_Robots_and_industrialization.pdf. [8]. Atkinson, “Which Nations Really Lead in Industrial Robot Adoption?”; International Federation of Robotics (IFR), “Global Robotics Race: Korea, Singapore and Germany in the Lead,” news r",
"A Time to Act: Policies to Strengthen the US Robotics Industry | Reports & Briefings | Jul 18, 2025 | ITIF",Robotics in Saudi Arabia,"Leading the Tech Revolution,” Proven Robotics, April 9, 2024, https://provenrobotics",,census,obtainable,1,pending_high_confidence,"University, Discussion paper series A No. 500, 2008), https://papers.ssrn.com/sol3/papers.cfm?abstract_id=3146975. [64]. “Robotics in Saudi Arabia: Leading the Tech Revolution,” Proven Robotics, April 9, 2024, https://provenrobotics.ai/robotics-in-saudi-arabia/. [65]. Bruno Zabeu, “Brazil: The Next Big Automation Powerhouse?” Universal Robots, June 30, 2023, https://www.universal-robots.com/blog/brazil-the-next-big-automation-powerhouse/. [66]. “Robotics Industry in Germany,” Germany Trade & Inv",
"A Time to Act: Policies to Strengthen the US Robotics Industry | Reports & Briefings | Jul 18, 2025 | ITIF","Robotics Institute Germany, accessed July 15, 2025, https",//robotics-institute-germany,,survey,unclear,1,pending_high_confidence,"January 1, 2018, https://rodneybrookscom/my-dated-predictions/. [7]. Joerg Mayer, “Robots and Industrialization: What Policies for Inclusive Growth?” (working paper, Group 24 and Friedrich-Ebert-Stiftung, New York, 2018), https://www.g24.org/wpcontent/uploads/2018/08/Mayer_-_Robots_and_industrialization.pdf. [8]. Atkinson, “Which Nations Really Lead in Industrial Robot Adoption?”; International Federation of Robotics (IFR), “Global Robotics Race: Korea, Singapore and Germany in the Lead,” news r",
"A Time to Act: Policies to Strengthen the US Robotics Industry | Reports & Briefings | Jul 18, 2025 | ITIF",Robotics Research,"How Asia, Europe and America Invest,” news release, February 11, 2025, https://ifr",,survey,unclear,1,pending_high_confidence,"January 1, 2018, https://rodneybrookscom/my-dated-predictions/. [7]. Joerg Mayer, “Robots and Industrialization: What Policies for Inclusive Growth?” (working paper, Group 24 and Friedrich-Ebert-Stiftung, New York, 2018), https://www.g24.org/wpcontent/uploads/2018/08/Mayer_-_Robots_and_industrialization.pdf. [8]. Atkinson, “Which Nations Really Lead in Industrial Robot Adoption?”; International Federation of Robotics (IFR), “Global Robotics Race: Korea, Singapore and Germany in the Lead,” news r",
"A Time to Act: Policies to Strengthen the US Robotics Industry | Reports & Briefings | Jul 18, 2025 | ITIF",Robots and Industrialization,"What Policies for Inclusive Growth?” (working paper, Group 24 and Friedrich-Ebert-Stiftung, New York, 2018), https://www",,,unclear,0.91,pending_high_confidence,"to decide whether to go with short-term consumer welfare benefits or long-term U.S. competitiveness, especially for strategic industries, including robotics. Second, it would be one thing if Chinese robotics producers were competing on a level playing field. But as ITIF showed in our Chinese robotics report, they are not.[90] Many of the companies receive significant subsidies from Chinese governments. There are also purchasing preferences for Chinese robotics enforced by the Chinese Communist P",
"A Time to Act: Policies to Strengthen the US Robotics Industry | Reports & Briefings | Jul 18, 2025 | ITIF",Robots and Industrialization,"What Policies for Inclusive Growth?” (working paper, Group 24 and Friedrich-Ebert-Stiftung, New York, 2018), https://www",,survey,unclear,1,pending_high_confidence,"January 1, 2018, https://rodneybrookscom/my-dated-predictions/. [7]. Joerg Mayer, “Robots and Industrialization: What Policies for Inclusive Growth?” (working paper, Group 24 and Friedrich-Ebert-Stiftung, New York, 2018), https://www.g24.org/wpcontent/uploads/2018/08/Mayer_-_Robots_and_industrialization.pdf. [8]. Atkinson, “Which Nations Really Lead in Industrial Robot Adoption?”; International Federation of Robotics (IFR), “Global Robotics Race: Korea, Singapore and Germany in the Lead,” news r",
"A Time to Act: Policies to Strengthen the US Robotics Industry | Reports & Briefings | Jul 18, 2025 | ITIF",Robots on Sale,"The Effect of Tax Policy on Robot Adoption and Employment,”The Research Institute of Economy, Trade and Industry (April 2024), https://www",,census,obtainable,1,pending_high_confidence,"University, Discussion paper series A No. 500, 2008), https://papers.ssrn.com/sol3/papers.cfm?abstract_id=3146975. [64]. “Robotics in Saudi Arabia: Leading the Tech Revolution,” Proven Robotics, April 9, 2024, https://provenrobotics.ai/robotics-in-saudi-arabia/. [65]. Bruno Zabeu, “Brazil: The Next Big Automation Powerhouse?” Universal Robots, June 30, 2023, https://www.universal-robots.com/blog/brazil-the-next-big-automation-powerhouse/. [66]. “Robotics Industry in Germany,” Germany Trade & Inv",
"A Time to Act: Policies to Strengthen the US Robotics Industry | Reports & Briefings | Jul 18, 2025 | ITIF","Rodney Brooks, January 1, 2018, https",//rodneybrookscom/my-dated-predictions/,,,unclear,0.91,pending_high_confidence,"to decide whether to go with short-term consumer welfare benefits or long-term U.S. competitiveness, especially for strategic industries, including robotics. Second, it would be one thing if Chinese robotics producers were competing on a level playing field. But as ITIF showed in our Chinese robotics report, they are not.[90] Many of the companies receive significant subsidies from Chinese governments. There are also purchasing preferences for Chinese robotics enforced by the Chinese Communist P",
"A Time to Act: Policies to Strengthen the US Robotics Industry | Reports & Briefings | Jul 18, 2025 | ITIF",s Economy,"Long Waves of Innovation that Drive Cycles of Growth March 11, 2024 How Innovative Is China in the Robotics Industry? November 19, 2018 Which Nations Really Lead in Industrial Robot Adoption? January 10, 2015 @Work Series: Employment in the Innovation Economy August 13, 2018 Manufacturing Digitalization: Extent of Adoption and Recommendations for Increasing Penetration in Korea and the U",,census,obtainable,1,pending_high_confidence,"University, Discussion paper series A No. 500, 2008), https://papers.ssrn.com/sol3/papers.cfm?abstract_id=3146975. [64]. “Robotics in Saudi Arabia: Leading the Tech Revolution,” Proven Robotics, April 9, 2024, https://provenrobotics.ai/robotics-in-saudi-arabia/. [65]. Bruno Zabeu, “Brazil: The Next Big Automation Powerhouse?” Universal Robots, June 30, 2023, https://www.universal-robots.com/blog/brazil-the-next-big-automation-powerhouse/. [66]. “Robotics Industry in Germany,” Germany Trade & Inv",
"A Time to Act: Policies to Strengthen the US Robotics Industry | Reports & Briefings | Jul 18, 2025 | ITIF",s Economy,Long Waves of Innovation that Power Cycles of Growth (Washington D,,,unclear,0.91,pending_high_confidence,"to decide whether to go with short-term consumer welfare benefits or long-term U.S. competitiveness, especially for strategic industries, including robotics. Second, it would be one thing if Chinese robotics producers were competing on a level playing field. But as ITIF showed in our Chinese robotics report, they are not.[90] Many of the companies receive significant subsidies from Chinese governments. There are also purchasing preferences for Chinese robotics enforced by the Chinese Communist P",
"A Time to Act: Policies to Strengthen the US Robotics Industry | Reports & Briefings | Jul 18, 2025 | ITIF",s MEP) explained,"In some areas like smart sensors or robotics, the cost has been reduced by as much as 80 percent even over the past three years; what was costing in the area of $750,000 three years ago might be closer to $100,000 today",,survey,unclear,1,pending_high_confidence,"As Mike Coast and Bob Lyscas of the Michigan Manufacturing Technology Center (Michigan’s MEP) explained: In some areas like smart sensors or robotics, the cost has been reduced by as much as 80 percent even over the past three years; what was costing in the area of $750,000 three years ago might be closer to $100,000 today. That lower cost is accelerating return on investment (ROI). For a 150–200 person-size company, we’re seeing ROI within 1.2–2 years and on the larger size firms (200–500 emplo",
"A Time to Act: Policies to Strengthen the US Robotics Industry | Reports & Briefings | Jul 18, 2025 | ITIF",s MEP) explained,"In some areas like smart sensors or robotics, the cost has been reduced by as much as 80 percent even over the past three years; what was costing in the area of $750,000 three years ago might be closer to $100,000 today",,,unclear,0.91,pending_high_confidence,"A Time to Act: Policies to Strengthen the US Robotics Industry Robots are the future. It is time for Congress and the administration to take a number of straightforward and affordable steps to boost U.S. robotics innovation and adoption. KEY TAKEAWAYS Key Takeaways Contents Adoption and Production: Where the United States Stands 4 Other Nations’ Robotics Strategies and Policies 9 Introduction Robotics is the Rodney Dangerfield of technologies. Compared with artificial intelligence (AI), quantum,",
"A Time to Act: Policies to Strengthen the US Robotics Industry | Reports & Briefings | Jul 18, 2025 | ITIF",s Robotics Industry,"Modernize or Perish,” Asian Robotics Review, 2025, https://asianroboticsreview",,census,obtainable,1,pending_high_confidence,"University, Discussion paper series A No. 500, 2008), https://papers.ssrn.com/sol3/papers.cfm?abstract_id=3146975. [64]. “Robotics in Saudi Arabia: Leading the Tech Revolution,” Proven Robotics, April 9, 2024, https://provenrobotics.ai/robotics-in-saudi-arabia/. [65]. Bruno Zabeu, “Brazil: The Next Big Automation Powerhouse?” Universal Robots, June 30, 2023, https://www.universal-robots.com/blog/brazil-the-next-big-automation-powerhouse/. [66]. “Robotics Industry in Germany,” Germany Trade & Inv",
"A Time to Act: Policies to Strengthen the US Robotics Industry | Reports & Briefings | Jul 18, 2025 | ITIF",These include seven major areas,"Better Data, Analytics, and Evidence The United States government needs enhanced capabilities to better understand the robotics industry nationally and internationally",,census,obtainable,1,pending_high_confidence,"an ideal candidate for a moonshot because successful development requires advancement in a host of related technologies, including AI, machine vision, batteries, touch sensing, speech recognition, and others. And while there are many different kinds of robots for many different kinds of applications, one application that would be an ideal candidate for a moon shot would be a household assistance robot. Such a robot could help people, including the elderly, by doing tasks such as washing dishes, ",
"A Time to Act: Policies to Strengthen the US Robotics Industry | Reports & Briefings | Jul 18, 2025 | ITIF",Time to Act,Policies to Strengthen the US Robotics Industry Robots are the future,,,unclear,0.91,pending_high_confidence,"A Time to Act: Policies to Strengthen the US Robotics Industry Robots are the future. It is time for Congress and the administration to take a number of straightforward and affordable steps to boost U.S. robotics innovation and adoption. KEY TAKEAWAYS Key Takeaways Contents Adoption and Production: Where the United States Stands 4 Other Nations’ Robotics Strategies and Policies 9 Introduction Robotics is the Rodney Dangerfield of technologies. Compared with artificial intelligence (AI), quantum,",
"A Time to Act: Policies to Strengthen the US Robotics Industry | Reports & Briefings | Jul 18, 2025 | ITIF","Trade Data, UN Comtrade Database, https",//comtradeplus,,survey,unclear,1,pending_high_confidence,"January 1, 2018, https://rodneybrookscom/my-dated-predictions/. [7]. Joerg Mayer, “Robots and Industrialization: What Policies for Inclusive Growth?” (working paper, Group 24 and Friedrich-Ebert-Stiftung, New York, 2018), https://www.g24.org/wpcontent/uploads/2018/08/Mayer_-_Robots_and_industrialization.pdf. [8]. Atkinson, “Which Nations Really Lead in Industrial Robot Adoption?”; International Federation of Robotics (IFR), “Global Robotics Race: Korea, Singapore and Germany in the Lead,” news r",
"A Time to Act: Policies to Strengthen the US Robotics Industry | Reports & Briefings | Jul 18, 2025 | ITIF",ty to the Secretary of Defense states that leading Chinese robotics maker Unitree,"has participated in military-civil fusion programs, received PRC state funding… Unitree’s CEO Xingxing Wang appeared in a February 2025 closed-door CCP meeting with General Secretary Xi Jinping, seated in a top-ranking position",,,unclear,0.91,pending_high_confidence,"to decide whether to go with short-term consumer welfare benefits or long-term U.S. competitiveness, especially for strategic industries, including robotics. Second, it would be one thing if Chinese robotics producers were competing on a level playing field. But as ITIF showed in our Chinese robotics report, they are not.[90] Many of the companies receive significant subsidies from Chinese governments. There are also purchasing preferences for Chinese robotics enforced by the Chinese Communist P",
"A Time to Act: Policies to Strengthen the US Robotics Industry | Reports & Briefings | Jul 18, 2025 | ITIF",Work Series,"Employment in the Innovation Economy” (ITIF), https://itif",,,unclear,0.91,pending_high_confidence,"to decide whether to go with short-term consumer welfare benefits or long-term U.S. competitiveness, especially for strategic industries, including robotics. Second, it would be one thing if Chinese robotics producers were competing on a level playing field. But as ITIF showed in our Chinese robotics report, they are not.[90] Many of the companies receive significant subsidies from Chinese governments. There are also purchasing preferences for Chinese robotics enforced by the Chinese Communist P",
"A Time to Act: Policies to Strengthen the US Robotics Industry | Reports & Briefings | Jul 18, 2025 | ITIF","Worldwide Tax Summaries, June 29, 2025, https",//taxsummaries,,survey,unclear,1,pending_high_confidence,"January 1, 2018, https://rodneybrookscom/my-dated-predictions/. [7]. Joerg Mayer, “Robots and Industrialization: What Policies for Inclusive Growth?” (working paper, Group 24 and Friedrich-Ebert-Stiftung, New York, 2018), https://www.g24.org/wpcontent/uploads/2018/08/Mayer_-_Robots_and_industrialization.pdf. [8]. Atkinson, “Which Nations Really Lead in Industrial Robot Adoption?”; International Federation of Robotics (IFR), “Global Robotics Race: Korea, Singapore and Germany in the Lead,” news r",
"A Time to Act: Policies to Strengthen the US Robotics Industry | Reports & Briefings | Jul 18, 2025 | ITIF",Worse than the Great Depression,What the Experts Are Missing About American Manufacturing Decline,,census,obtainable,1,pending_high_confidence,"University, Discussion paper series A No. 500, 2008), https://papers.ssrn.com/sol3/papers.cfm?abstract_id=3146975. [64]. “Robotics in Saudi Arabia: Leading the Tech Revolution,” Proven Robotics, April 9, 2024, https://provenrobotics.ai/robotics-in-saudi-arabia/. [65]. Bruno Zabeu, “Brazil: The Next Big Automation Powerhouse?” Universal Robots, June 30, 2023, https://www.universal-robots.com/blog/brazil-the-next-big-automation-powerhouse/. [66]. “Robotics Industry in Germany,” Germany Trade & Inv",
"Business demography, UK - Office for National Statistics",Download this table Table 1,Business birth and death rates,,Inter-Departmental Business Register (IDBR) from the Office for National Statistics Download this chart Figure 1: Birth and death rates of businesses Image,unclear,0.54,needs_review,"Table of contents - Main points - Business birth and death rates, 2019 to 2024 - Industries with the highest business birth and death rates - Regions with the highest business births and deaths - Five year survival rates - High-growth businesses in the UK - Data on Business demography, UK - Glossary - Data sources and quality - Related links - Cite this statistical bulletin 1. Main points The number of UK business births increased from 316,000 to 317,000 between 2023 and 2024; this has led to a ",
"Business demography, UK - Office for National Statistics",Download this table Table 2,Birth and death rates by broad industry group,,,unclear,0.54,needs_review,"administration and support services | 267 | 39 | 14.4 | 36 | 13.5 | || | Education | 49 | 5 | 10.6 | 4 | 7.5 | || | Health | 125 | 12 | 9.4 | 8 | 6.5 | || | Arts; entertainment; recreation and other services | 207 | 20 | 9.7 | 17 | 8.4 | || | Total | 2,860 | 317 | 11.1 | 280 | 9.8 | Download this table Table 2: Birth and death rates by broad industry group .xls .csvEmployer Demography Births and deaths of businesses can also be measured by employer demography. This measure not only shows the num",
"Business demography, UK - Office for National Statistics",Download this table Table 2,Birth and death rates by broad industry group,,Inter-Departmental Business Register (IDBR) from the Office for National Statistics Download this chart Figure 1: Birth and death rates of businesses Image,unclear,0.54,needs_review,"Table of contents - Main points - Business birth and death rates, 2019 to 2024 - Industries with the highest business birth and death rates - Regions with the highest business births and deaths - Five year survival rates - High-growth businesses in the UK - Data on Business demography, UK - Glossary - Data sources and quality - Related links - Cite this statistical bulletin 1. Main points The number of UK business births increased from 316,000 to 317,000 between 2023 and 2024; this has led to a ",
"Business demography, UK - Office for National Statistics",Download this table Table 3,Comparison of business births by industry and employee size bands,,,unclear,0.54,needs_review,"administration and support services | 267 | 39 | 14.4 | 36 | 13.5 | || | Education | 49 | 5 | 10.6 | 4 | 7.5 | || | Health | 125 | 12 | 9.4 | 8 | 6.5 | || | Arts; entertainment; recreation and other services | 207 | 20 | 9.7 | 17 | 8.4 | || | Total | 2,860 | 317 | 11.1 | 280 | 9.8 | Download this table Table 2: Birth and death rates by broad industry group .xls .csvEmployer Demography Births and deaths of businesses can also be measured by employer demography. This measure not only shows the num",
"Business demography, UK - Office for National Statistics",Download this table Table 4,Comparison of business deaths by industry and employee size bands,,,unclear,0.54,needs_review,"administration and support services | 267 | 39 | 14.4 | 36 | 13.5 | || | Education | 49 | 5 | 10.6 | 4 | 7.5 | || | Health | 125 | 12 | 9.4 | 8 | 6.5 | || | Arts; entertainment; recreation and other services | 207 | 20 | 9.7 | 17 | 8.4 | || | Total | 2,860 | 317 | 11.1 | 280 | 9.8 | Download this table Table 2: Birth and death rates by broad industry group .xls .csvEmployer Demography Births and deaths of businesses can also be measured by employer demography. This measure not only shows the num",
"Business demography, UK - Office for National Statistics",Download this table Table 5,Birth and death rates by region,,Inter-Departmental Business Register (IDBR) from the Office for National Statistics Download this chart Figure 2: The five-year survival rate for UK businesses born in 2019 is 38,unclear,0.54,needs_review,"595 | 76 | 12.7 | 61 | 10.3 | | South East | 431 | 43 | 10.0 | 39 | 9.1 | | South West | 233 | 22 | 9.6 | 21 | 9.1 | | Wales | 100 | 10 | 10.1 | 10 | 9.6 | | Scotland | 172 | 18 | 10.7 | 16 | 9.4 | | Northern Ireland | 66 | 6 | 9.5 | 5 | 7.3 | | Total | 2,860 | 317 | 11.1 | 280 | 9.8 | Download this table Table 5: Birth and death rates by region .xls .csv5. Five year survival rates The five-year survival rates show the percentage of businesses born in 2019 that survived into 2024. The region wit",
"Business demography, UK - Office for National Statistics",Download this table Table 5,Birth and death rates,,,unclear,0.54,needs_review,"administration and support services | 267 | 39 | 14.4 | 36 | 13.5 | || | Education | 49 | 5 | 10.6 | 4 | 7.5 | || | Health | 125 | 12 | 9.4 | 8 | 6.5 | || | Arts; entertainment; recreation and other services | 207 | 20 | 9.7 | 17 | 8.4 | || | Total | 2,860 | 317 | 11.1 | 280 | 9.8 | Download this table Table 2: Birth and death rates by broad industry group .xls .csvEmployer Demography Births and deaths of businesses can also be measured by employer demography. This measure not only shows the num",
"Business demography, UK - Office for National Statistics",Download this table Table 6,High growth rates by region,,Inter-Departmental Business Register (IDBR) from the Office for National Statistics Download this chart Figure 2: The five-year survival rate for UK businesses born in 2019 is 38,unclear,0.54,needs_review,"595 | 76 | 12.7 | 61 | 10.3 | | South East | 431 | 43 | 10.0 | 39 | 9.1 | | South West | 233 | 22 | 9.6 | 21 | 9.1 | | Wales | 100 | 10 | 10.1 | 10 | 9.6 | | Scotland | 172 | 18 | 10.7 | 16 | 9.4 | | Northern Ireland | 66 | 6 | 9.5 | 5 | 7.3 | | Total | 2,860 | 317 | 11.1 | 280 | 9.8 | Download this table Table 5: Birth and death rates by region .xls .csv5. Five year survival rates The five-year survival rates show the percentage of businesses born in 2019 that survived into 2024. The region wit",
"Business demography, UK - Office for National Statistics",Download this table Table 7,High growth rates by broad industry group,,Inter-Departmental Business Register (IDBR) from the Office for National Statistics Download this chart Figure 2: The five-year survival rate for UK businesses born in 2019 is 38,unclear,0.54,needs_review,"595 | 76 | 12.7 | 61 | 10.3 | | South East | 431 | 43 | 10.0 | 39 | 9.1 | | South West | 233 | 22 | 9.6 | 21 | 9.1 | | Wales | 100 | 10 | 10.1 | 10 | 9.6 | | Scotland | 172 | 18 | 10.7 | 16 | 9.4 | | Northern Ireland | 66 | 6 | 9.5 | 5 | 7.3 | | Total | 2,860 | 317 | 11.1 | 280 | 9.8 | Download this table Table 5: Birth and death rates by region .xls .csv5. Five year survival rates The five-year survival rates show the percentage of businesses born in 2019 that survived into 2024. The region wit",
"Business demography, UK - Office for National Statistics","esses in the UK, by geographical area and Standard Industrial Classification 2007",SIC 2007 groups,,Inter-Departmental Business Register (IDBR) from the Office for National Statistics Download this chart Figure 2: The five-year survival rate for UK businesses born in 2019 is 38,unclear,0.54,needs_review,"595 | 76 | 12.7 | 61 | 10.3 | | South East | 431 | 43 | 10.0 | 39 | 9.1 | | South West | 233 | 22 | 9.6 | 21 | 9.1 | | Wales | 100 | 10 | 10.1 | 10 | 9.6 | | Scotland | 172 | 18 | 10.7 | 16 | 9.4 | | Northern Ireland | 66 | 6 | 9.5 | 5 | 7.3 | | Total | 2,860 | 317 | 11.1 | 280 | 9.8 | Download this table Table 5: Birth and death rates by region .xls .csv5. Five year survival rates The five-year survival rates show the percentage of businesses born in 2019 that survived into 2024. The region wit",
"Business demography, UK - Office for National Statistics",Figure 1,"Birth and death rates of businesses UK, 2019 to 2024 Source: Inter-Departmental Business Register (IDBR) from the Office for National Statistics Download this chart Figure 1: Birth and death rates of businesses Image",,Inter-Departmental Business Register (IDBR) from the Office for National Statistics Download this chart Figure 1: Birth and death rates of businesses Image,unclear,0.54,needs_review,"Table of contents - Main points - Business birth and death rates, 2019 to 2024 - Industries with the highest business birth and death rates - Regions with the highest business births and deaths - Five year survival rates - High-growth businesses in the UK - Data on Business demography, UK - Glossary - Data sources and quality - Related links - Cite this statistical bulletin 1. Main points The number of UK business births increased from 316,000 to 317,000 between 2023 and 2024; this has led to a ",
"Business demography, UK - Office for National Statistics",Figure 2,The five-year survival rate for UK businesses born in 2019 is 38,,Inter-Departmental Business Register (IDBR) from the Office for National Statistics Download this chart Figure 2: The five-year survival rate for UK businesses born in 2019 is 38,unclear,0.54,needs_review,"595 | 76 | 12.7 | 61 | 10.3 | | South East | 431 | 43 | 10.0 | 39 | 9.1 | | South West | 233 | 22 | 9.6 | 21 | 9.1 | | Wales | 100 | 10 | 10.1 | 10 | 9.6 | | Scotland | 172 | 18 | 10.7 | 16 | 9.4 | | Northern Ireland | 66 | 6 | 9.5 | 5 | 7.3 | | Total | 2,860 | 317 | 11.1 | 280 | 9.8 | Download this table Table 5: Birth and death rates by region .xls .csv5. Five year survival rates The five-year survival rates show the percentage of businesses born in 2019 that survived into 2024. The region wit",
"Business demography, UK - Office for National Statistics",Survival rates of UK businesses born between 2019 and 2023,Inter-Departmental Business Register (IDBR) from the Office for National Statistics Download this chart Figure 2: The five-year survival rate for UK businesses born in 2019 is 38,,Inter-Departmental Business Register (IDBR) from the Office for National Statistics Download this chart Figure 2: The five-year survival rate for UK businesses born in 2019 is 38,unclear,0.54,needs_review,"595 | 76 | 12.7 | 61 | 10.3 | | South East | 431 | 43 | 10.0 | 39 | 9.1 | | South West | 233 | 22 | 9.6 | 21 | 9.1 | | Wales | 100 | 10 | 10.1 | 10 | 9.6 | | Scotland | 172 | 18 | 10.7 | 16 | 9.4 | | Northern Ireland | 66 | 6 | 9.5 | 5 | 7.3 | | Total | 2,860 | 317 | 11.1 | 280 | 9.8 | Download this table Table 5: Birth and death rates by region .xls .csv5. Five year survival rates The five-year survival rates show the percentage of businesses born in 2019 that survived into 2024. The region wit",
"Business enterprise research and development, UK - Office for National Statistics",n be found in our Update on transformation of research and development statistics,November 2023 article,,official statistics,obtainable,1,needs_review,"1. Main points In current prices, expenditure on research and development (R&D) performed by UK businesses was £55.6 billion in 2024, an increase of £2.4 billion compared with 2023 (4.5%). The software development product group made the largest contribution to the total of business R&D performed in 2024, with £10.3 billion (18.5% of total R&D performed by UK businesses). London had the largest value of business R&D performed in 2024, which was £13.3 billion (24.0%), followed by the East of Engla",
FinTech in ASEAN 2023: Seeding the Green Transition,Alternative lending and insurtech lead funding numbers,"Tracxn, as at 30 September 2023, accessed on 4 October 2023 Figure 7 | Funding breakdown by FinTech categories, 2022 vs YTD 2023 Payments Cryptocurrencies Alternative Lending Banking Tech Investment Tech Blockchain in Financial Services RegTech Finance and Accounting Tech InsurTech 17% 8% 28% 48% 16% 15% 12% 5% 1% 4% 15% 33% 10% 2% 3% 84% 67% 31% 2% ASEAN-6 Total YTD 2023 US$1",,,unclear,0.96,pending_high_confidence,"For the ﬁrst time, alternative lending ﬁrms raised the most funding, receiving almost a third of total ASEAN-6 investments with US$408 million. Both alternative lending and insurtech ﬁrms buck the decline in funding for YTD 2023 by exceeding their total funding amounts for 2022, in part due to the mega deals led by Kredivo, Bolttech and Advance Intelligence Group. Payments declined by 24 percentage points, rounding up the top three at US$186 million. Alternative lending and insurtech lead fundin",9
FinTech in ASEAN 2023: Seeding the Green Transition,B FY2022,US$107B Rest of the world US$3,,"Tracxn, as at 30 September 2023, accessed on 4 October 2023 Figure 2 | Global FinTech funding split by region, 2019 - YTD 2023 Total funding amount YTD 2023: US$43",unclear,1,pending_high_confidence,"Global FinTech funding experienced a decline as high interest rates and uncertain economic conditions persisted in 2023. The US$44 billion received to date has yet to surpass 2020’s FY funding of US$58 billion. Global FinTech funding plunges after two-year highs Investments in ASEAN-6 declined sharply by 75 per cent, while its share of total FinTech funding dropped by two percentage points to 3 per cent this year. Figure 1 | Global FinTech funding trends, YTD 2023 Source: Tracxn, as at 30 Septem",6
FinTech in ASEAN 2023: Seeding the Green Transition,"bility Reporting Guide is also issued by Bursa Malaysia (BM), with three editions","in 2015, 2018 and then in 2022",,,unclear,0.91,pending_high_confidence,"In Malaysia, ESG reporting is required as a listing rule at the end of a ﬁnancial year, for example, to disclose narrative statements of the management of economic, environmental, and social risks and opportunities in annual reports. The Sustainability Reporting Guide is also issued by Bursa Malaysia (BM), with three editions: in 2015, 2018 and then in 2022. Furthermore, the Securities Commission Malaysia (SC) has also included guidance to strengthen instances of board oversight and the integrat",35
FinTech in ASEAN 2023: Seeding the Green Transition,"cer, Amartha Amartha Category",Microﬁnancing Country: Indonesia Page 25 FinTech in ASEAN 2023,,,unclear,0.91,pending_high_confidence,"A peer-to-peer lending marketplace for impact investors, Amartha aims to serve the underserved segments and considers sustainability initiatives to be a key component of corporate risk management. The Indonesia-based ﬁrm has also set a sustainability goal of creating shared prosperity by carrying out ethical lending practices, promoting sustainable ﬁnancing, and supporting women's empowerment. An opportunity to support green demand Sustainable ﬁnancing has risen, partly due to an increase in awa",27
FinTech in ASEAN 2023: Seeding the Green Transition,Daya Selaras and STACS,"Easing ESG reporting A large packaging manufacturer in Indonesia, Daya Selaras Group places sustainability at the heart of its business",,,unclear,0.91,pending_high_confidence,"As one of Asia’s leading ESG registries, STACS helps companies comply with ESG regulations by allowing companies to report simpliﬁed ESG metrics and automatically calculate their carbon emissions in line with the GHG protocol. This is crucial for impact reporting and monitoring, besides ensuring green integrity and providing signiﬁcant time savings. Speciﬁcally, STACS’ ESGpedia platform is designed to accelerate the sustainability transition for businesses and SMEs across Asia, providing the ESC",22
FinTech in ASEAN 2023: Seeding the Green Transition,"erthatasilp Co-founder and CEO, Carbonwize Carbonwize (formerly cWallet) Category",Carbon services Country: Thailand Page 23 FinTech in ASEAN 2023,,,unclear,0.96,pending_high_confidence,"Carbonwize is a platform that allows companies to perform carbon accounting, enabling real-time carbon tracking which is the tracking of carbon emissions down to the life cycle of a product. By integrating directly with a company’s database system i.e. Enterprise Resource Planning (ERP), businesses can automate the calculation of their carbon footprint with the embedded calculator that pulls data from their ERP system. Companies can tap this automated solution to monitor and report their emissio",25
FinTech in ASEAN 2023: Seeding the Green Transition,"Fabian Reusch Managing Director, HydroNeo Category",Data collection Country: Thailand HydroNeo Page 22 FinTech in ASEAN 2023,,,unclear,0.91,pending_high_confidence,"As the Green FinTech space is still nascent, not many businesses may be aware about how GreenTechs and Green FinTechs can help them. We spoke with a few start-ups in this space to understand more about how they are supporting the green transition. HydroNeo helps shrimp farmers in Asia by making their operations more efﬁcient, productive, and sustainable with its farm-embedded IoT Smart Farm System for aquaculture, while expanding their product and service offerings to digitalise the whole value ",24
FinTech in ASEAN 2023: Seeding the Green Transition,For more information visit https,//singaporeﬁntech,,,unclear,0.91,pending_high_confidence,"About The SFA is a cross-industry non-proﬁt organisation. Its purpose is to support the development of the FinTech industry in Singapore and facilitate collaboration among the participants and stakeholders. The SFA is a member-based organisation with over 800+ members. It represents the full range of stakeholders in the FinTech industry, from early-stage innovative companies to large ﬁnancial players and service providers. To further its purpose, the SFA also partners with institutions and assoc",45
FinTech in ASEAN 2023: Seeding the Green Transition,"Global FinTech funding trends, YTD 2023","Tracxn, as at 30 September 2023, accessed on 4 October 2023 Source: Tracxn, as at 30 September 2023, accessed on 4 October 2023 Figure 2 | Global FinTech funding split by region, 2019 - YTD 2023 Total funding amount YTD 2023: US$43",,"Tracxn, as at 30 September 2023, accessed on 4 October 2023 Figure 2 | Global FinTech funding split by region, 2019 - YTD 2023 Total funding amount YTD 2023: US$43",unclear,1,pending_high_confidence,"Global FinTech funding experienced a decline as high interest rates and uncertain economic conditions persisted in 2023. The US$44 billion received to date has yet to surpass 2020’s FY funding of US$58 billion. Global FinTech funding plunges after two-year highs Investments in ASEAN-6 declined sharply by 75 per cent, while its share of total FinTech funding dropped by two percentage points to 3 per cent this year. Figure 1 | Global FinTech funding trends, YTD 2023 Source: Tracxn, as at 30 Septem",6
FinTech in ASEAN 2023: Seeding the Green Transition,"Grace Sai Co-founder and CEO, Unravel Carbon Unravel Carbon Category",Carbon services Country: Singapore Page 24 FinTech in ASEAN 2023,,,unclear,0.91,pending_high_confidence,"Unravel Carbon is a company that utilises artiﬁcial intelligence and data science to simplify and streamline the carbon accounting and decarbonisation process. Its strength lies in its focus on Scope 3 emissions, which tends to be a signiﬁcant endeavour for most companies at this stage. Additionally, Unravel Carbon enables its customers to onboard their suppliers on the platform. This helps improve traceability and transparency across the whole value chain, improving the quality of Scope 3 emiss",26
FinTech in ASEAN 2023: Seeding the Green Transition,ices Capital goods Leased assests Employee commuting Calculating carbon emissions,"What are Scopes 1, 2 and 3? The Greenhouse Gas Protocol (GHG Protocol) is the most commonly used framework to measure GHG emissions, which are further categorised into Scope 1 (direct emissions from company facilities and company vehicles), Scope 2 (indirect emissions from purchased energy), and Scope 3 (indirect emissions from upstream and downstream activities)5",,,unclear,0.91,pending_high_confidence,"Figure 10 | A reporting company needs to calculate not just its own direct emissions, but also its indirect emissions, including from its value chain Indirect emissions from the value chain typically make up 90% of a company’s emissions Scope 3 Upstream Scope 2 Indirect emissions Purchased energy Direct emissions Scope 1 Reporting company Company facilities Company vehicles Raw materials Pre-processing Downstream Distribution & storage Use of products End-of-life Transportation & distribution En",17
FinTech in ASEAN 2023: Seeding the Green Transition,Important notice and disclaimers,This publication is for general information and discussion only,,forecast,unclear,1,pending_high_confidence,"Important notice and disclaimers: This publication is for general information and discussion only. It does not constitute an offer, an invitation to offer, a solicitation or a recommendation to enter into or conclude any transaction and shall not be copied or relied on by anyone. Nothing in this document constitutes accounting, legal, regulatory, tax, ﬁnancial or other advice. The information contained in this publication, including any data, projections and underlying assumptions, are based on ",46
FinTech in ASEAN 2023: Seeding the Green Transition,of deals Pre-Series,"Angel and Seed rounds Early Stage : Series A and B Late Stage : Series C and beyond Sum of funding amount # of deals Figure 4 | ASEAN-6 quarter-on-quarter funding trends, 1Q 2022 - 3Q 2023 1Q22 1",,,unclear,0.96,pending_high_confidence,"Funding for YTD 2023 clocked US$1.3 billion, the region’s lowest since 2020. The number of deals dropped by more than 50 per cent (94 vs 193 year-on-year), with the average deal size slumping to pre-COVID levels (US$13.5 million in YTD 2023 vs US$9 million in 2019). Both the funding amount and number of deals have been falling quarter-on-quarter since 3Q 2022 (see Figure 4). Investments into early stage ﬁrms made up half the total FinTech funding in YTD 2023. Investors whom we spoke to cited new",7
FinTech in ASEAN 2023: Seeding the Green Transition,Portfolio companies include GoTo (IDX,"GOTO), Appier (TSE: 4180), Carro, Ajaib, Fazz, Shipper, Tonik, Flip, Super, and many other technology market leaders",,,unclear,0.91,pending_high_confidence,"Weisheng Neo Partner, Qualgro Qualgro is a leading tech venture capital (VC) ﬁrm in Southeast Asia, in areas such as Data, AI, and Software. We invest across Southeast Asia, mainly at Series A and B. Liu Gen Ping Partner, Vertex Ventures Vertex Ventures Southeast Asia and India invests in high-growth startups seeking their ﬁrst round of institutional venture capital funding in Southeast Asia and India, with a primary focus on Singapore, India, Indonesia, Thailand and other emerging hubs of innov",41
FinTech in ASEAN 2023: Seeding the Green Transition,Seeds of change,Opportunities in the making Farmers often miss access to meaningful technology and insights to the latest industry research,,,unclear,0.91,pending_high_confidence,"As the Green FinTech space is still nascent, not many businesses may be aware about how GreenTechs and Green FinTechs can help them. We spoke with a few start-ups in this space to understand more about how they are supporting the green transition. HydroNeo helps shrimp farmers in Asia by making their operations more efﬁcient, productive, and sustainable with its farm-embedded IoT Smart Farm System for aquaculture, while expanding their product and service offerings to digitalise the whole value ",24
FinTech in ASEAN 2023: Seeding the Green Transition,Singapore 51 Malaysia 10 Philippines 4 Indonesia 15 Thailand 5 Vietnam 9,"Tracxn, as at 30 September 2023, accessed on 4 October 2023 Page 8 FinTech in ASEAN 2023",,,unclear,0.96,pending_high_confidence,"The cryptocurrencies category remained attractive, inking the highest number of deals. However, its share of funding amount declined by 10 percentage points (see Figure 7), as investors steered clear of overvaluation in the sector. Insurtech doubled its proportion of deals in ASEAN-6 from 6 per cent to 12 per cent YTD 2023. Cryptocurrency ﬁrms struck the most deals, but at smaller deal sizes 44% 22% 22% 11% 60% 40% 33% 4% 4% 10% 14% 12% 12% 12% 25% 25% 25% 25% 40% 20% 30% 10% 33% 13% 13% 13% 7% ",10
FinTech in ASEAN 2023: Seeding the Green Transition,Singapore and Indonesia continue to lead FinTech investments in region,"Tracxn, as at 30 September 2023, accessed on 4 October 2023 Figure 6 | Share of funding deals by country, 2022 vs YTD 2023 Figure 5 | Share of funding amount by country, 2022 vs YTD 2023 US$1",,,unclear,0.96,pending_high_confidence,"Singapore and Indonesia accounted for more than 86 per cent of total FinTech funding in the region. The Philippines saw a reduction in its share of the funding pie with no mega deals in YTD 2023. This year, Vietnam and Malaysia experienced a modest increase in the proportion of number of deals within the region (6 and 4 percentage points respectively). Singapore and Indonesia continue to lead FinTech investments in region Source: Tracxn, as at 30 September 2023, accessed on 4 October 2023 Figure",8
FinTech in ASEAN 2023: Seeding the Green Transition,s lows,"Tracxn, as at 30 September 2023, accessed on 4 October 2023 The ﬁrst reason for 2023’s pullback is due to the huge funding surge that the FinTech sector received in 2022, as a result of VCs holding back during the pandemic",,,unclear,0.96,pending_high_confidence,"Funding for YTD 2023 clocked US$1.3 billion, the region’s lowest since 2020. The number of deals dropped by more than 50 per cent (94 vs 193 year-on-year), with the average deal size slumping to pre-COVID levels (US$13.5 million in YTD 2023 vs US$9 million in 2019). Both the funding amount and number of deals have been falling quarter-on-quarter since 3Q 2022 (see Figure 4). Investments into early stage ﬁrms made up half the total FinTech funding in YTD 2023. Investors whom we spoke to cited new",7
FinTech in ASEAN 2023: Seeding the Green Transition,s top banks,Aa1 by Moody’s Investors Service and AA- by both S&P Global Ratings and Fitch Ratings,,,unclear,0.91,pending_high_confidence,"About The SFA is a cross-industry non-proﬁt organisation. Its purpose is to support the development of the FinTech industry in Singapore and facilitate collaboration among the participants and stakeholders. The SFA is a member-based organisation with over 800+ members. It represents the full range of stakeholders in the FinTech industry, from early-stage innovative companies to large ﬁnancial players and service providers. To further its purpose, the SFA also partners with institutions and assoc",45
FinTech in ASEAN 2023: Seeding the Green Transition,YTD 2023,"Tracxn, as at 30 September 2023, accessed on 5 October 2023 Sum of funding amount # of funding deals 2019 2020 2021 2022 YTD 2023 17 17 22 36 20 US$31M US$65M US$129M US$300M US$169M Page 13 FinTech in ASEAN 2023",,,unclear,0.96,pending_high_confidence,"Despite a decline in GreenTech funding3 this year, the US$169 million funding received has surpassed 2021’s US$129 million total, and is on track to exceed the number of funding deals. The average funding amount has been trending upwards for the past ﬁve years, from US$1.8M in 2019 to US$8.5M in YTD 2023. Investors we spoke to picked out carbon emissions management and reporting, as well as green ﬁnancing solutions as key growth areas for Green FinTechs. As regulators impose climate reporting re",15
Innovation and Growth Report 2022/23 (HTML)  - GOV.UK,akes a significant contribution to innovation and productivity for the UK economy,"- intangible assets, of which IP is a part, play an important role in the UK economy",,estimated,unclear,1,pending_high_confidence,"Innovation Index 2022[footnote 2] and 2nd in the Global Intellectual Property Centre (GIPC) International IP Index 2023[footnote 3]. In March 2023, DSIT published the UK Science and Technology (S&T) Framework, setting out the government’s approach to making the UK a science and technology superpower by 2030. [footnote 4] Over £370 million new government funding will support the plan to boost infrastructure, investment, and skills in the UK’s five critical technologies, identified as: AI, enginee",
Innovation and Growth Report 2022/23 (HTML)  - GOV.UK,DCMS for the Pro- Innovation of Technologies Review,Creative Industries; and the CMA for its initial review into Large Language Models (LLMs),,,unclear,0.91,pending_high_confidence,has been identified as one of the five critical technologies within the S&T framework. We have taken forward the actions identified in the government response to the consultation on AI in the copyright and patents systems[footnote 9] on 28 June 2022 in relation to computer generated works under copyright and patents. We have also taken forward the actions from the government response to Sir Patrick Vallance’s Pro-Innovation Regulation of Technologies Review: Digital Technologies[footnote 10] pub,
Innovation and Growth Report 2022/23 (HTML)  - GOV.UK,In Autumn 2023,"- we will start our Patents Pilot, where we will invite a small group of customers to start using the new digital patents service; and - we will launch a new online search tool for UK patents",,,unclear,0.91,pending_high_confidence,"of rights applied for is not a direct indicator of innovation or economic growth. Nevertheless, processing applications in a timely way enables businesses to both protect their IP and have clarity on what rights others have, improving their ability to innovate and grow for the country to prosper. In 2022/23 we received 19,644 Patent applications, representing a 3.7% increase when compared with 2021/22.There were 16.5k requests for searches made in 2022/23, a 6.7% increase compared with 2021/22. ",
Innovation and Growth Report 2022/23 (HTML)  - GOV.UK,"In March 2021, the government published Build Back Better","our plan for growth[footnote 6] which outlined the UK’s approach to tackling long-term challenges, delivering growth, and creating high-quality jobs across the UK",,estimated,unclear,1,pending_high_confidence,"Innovation Index 2022[footnote 2] and 2nd in the Global Intellectual Property Centre (GIPC) International IP Index 2023[footnote 3]. In March 2023, DSIT published the UK Science and Technology (S&T) Framework, setting out the government’s approach to making the UK a science and technology superpower by 2030. [footnote 4] Over £370 million new government funding will support the plan to boost infrastructure, investment, and skills in the UK’s five critical technologies, identified as: AI, enginee",
Innovation and Growth Report 2022/23 (HTML)  - GOV.UK,Innovation and Productivity,"Estimating the core model across 18 Countries” in OECD, Innovation in Firms – A Microeconomic Perspective, Paris: OECD (2009)",,oecd,obtainable,1,pending_high_confidence,- we continued to support Border Force with funded posts in the Fast Parcel hub at East Midlands Airport and Central Intelligence hub - in May 2023 one of the IPO’s Regional IP Crime Coordinators led a small IPO intelligence gathering team that attended several police warrants at counterfeit goods distribution centres whose role was to feed the many counterfeit goods sellers in the Cheetham Hill area. The IPO enforcement staff were there on the ground to provide specialist support and capture vi,
Innovation and Growth Report 2022/23 (HTML)  - GOV.UK,Investigating the links between innovation and productivity,"an analysis of UK firms, BIS, 2010; Criscuolo C",,oecd,obtainable,1,pending_high_confidence,- we continued to support Border Force with funded posts in the Fast Parcel hub at East Midlands Airport and Central Intelligence hub - in May 2023 one of the IPO’s Regional IP Crime Coordinators led a small IPO intelligence gathering team that attended several police warrants at counterfeit goods distribution centres whose role was to feed the many counterfeit goods sellers in the Cheetham Hill area. The IPO enforcement staff were there on the ground to provide specialist support and capture vi,
Innovation and Growth Report 2022/23 (HTML)  - GOV.UK,"ns-Pacific Partnership (CPTPP), a Free Trade Agreement (FTA) including 11 members","Australia, Brunei, Canada, Chile, Japan, Malaysia, Mexico, New Zealand, Peru, Singapore, and Vietnam",,survey,unclear,1,pending_high_confidence,"Co-operation Council We have increased engagement with UK businesses operating in the region to help them navigate the enforcement regime and to assess losses caused by infringement of their IP rights, with a view to creating sector specific advice as part of the IPO’s International IP Support Service. South East Asia We have secured buy-in from all ten Association of Southeast Asian Nations (ASEAN) to launch a new programme to improve the level of IP enforcement capability on e-commerce platfor",
Innovation and Growth Report 2022/23 (HTML)  - GOV.UK,"or the patents they care about, and build their own patent journal In Spring 2024","- we will launch the new One IPO patents service, and all customers will be able to use it to manage and file their UK patents What we achieved in 2022/23 One of our Ministerial targets for 2022/23 was to fully define and document the service design, business processes and technical requirement for our transformation projects",,,unclear,0.91,pending_high_confidence,"of rights applied for is not a direct indicator of innovation or economic growth. Nevertheless, processing applications in a timely way enables businesses to both protect their IP and have clarity on what rights others have, improving their ability to innovate and grow for the country to prosper. In 2022/23 we received 19,644 Patent applications, representing a 3.7% increase when compared with 2021/22.There were 16.5k requests for searches made in 2022/23, a 6.7% increase compared with 2021/22. ",
Innovation and Growth Report 2022/23 (HTML)  - GOV.UK,Over the last year we have,"- fully defined and documented the service design, business processes and technical requirements for all our transformation projects - conducted research and testing with hundreds of customers and IPO colleagues to understand what they need from our new digital services and test and refine our thinking - made significant progress in developing the new patents and research services",,,unclear,0.91,pending_high_confidence,"of rights applied for is not a direct indicator of innovation or economic growth. Nevertheless, processing applications in a timely way enables businesses to both protect their IP and have clarity on what rights others have, improving their ability to innovate and grow for the country to prosper. In 2022/23 we received 19,644 Patent applications, representing a 3.7% increase when compared with 2021/22.There were 16.5k requests for searches made in 2022/23, a 6.7% increase compared with 2021/22. ",
Innovation and Growth Report 2022/23 (HTML)  - GOV.UK,priority areas of focus are,"- continuing to build the evidence base on the drivers of IP demand to build a more comprehensive picture of why applicants use IP - understanding the wider role that IP plays in the economy and society, particularly in innovation, commercialisation, growth, and creativity - analysis of how businesses use IP, including as an intangible asset - analysis of the diversity of our people, processes, and customers; and - identifying evidence gaps relating to IP and the metaverse following a successful",,oecd,obtainable,1,pending_high_confidence,- we continued to support Border Force with funded posts in the Fast Parcel hub at East Midlands Airport and Central Intelligence hub - in May 2023 one of the IPO’s Regional IP Crime Coordinators led a small IPO intelligence gathering team that attended several police warrants at counterfeit goods distribution centres whose role was to feed the many counterfeit goods sellers in the Cheetham Hill area. The IPO enforcement staff were there on the ground to provide specialist support and capture vi,
Innovation and Growth Report 2022/23 (HTML)  - GOV.UK,Report 2022/23 (HTML) Published 12 September 2023 Promoting Innovation and Growth,The Intellectual Property Office at Work 2022/23 Presented to Parliament pursuant to section 21 of the Intellectual Property Act 2014 Published: August 2023 CP2301384 © Crown copyright 2023 ISBN 978-1-5286-4353-5 E02940475 Ministerial Foreword Viscount Camrose Never before have the words ‘innovation and growth’ been more relevant to the UK,,,unclear,0.91,pending_high_confidence,Innovation and Growth Report 2022/23 (HTML) Published 12 September 2023 Promoting Innovation and Growth: The Intellectual Property Office at Work 2022/23 Presented to Parliament pursuant to section 21 of the Intellectual Property Act 2014 Published: August 2023 CP2301384 © Crown copyright 2023 ISBN 978-1-5286-4353-5 E02940475 Ministerial Foreword Viscount Camrose Never before have the words ‘innovation and growth’ been more relevant to the UK. As we rebuild and strengthen our economy after the s,
Innovation and Growth Report 2022/23 (HTML)  - GOV.UK,"s five critical technologies, identified as","AI, engineering biology, future telecoms, semiconductors, and quantum",,estimated,unclear,1,pending_high_confidence,"Innovation Index 2022[footnote 2] and 2nd in the Global Intellectual Property Centre (GIPC) International IP Index 2023[footnote 3]. In March 2023, DSIT published the UK Science and Technology (S&T) Framework, setting out the government’s approach to making the UK a science and technology superpower by 2030. [footnote 4] Over £370 million new government funding will support the plan to boost infrastructure, investment, and skills in the UK’s five critical technologies, identified as: AI, enginee",
Innovation and Growth Report 2022/23 (HTML)  - GOV.UK,"s five critical technologies, identified as","AI, engineering biology, future telecoms, semiconductors, and quantum",,,unclear,0.91,pending_high_confidence,Innovation and Growth Report 2022/23 (HTML) Published 12 September 2023 Promoting Innovation and Growth: The Intellectual Property Office at Work 2022/23 Presented to Parliament pursuant to section 21 of the Intellectual Property Act 2014 Published: August 2023 CP2301384 © Crown copyright 2023 ISBN 978-1-5286-4353-5 E02940475 Ministerial Foreword Viscount Camrose Never before have the words ‘innovation and growth’ been more relevant to the UK. As we rebuild and strengthen our economy after the s,
Innovation and Growth Report 2022/23 (HTML)  - GOV.UK,s Pro-Innovation Regulation of Technologies Review,Digital Technologies[footnote 10] published March 2023,,,unclear,0.91,pending_high_confidence,"of rights applied for is not a direct indicator of innovation or economic growth. Nevertheless, processing applications in a timely way enables businesses to both protect their IP and have clarity on what rights others have, improving their ability to innovate and grow for the country to prosper. In 2022/23 we received 19,644 Patent applications, representing a 3.7% increase when compared with 2021/22.There were 16.5k requests for searches made in 2022/23, a 6.7% increase compared with 2021/22. ",
Innovation and Growth Report 2022/23 (HTML)  - GOV.UK,s Pro-Innovation Regulation of Technologies Review,Digital Technologies[footnote 10] published March 2023,,,unclear,0.91,pending_high_confidence,has been identified as one of the five critical technologies within the S&T framework. We have taken forward the actions identified in the government response to the consultation on AI in the copyright and patents systems[footnote 9] on 28 June 2022 in relation to computer generated works under copyright and patents. We have also taken forward the actions from the government response to Sir Patrick Vallance’s Pro-Innovation Regulation of Technologies Review: Digital Technologies[footnote 10] pub,
Innovation and Growth Report 2022/23 (HTML)  - GOV.UK,To do this we focus on the following three pillar framework,- delivering excellent IP services - creating a world-leading IP environment; and by - making the IPO a brilliant place to work Delivering IP services for our customers is our priority,,estimated,unclear,1,pending_high_confidence,"Innovation Index 2022[footnote 2] and 2nd in the Global Intellectual Property Centre (GIPC) International IP Index 2023[footnote 3]. In March 2023, DSIT published the UK Science and Technology (S&T) Framework, setting out the government’s approach to making the UK a science and technology superpower by 2030. [footnote 4] Over £370 million new government funding will support the plan to boost infrastructure, investment, and skills in the UK’s five critical technologies, identified as: AI, enginee",
Innovation and Growth Report 2022/23 (HTML)  - GOV.UK,"To help in developing this understanding, the Futures Group has overseen","- a literature review on the IP implications of immersive worlds (“metaverses” or virtual/ augmented reality, VR and AR) and partnered with Queen Mary IP Research Institute (QMIPRI) and the Swiss Federal Institute of Intellectual Property (IGE/IPI) to prepare an exploration of these IP issues with world experts at an academic conference in London",,,unclear,0.91,pending_high_confidence,has been identified as one of the five critical technologies within the S&T framework. We have taken forward the actions identified in the government response to the consultation on AI in the copyright and patents systems[footnote 9] on 28 June 2022 in relation to computer generated works under copyright and patents. We have also taken forward the actions from the government response to Sir Patrick Vallance’s Pro-Innovation Regulation of Technologies Review: Digital Technologies[footnote 10] pub,
Innovation and Growth Report 2022/23 (HTML)  - GOV.UK,"To support innovation and growth in AI, we have","- continued to advance AI inventorship discussions internationally to support UK economic interests - published, in October 2022, IPO guidelines on patent exclusion practice for AI inventions to enhance understanding of UK patent practice",,,unclear,0.91,pending_high_confidence,has been identified as one of the five critical technologies within the S&T framework. We have taken forward the actions identified in the government response to the consultation on AI in the copyright and patents systems[footnote 9] on 28 June 2022 in relation to computer generated works under copyright and patents. We have also taken forward the actions from the government response to Sir Patrick Vallance’s Pro-Innovation Regulation of Technologies Review: Digital Technologies[footnote 10] pub,
Innovation and Growth Report 2022/23 (HTML)  - GOV.UK,uring the first year of the new Counter-Infringement Strategy we have focussed on,- establishing the correct structures and processes to enable the IPO to effectively tackle IP infringement domestically and internationally; and - utilising these structures and processes effectively to ensure UK IP rights and those owned by UK businesses overseas are the best protected in the world In November 2022 the IPO produced an interim Strategic Threat Assessment (STA) analysing the threat from intellectual property crime,,,unclear,0.91,pending_high_confidence,"work with our regional partners in Greater Manchester, West Midlands and West of England and we also started recruitment for a new regional advisor to work with Wales, Scotland, and Northern Ireland. Our regional advisors mean we are well-placed to support the development of the new Innovation Accelerators in Glasgow, Greater Manchester, and West Midlands. We agreed strategies with our regional partners to integrate IP into regional business and innovation programmes. We also developed an evalua",
Innovation and Growth Report 2022/23 (HTML)  - GOV.UK,"Working with our partner organisations, we delivered our two funding schemes",IP Audits and IP Access,,survey,unclear,1,pending_high_confidence,"we provide for patents, trade marks and designs provides certainty for innovators. By administrating IP rights in a timely and reliable way, we provide the confidence that their investment is protected, encouraging the development of innovators, creating jobs and economic growth. Our customers We are committed to placing our customers at the heart of the IPO and this is reflected in our dedication to delivering excellent IP services. Our services have continued to be valued by our customers and ",
In partnership with VENTURE FUNDING LANDSCAPE 2022 SINGAPORE Full Year Study,Human Health and Potential,"This includes enhancing development during pregnancy and early childhood, augmenting learning outcomes, and fostering healthy and meaningful longevity",,,unclear,0.96,pending_high_confidence,"06 • For the purpose of this report, deals refer primarily to equity funding rounds. Debt funding, bridge loans, initial coin offerings (ICO) and grants are excluded. • ASEAN 6 refers to Singapore, Malaysia, the Philippines, Thailand, Vietnam, and Indonesia. • Companies are classified according to their headquarters. • Deep tech covers a broad range of verticals, including quantum computing, biotechnology, medtech, cell-based protein, blockchain, and autonomous mobility. • Singapore deals funded",7
In partnership with VENTURE FUNDING LANDSCAPE 2022 SINGAPORE Full Year Study,Number of IPOs in 2022 higher than 2021 OUTLOOK FOR SINGAPORE AND SE ASIA SE Asia,"IPO Proceeds (USD Million) and Volume Average Deal Size Asia IPO (USD Million) $0 $2,000 $4,000 $6,000 $8,000 $10,000 $12,000 $14,000 $16,000 $18,000 40 20 60 80 100 120 140 160 180 200 2012 2013 2014 2015 2016 2017 2018 2019 2020 2022 2021 IPO Proceeds (USD M) Deal Volume Deal Size (USD M) Source: Refinitiv, an LSEG business | Note: The data include all IPO issuance by Southeast Asia-based companies in all exchanges * Data is for period between January 1, 2022, and December 31, 2022",,refinitiv,private,1,pending_high_confidence,"30 $0 2012 2013 2014 2015 2016 2017 2018 2019 2020 2021 2022 $40 $20 $200 $180 $160 $140 $120 $100 $80 $60 Number of IPOs in 2022 higher than 2021 OUTLOOK FOR SINGAPORE AND SE ASIA SE Asia : IPO Proceeds (USD Million) and Volume Average Deal Size Asia IPO (USD Million) $0 $2,000 $4,000 $6,000 $8,000 $10,000 $12,000 $14,000 $16,000 $18,000 40 20 60 80 100 120 140 160 180 200 2012 2013 2014 2015 2016 2017 2018 2019 2020 2022 2021 IPO Proceeds (USD M) Deal Volume Deal Size (USD M) Source: Refinitiv",31
In partnership with VENTURE FUNDING LANDSCAPE 2022 SINGAPORE Full Year Study,Smart Nation and Digital Economy,This refers to capabilities to prepare the populace for opportunities in the digital space and the transformation of enterprises,,,unclear,0.96,pending_high_confidence,"06 • For the purpose of this report, deals refer primarily to equity funding rounds. Debt funding, bridge loans, initial coin offerings (ICO) and grants are excluded. • ASEAN 6 refers to Singapore, Malaysia, the Philippines, Thailand, Vietnam, and Indonesia. • Companies are classified according to their headquarters. • Deep tech covers a broad range of verticals, including quantum computing, biotechnology, medtech, cell-based protein, blockchain, and autonomous mobility. • Singapore deals funded",7
In partnership with VENTURE FUNDING LANDSCAPE 2022 SINGAPORE Full Year Study,These are,"- Manufacturing, Trade and Connectivity: Besides manufacturing sectors, it includes trade and connectivity sectors (examples include aviation, sea transport, logistics and wholesale trade)",,,unclear,0.96,pending_high_confidence,"06 • For the purpose of this report, deals refer primarily to equity funding rounds. Debt funding, bridge loans, initial coin offerings (ICO) and grants are excluded. • ASEAN 6 refers to Singapore, Malaysia, the Philippines, Thailand, Vietnam, and Indonesia. • Companies are classified according to their headquarters. • Deep tech covers a broad range of verticals, including quantum computing, biotechnology, medtech, cell-based protein, blockchain, and autonomous mobility. • Singapore deals funded",7
In partnership with VENTURE FUNDING LANDSCAPE 2022 SINGAPORE Full Year Study,Urban Solutions and Sustainability,"This theme addresses new challenges in sustainability and resilience, including climate change, decarbonisation, healthy cities, and transformation of our built environment",,,unclear,0.96,pending_high_confidence,"06 • For the purpose of this report, deals refer primarily to equity funding rounds. Debt funding, bridge loans, initial coin offerings (ICO) and grants are excluded. • ASEAN 6 refers to Singapore, Malaysia, the Philippines, Thailand, Vietnam, and Indonesia. • Companies are classified according to their headquarters. • Deep tech covers a broad range of verticals, including quantum computing, biotechnology, medtech, cell-based protein, blockchain, and autonomous mobility. • Singapore deals funded",7
Invest 2035: the UK's modern industrial strategy - GOV.UK,"across services and manufacturing, based on both existing and emerging strengths","- advanced manufacturing - clean energy industries - creative industries - defence - digital and technologies - financial services - life sciences - professional and business services In the next stage of development of the industrial strategy, the government will identify subsectors within these broad sectors that meet our objectives and for which there is evidence that policy can address barriers to growth",,"Office for National Statistics (2023) Output per Hour Worked, UK The UK has strengths within services and manufacturing",unclear,1,pending_high_confidence,"UK’s cities and regions, by tailoring policy to specific place-based constraints and opportunities. There are enormous growth opportunities in city regions and clusters across the UK. Businesses co-locate in specific clusters, with their own place-based opportunities and barriers to growth. The success of the industrial strategy’s growth driving sectors can only be achieved if these clusters reach their full potential, supported through a place-based approach to policy. The regional growth objec",
Invest 2035: the UK's modern industrial strategy - GOV.UK,ade of national renewal in order to drive growth and to deliver on the mandate to,"- rebuild Britain - support good jobs - unlock investment - improve living standards across the country This includes promoting productivity and growth in small businesses across our economy, particularly in supply chains across our growth-driving sectors",,,unclear,0.91,pending_high_confidence,"long-term and agile policy implementation. Past industrial strategies have often not achieved their objectives because they have been too short lived – the UK has had around 10 industrial strategies, growth plans, or similar since 2011 [footnote 44]. This is why the government is going to establish a statutory and independent Industrial Strategy Council and new partnership structures to provide stability and ensure longevity. Actively shaping and directing the economy in this targeted way means ",
Invest 2035: the UK's modern industrial strategy - GOV.UK,al economic partnerships with other countries are crucial to increasing growth by,"- opening up investment and export routes - tackling barriers to trade - partnering to create shared markets The UK works closely with international partners to tackle issues affecting the global economy and shared economic resilience, including cooperating to reduce critical dependencies",,,unclear,0.91,pending_high_confidence,"opening up procurement to new entrants such as small businesses and social enterprises. The act will launch in February 2025, alongside a refreshed national procurement policy statement which will set out its strategic policy priorities for public procurement and to which all contracting authorities will have to have regard when the new regime comes into force. It will apply the full potential of public procurement to deliver value for money, and will set clear strategic direction for procuremen",
Invest 2035: the UK's modern industrial strategy - GOV.UK,as that are important for growth-driving sectors and the pro-business environment,"- people and skills - innovation - energy and infrastructure - regulatory environment - crowding in investment - international partnerships and trade The industrial strategy will consider the effectiveness of both cross-cutting polices and targeted solutions, for growth driving sectors",,forecast,unclear,1,pending_high_confidence,"in every region of the UK, with emerging hubs in Belfast, Leeds, Cardiff, and Glasgow, and a global centre in Edinburgh, driving regional growth. The UK’s financial services sector has a unique, core role to play in delivering growth across the whole economy. Along with the US, the UK is 1 of 2 truly global financial centres – a vibrant hub, employment rich and export focused. London, Edinburgh and Glasgow all rank within the top 40 most competitive, globally significant financial centres [footn",
Invest 2035: the UK's modern industrial strategy - GOV.UK,ation (2022) Enduring strengths,"Analysing the UK’s Current and Potential Economic Strengths, and What They Mean for its Economic Strategy, at the Start of the Decisive Decade Resolution Foundation (2022) Growing Clean Resolution Foundation (2023) Beyond Boosterism Resolution Foundation (2023) Ending Stagnation: A New Economic Strategy for Britain Rodrik (2004) Industrial Policy for the Twenty-First Century Rodrik (2008) Industrial Policy: Don’t Ask Why, Ask How Sumitomo Electric (2024) Sumitomo Electric commences construction",,oecd,obtainable,1,pending_high_confidence,"Business Dynamism Estimates from the Longitudinal Business Database: Summary Statistics, UK Office for National Statistics (2023) Output per Hour Worked, UK Office for National Statistics (2023) Trends in UK Business Dynamism and Productivity Office for National Statistics (2023) Workforce Jobs by Industry and Region Office for National Statistics (2024) Balance of Payments April to June 2024 Office for National Statistics (2024) Economically Inactive: UK Office for National Statistics (2024) Em",
Invest 2035: the UK's modern industrial strategy - GOV.UK,Barriers often cited include,- high capital investment requirements - significant international competition - skills shortages More can be done to build the resilient supply chains and manufacturing base to secure the jobs that accompany them,,imf,obtainable,1,pending_high_confidence,"less appropriate? 3) How should the UK government incorporate foundational sectors and value chains into this analysis? Our growth-driving sectors For each of the growth-driving sectors, we set out how they link to the industrial strategy objectives, their strengths, and outline where government can – in partnership with business and others – go further to support growth. As we have not yet prioritised the key subsectors, these descriptions are illustrated using indicative examples of subsectors",
Invest 2035: the UK's modern industrial strategy - GOV.UK,Boston Consulting Group (2024) Reshaping British Infrastructure,Global Lessons to Improve Project Delivery,,pitchbook,private,1,pending_high_confidence,"2023. ↩ - Ministry of Defence (2024) Annual Report and Accounts 2023 to 2024. ↩ - Largest Companies by Market Cap, as of 8 October 2024. ↩ - House of Commons (2023) The Financial Sector and the UK’s Net Zero Transition. ↩ - Department for Health and Social Care / Department for Science, Innovation and Technology (2024) Bioscience and Health Technology Sector Statistics 2021 to 2022. ↩ - QS (2024) QS World University Rankings by Subject 2024: Life Sciences & Medicine. ↩ - United Nations Trade and",
Invest 2035: the UK's modern industrial strategy - GOV.UK,Business Dynamism Estimates from the Longitudinal Business Database,"Summary Statistics, UK Office for National Statistics (2023) Output per Hour Worked, UK Office for National Statistics (2023) Trends in UK Business Dynamism and Productivity Office for National Statistics (2023) Workforce Jobs by Industry and Region Office for National Statistics (2024) Balance of Payments April to June 2024 Office for National Statistics (2024) Economically Inactive: UK Office for National Statistics (2024) Employee Earnings in the UK Office for National Statistics (2024) GDP Q",,oecd,obtainable,1,pending_high_confidence,"Business Dynamism Estimates from the Longitudinal Business Database: Summary Statistics, UK Office for National Statistics (2023) Output per Hour Worked, UK Office for National Statistics (2023) Trends in UK Business Dynamism and Productivity Office for National Statistics (2023) Workforce Jobs by Industry and Region Office for National Statistics (2024) Balance of Payments April to June 2024 Office for National Statistics (2024) Economically Inactive: UK Office for National Statistics (2024) Em",
Invest 2035: the UK's modern industrial strategy - GOV.UK,concentrate efforts on places with the greatest potential for our growth sectors,"city regions, high-potential clusters, and strategic industrial sites",,,unclear,0.91,pending_high_confidence,"and build on, such as high-quality research institutions and innovative firms, its status as a global trading nation, a recognised set of regulatory and competition institutions, the pro-entrepreneurial environment, a highly skilled workforce, and investment opportunities across the country. But the UK also faces significant challenges. The UK economy has faced significant shocks in recent years and has had a poor productivity record over the past decade and a half, consistently investing less t",
Invest 2035: the UK's modern industrial strategy - GOV.UK,concentrate efforts on places with the greatest potential for the growth sectors,"city regions, high-potential clusters, and strategic industrial sites",,estimated,unclear,1,pending_high_confidence,"The government wants to work with the EU to boost jobs, economic growth, and UK-EU trade, including by tackling barriers to trade through seeking to strengthen mutual recognition of professional qualifications. Efficient customs and border processes also have a positive impact on UK trade by reducing complexity and costs for imports and exports, while protecting against illegitimate trade and enabling the UK to meet its legal obligations under international agreements. Simplifying customs and bo",
Invest 2035: the UK's modern industrial strategy - GOV.UK,Defence (2024) Ministry of Defence Regional Expenditure Statistics with Industry,2022 to 2023,,oecd,obtainable,1,pending_high_confidence,"for Business and Trade calculations based on Office for National Statistics (2024): Real average weekly earnings using consumer price inflation (seasonally adjusted). ↩ - The Productivity Institute (2023) The Productivity Agenda, Resolution Foundation (2023) Ending Stagnation: A New Economic Strategy for Britain, Organisation for Economic Cooperation and Development Economic Surveys: United Kingdom and, Organisation for Economic Cooperation and Development Going for Growth. ↩ - DBT analysis of O",
Invest 2035: the UK's modern industrial strategy - GOV.UK,"Department for Business, Energy and Industrial Strategy (2021) Net Zero Strategy","Build Back Greener Department for Science, Innovation and Technology (2023) Business Data use and Productivity Study (wave 1) Department for Science, Innovation and Technology (2023) The Innovation Clusters Map from the Department for Science, Innovation and Technology Department for Science, Innovation and Technology (2024) UK Business Data Survey 2024 Department for Transport (2017) Transport Infrastructure Efficiency Strategy Department of Health and Social Care, and Department for Science, I",,dealroom,private,1,pending_high_confidence,"(2021) UK’s Industrial Policy Learning from the Past Coyle and Muhtar (2022) You’re Not Speaking my Language Creative Industries Policy and Evidence Centre (2024) International Trade and the UK Creative Industries Dealroom (2024) UK Tech: A Forward Look to 2024 Dealroom, Guides: United Kingdom Deloitte (2024) Deloitte CFO Survey Quarter 2 2024 Department for Business and Trade (2023) Harrington Review of Foreign Direct Investment Department for Business and Trade (2023) National Survey of Regist",
Invest 2035: the UK's modern industrial strategy - GOV.UK,Department for Education (2019) Higher Technical Education,"The Current System and the Case for Change Department for Education (2023) Employer Skills Survey, 2022 Department for Education (2023) Skills and UK Productivity Department for Education (2024) Skills England: Driving Growth and Widening Opportunities Department for Energy Security and Net Zero (2022) Electricity Networks Strategic Framework: Enabling a Secure, Net Zero Energy System Department for Energy Security and Net Zero (2024) Digest of UK Energy Statistics (DUKES): Energy Department for",,dealroom,private,1,pending_high_confidence,"(2021) UK’s Industrial Policy Learning from the Past Coyle and Muhtar (2022) You’re Not Speaking my Language Creative Industries Policy and Evidence Centre (2024) International Trade and the UK Creative Industries Dealroom (2024) UK Tech: A Forward Look to 2024 Dealroom, Guides: United Kingdom Deloitte (2024) Deloitte CFO Survey Quarter 2 2024 Department for Business and Trade (2023) Harrington Review of Foreign Direct Investment Department for Business and Trade (2023) National Survey of Regist",
Invest 2035: the UK's modern industrial strategy - GOV.UK,Department for Education (2019) Higher Technical Education,The Current System and the Case for Change,,pitchbook,private,1,pending_high_confidence,"2023. ↩ - Ministry of Defence (2024) Annual Report and Accounts 2023 to 2024. ↩ - Largest Companies by Market Cap, as of 8 October 2024. ↩ - House of Commons (2023) The Financial Sector and the UK’s Net Zero Transition. ↩ - Department for Health and Social Care / Department for Science, Innovation and Technology (2024) Bioscience and Health Technology Sector Statistics 2021 to 2022. ↩ - QS (2024) QS World University Rankings by Subject 2024: Life Sciences & Medicine. ↩ - United Nations Trade and",
Invest 2035: the UK's modern industrial strategy - GOV.UK,Department for Education (2024) Skills England,Driving Growth and Widening Opportunities,,pitchbook,private,1,pending_high_confidence,"2023. ↩ - Ministry of Defence (2024) Annual Report and Accounts 2023 to 2024. ↩ - Largest Companies by Market Cap, as of 8 October 2024. ↩ - House of Commons (2023) The Financial Sector and the UK’s Net Zero Transition. ↩ - Department for Health and Social Care / Department for Science, Innovation and Technology (2024) Bioscience and Health Technology Sector Statistics 2021 to 2022. ↩ - QS (2024) QS World University Rankings by Subject 2024: Life Sciences & Medicine. ↩ - United Nations Trade and",
Invest 2035: the UK's modern industrial strategy - GOV.UK,"e and more resilient defence sector, the UK can innovate at speed to help Ukraine","- defeat Russia and restock its Armed Forces - deter its adversaries - seize opportunities presented by the technologies of the future - create new partnerships and promote defence exports Digital and technologies The economy is fundamentally different to where it was a decade ago, transformed by digital sectors and increasingly by advances in AI and other technologies",,,unclear,0.91,pending_high_confidence,"to grow worldwide, creating further growth opportunities. The sector is highly innovative, attracting significant inward investment and producing goods and services that are world renowned. PwC estimates that the global entertainment and media sector will grow to $3.4 trillion by 2028 [footnote 75]. Half of global trade is expected to be digital by 2050 [footnote 76]. To enable growth in the sector, the government will leverage UK creative industries’ global comparative advantages by unlocking p",
Invest 2035: the UK's modern industrial strategy - GOV.UK,Economy Outlook 2024 United Nations Trade and Development (2024) Services (BPM6),"Exports by Service Category, Trade Partner World, 2023 United Nations Trade and Development (2024) World Investment Report University of Cambridge (2024) UK Innovation Report World Intellectual Property Organisation (2024) Global Innovation Index 2024 Z/Yen and CDI (2024) The Global Financial Centres Index 36 Z/Yen (2021) The Global Green Finance Index 8 Z/Yen The Global Financial Centres Index Z/Yen The Global Green Finance Index - Department for Business and Trade analysis of Office for Nation",,oecd,obtainable,1,pending_high_confidence,"Business Dynamism Estimates from the Longitudinal Business Database: Summary Statistics, UK Office for National Statistics (2023) Output per Hour Worked, UK Office for National Statistics (2023) Trends in UK Business Dynamism and Productivity Office for National Statistics (2023) Workforce Jobs by Industry and Region Office for National Statistics (2024) Balance of Payments April to June 2024 Office for National Statistics (2024) Economically Inactive: UK Office for National Statistics (2024) Em",
Invest 2035: the UK's modern industrial strategy - GOV.UK,"economy, which is gaining traction across the world in the wake of things such as","- major shocks and long-term trends, such as COVID-19 - re-orientated global supply chains - the global productivity slowdown - digital transformation - climate change The historic debate on industrial strategies has been characterised by advocates of extensive state planning on the one hand, and equally vehement supporters of the private market on the other",,oecd,obtainable,1,pending_high_confidence,"within the growth mission more broadly, and other missions where relevant. The UK has closed productivity gaps before — and can do so again [footnote 28]. To that end, we have prioritised 4 central factors that the industrial strategy can particularly address: Persistently low levels of investment The UK has routinely ranked in the bottom 10% of OECD countries for overall investment intensity [footnote 29]. Since at least the 1990s, the UK has frequently had the lowest share of investment in gro",
Invest 2035: the UK's modern industrial strategy - GOV.UK,Eight growth-driving sectors have been identified,"- advanced manufacturing - clean energy industries - creative industries - defence - digital and technologies - financial services - life sciences - professional and business services In the next stage of development of the industrial strategy, the government will prioritise subsectors within these broad sectors that meet our objectives and where there is evidence that policy can address barriers to growth",,,unclear,0.91,pending_high_confidence,"and build on, such as high-quality research institutions and innovative firms, its status as a global trading nation, a recognised set of regulatory and competition institutions, the pro-entrepreneurial environment, a highly skilled workforce, and investment opportunities across the country. But the UK also faces significant challenges. The UK economy has faced significant shocks in recent years and has had a poor productivity record over the past decade and a half, consistently investing less t",
Invest 2035: the UK's modern industrial strategy - GOV.UK,Energy Security and Net Zero (2024) Enabling Industrial Electrification,"A Call for Evidence Department for Energy Security and Net Zero (2024) Energy Trends: September 2024 Department for Energy Security and Net Zero (2024) Energy Trends: UK Renewables Department for Energy Security and Net Zero (2024) International Industrial Energy Prices - Quarterly: Industrial electricity prices in the EU for small, medium, large and extra large consumers (QEP 541 to 544) Department for Energy Security and Net Zero (2024) UK first major economy to halve emissions Department for",,dealroom,private,1,pending_high_confidence,"(2021) UK’s Industrial Policy Learning from the Past Coyle and Muhtar (2022) You’re Not Speaking my Language Creative Industries Policy and Evidence Centre (2024) International Trade and the UK Creative Industries Dealroom (2024) UK Tech: A Forward Look to 2024 Dealroom, Guides: United Kingdom Deloitte (2024) Deloitte CFO Survey Quarter 2 2024 Department for Business and Trade (2023) Harrington Review of Foreign Direct Investment Department for Business and Trade (2023) National Survey of Regist",
Invest 2035: the UK's modern industrial strategy - GOV.UK,"f analysts and policy professionals, and by bodies across the public sector, will","- monitor progress on growth-driving sectors and policies - undertake analysis to improve the evidence base to include in its reports and advice - feed into policy development through public reports, ministerial commissions, and private discussion papers The government will legislate to establish this statutory body as soon as parliamentary time allows, building cross-party support in the process",,,unclear,0.91,pending_high_confidence,"run and grow a business – industrial strategy mission groups will bring together business, from scale-ups to large enterprises, to develop targeted solutions on barriers to investment and growth - business representative organisations and trade unions through regular ministerial calls – an industrial strategy forum will bring these groups together to test ideas, consider cross-cutting themes, and provide updates on the development of the strategy - devolved governments, elected mayors, and other",
Invest 2035: the UK's modern industrial strategy - GOV.UK,Figure 1,"Output per hour worked, UK vs G7 countries, 1990 to 2023 This figure is a bar chart showing the output per hour worked across G7 countries from 1990 to 2023",,OECD Productivity Database These economic challenges have occurred against a backdrop of broader and longer-term trends in the UK and wider global economy,obtainable,1,pending_high_confidence,"also growing the economy by 79% [footnote 8] and the Institute for Public Policy Research suggests that the UK is already world-leading in making 1 in 3 products vital to the net zero transition [footnote 9]; there is evidence that clean technology specialisms are spread across the UK [footnote 10]; the clean energy mission will enable the UK to achieve clean power by 2030 and accelerate the net zero transition across the economy - has a strong pro-entrepreneurial environment, with several of th",
Invest 2035: the UK's modern industrial strategy - GOV.UK,Figure 2,"Output per hour worked, 1997 vs 2022, £, current prices, log scale This figure is a scatter plot which compares the output per hour worked in different sectors in 1997 to 2022",,"Office for National Statistics (2023) Output per Hour Worked, UK The UK has strengths within services and manufacturing",unclear,1,pending_high_confidence,"UK’s cities and regions, by tailoring policy to specific place-based constraints and opportunities. There are enormous growth opportunities in city regions and clusters across the UK. Businesses co-locate in specific clusters, with their own place-based opportunities and barriers to growth. The success of the industrial strategy’s growth driving sectors can only be achieved if these clusters reach their full potential, supported through a place-based approach to policy. The regional growth objec",
Invest 2035: the UK's modern industrial strategy - GOV.UK,Figure 3,"Sector analysis of UK revealed comparative advantage 10-year annualised growth in global export value, by product category: 2019 [footnote 52] This figure plots the UK’s revealed comparative advantage in various goods and services categories in 2019 against growth in global export value over the previous decade",,"Office for National Statistics (2023) Output per Hour Worked, UK The UK has strengths within services and manufacturing",unclear,1,pending_high_confidence,"had lower. Source: Office for National Statistics (2023) Output per Hour Worked, UK The UK has strengths within services and manufacturing. The UK is the second biggest services exporter in the world [footnote 50], with established advantages in financial services, creative industries, and other business services. The UK has also revealed comparative advantage in growing advanced manufacturing markets, such as pharmaceuticals and aerospace [footnote 51] (Figure 3). Figure 3: Sector analysis of U",
Invest 2035: the UK's modern industrial strategy - GOV.UK,Figure 3,"Sector analysis of UK revealed comparative advantage 10-year annualised growth in global export value, by product category: 2019 [footnote 52] This figure plots the UK’s revealed comparative advantage in various goods",,"Office for National Statistics (2023) Output per Hour Worked, UK The UK has strengths within services and manufacturing",unclear,1,pending_high_confidence,"UK’s cities and regions, by tailoring policy to specific place-based constraints and opportunities. There are enormous growth opportunities in city regions and clusters across the UK. Businesses co-locate in specific clusters, with their own place-based opportunities and barriers to growth. The success of the industrial strategy’s growth driving sectors can only be achieved if these clusters reach their full potential, supported through a place-based approach to policy. The regional growth objec",
Invest 2035: the UK's modern industrial strategy - GOV.UK,Figure 4,"Contribution to UK labour productivity growth, 1998 to 2021 Average annual contribution to growth in output per job, non-financial business economy",,oecd,obtainable,1,pending_high_confidence,"productive, drive innovation, and facilitate the adoption of new technology – ultimately boosting growth [footnote 96]. Around a third of average annual UK productivity growth was attributable to an expansion of skills available in the workforce between 2001 and 2019 [footnote 97]. While the UK has many strengths, including first-class universities and a relatively flexible labour market, alongside employers the government needs to address several barriers raised by businesses. The UK has a skil",
Invest 2035: the UK's modern industrial strategy - GOV.UK,Figure 5a,"Concentration, turnover shares of top 5 companies, weighted by turnover This figure is the first of 4 time series graphs that illustrate UK market competition",,oecd,obtainable,1,pending_high_confidence,"fuels and towards homegrown clean energy. Through supporting the UK’s clean energy industries, the UK will create good jobs in Britain’s industrial heartlands, including a just transition for the industries based in the North Sea. The North Sea is critical to the clean energy mission, and the UK has the opportunity to build on the world-leading expertise in its oil and gas supply chain. Businesses have told the government that it needs to improve the electrification of industrial sites and bring",
Invest 2035: the UK's modern industrial strategy - GOV.UK,Figure 5b,"Rank persistence, number of top 10 companies that were in the top 10 3 years before Figure 5b illustrates the rank persistence of the top 10 firms in each industry over time",,oecd,obtainable,1,pending_high_confidence,"fuels and towards homegrown clean energy. Through supporting the UK’s clean energy industries, the UK will create good jobs in Britain’s industrial heartlands, including a just transition for the industries based in the North Sea. The North Sea is critical to the clean energy mission, and the UK has the opportunity to build on the world-leading expertise in its oil and gas supply chain. Businesses have told the government that it needs to improve the electrification of industrial sites and bring",
Invest 2035: the UK's modern industrial strategy - GOV.UK,Figure 5c,"Markups, mean and 90th percentile price-cost markup of UK companies, weighted by turnover Figure 5c illustrates data on the markup of prices over marginal costs from 2000 to 2020",,oecd,obtainable,1,pending_high_confidence,"fuels and towards homegrown clean energy. Through supporting the UK’s clean energy industries, the UK will create good jobs in Britain’s industrial heartlands, including a just transition for the industries based in the North Sea. The North Sea is critical to the clean energy mission, and the UK has the opportunity to build on the world-leading expertise in its oil and gas supply chain. Businesses have told the government that it needs to improve the electrification of industrial sites and bring",
Invest 2035: the UK's modern industrial strategy - GOV.UK,Figure 5c,"Markups, mean and 90th percentile price-cost markup of UK companies, weighted by turnover Figure 5c illustrates data on the markup of prices over marginal costs from 2000 to 2020",,,unclear,1,pending_high_confidence,"were also in the top 10 3 years ago. The time series shows that from 2020 to 2022, the likelihood of the largest firms in an industry remaining the largest firms has increased. It shows that while the rank persistence was around 5 before 2008, it has been between 7 and 8 up until 2020. Figure 5c: Markups, mean and 90th percentile price-cost markup of UK companies, weighted by turnover Figure 5c illustrates data on the markup of prices over marginal costs from 2000 to 2020. It shows that average ",
Invest 2035: the UK's modern industrial strategy - GOV.UK,Figure 5d,"Entry barriers, entry and exit rates of UK companies Figure 5d illustrates the entry and exits rates of UK companies between 2000 and 2020",,,unclear,1,pending_high_confidence,"were also in the top 10 3 years ago. The time series shows that from 2020 to 2022, the likelihood of the largest firms in an industry remaining the largest firms has increased. It shows that while the rank persistence was around 5 before 2008, it has been between 7 and 8 up until 2020. Figure 5c: Markups, mean and 90th percentile price-cost markup of UK companies, weighted by turnover Figure 5c illustrates data on the markup of prices over marginal costs from 2000 to 2020. It shows that average ",
Invest 2035: the UK's modern industrial strategy - GOV.UK,Figure 6,US-UK venture capital investment multiples – GDP adjusted This figure is a bar chart which shows how levels of venture capital (VC) investment compare between the United States and United Kingdom at different stages of fundraising,,,unclear,1,pending_high_confidence,"were also in the top 10 3 years ago. The time series shows that from 2020 to 2022, the likelihood of the largest firms in an industry remaining the largest firms has increased. It shows that while the rank persistence was around 5 before 2008, it has been between 7 and 8 up until 2020. Figure 5c: Markups, mean and 90th percentile price-cost markup of UK companies, weighted by turnover Figure 5c illustrates data on the markup of prices over marginal costs from 2000 to 2020. It shows that average ",
Invest 2035: the UK's modern industrial strategy - GOV.UK,Figure 6,US-UK venture capital investment multiples – GDP adjusted This figure is a bar chart which shows how levels of venture capital (VC) investment compare between the United States and United Kingdom at different stages of fundraising,,"Department for Science, Innovation and Technology and British Business Bank analysis of Pitchbook and GDP data",private,1,pending_high_confidence,"on factors such as capital intensity, technology risks, and stage of growth [footnote 147]. Figure 6: US-UK venture capital investment multiples – GDP adjusted This figure is a bar chart which shows how levels of venture capital (VC) investment compare between the United States and United Kingdom at different stages of fundraising. Values are expressed as multiples of GDP. A value greater than one (represented by the black line) shows the US is investing more than the UK as a proportion of GDP. ",
Invest 2035: the UK's modern industrial strategy - GOV.UK,Figure 7,"Productivity and population, major international cities This figure is a scatter plot which shows the 112 cities in the G7 which are the size of Nottingham or larger",,estimated,unclear,1,pending_high_confidence,"The government wants to work with the EU to boost jobs, economic growth, and UK-EU trade, including by tackling barriers to trade through seeking to strengthen mutual recognition of professional qualifications. Efficient customs and border processes also have a positive impact on UK trade by reducing complexity and costs for imports and exports, while protecting against illegitimate trade and enabling the UK to meet its legal obligations under international agreements. Simplifying customs and bo",
Invest 2035: the UK's modern industrial strategy - GOV.UK,Firm-Level Business Dynamism Estimates from the Longitudinal Business Database,"Summary Statistics, UK",,oecd,obtainable,1,pending_high_confidence,"for Business and Trade calculations based on Office for National Statistics (2024): Real average weekly earnings using consumer price inflation (seasonally adjusted). ↩ - The Productivity Institute (2023) The Productivity Agenda, Resolution Foundation (2023) Ending Stagnation: A New Economic Strategy for Britain, Organisation for Economic Cooperation and Development Economic Surveys: United Kingdom and, Organisation for Economic Cooperation and Development Going for Growth. ↩ - DBT analysis of O",
Invest 2035: the UK's modern industrial strategy - GOV.UK,"For a given programme or policy, a good theory of change needs to set out","- impact: the high-level goal of the programme - outcomes: what needs to happen to achieve the policy or programme’s objectives - intermediate outcomes: the intermediate steps necessary to get from outputs to real-world impact - outputs: the actions that the UK government will need to take (including implementing policies) in order to affect the (intermediate) outcomes - inputs: the resources and conditions necessary for the UK government to deliver these outputs Using this terminology, the ulti",,pitchbook,private,1,pending_high_confidence,"change is in development to illustrate the logical relationships between industrial strategy policies and growth. For a given programme or policy, a good theory of change needs to set out: - impact: the high-level goal of the programme - outcomes: what needs to happen to achieve the policy or programme’s objectives - intermediate outcomes: the intermediate steps necessary to get from outputs to real-world impact - outputs: the actions that the UK government will need to take (including implement",
Invest 2035: the UK's modern industrial strategy - GOV.UK,"For a given programme or policy, a good theory of change needs to set out",- impact: the high-level goal of the programme - outcomes: what needs to happen to achieve the policy or programme’s objectives - intermediate outcomes: the intermediate steps necessary to get from outputs to real-world impact - outputs: the actions that the UK government will need to take (including implementing policies) in order to affect the (intermediate) outcomes - inputs: the resources and conditions necessary for the UK government to deliver,,,unclear,0.91,pending_high_confidence,"run and grow a business – industrial strategy mission groups will bring together business, from scale-ups to large enterprises, to develop targeted solutions on barriers to investment and growth - business representative organisations and trade unions through regular ministerial calls – an industrial strategy forum will bring these groups together to test ideas, consider cross-cutting themes, and provide updates on the development of the strategy - devolved governments, elected mayors, and other",
Invest 2035: the UK's modern industrial strategy - GOV.UK,Foreign Direct Investment in UK Grows as Europe Declines Financial Times (2024),"Europe’s Leading Start-Up Hubs Findexable (2021) Global Fintech Rankings Report Foreign, Commonwealth and Development Office (2024) UK-EU Trade and Cooperation Agreement, UK Domestic Advisory Group: 2024 to 2025 Priorities Report Frontier Economics (2024) Accelerating Progress Towards Climate and Policy Goals through Environmental Regulation Global University Venturing (2023) HM Government (2008) Climate Change Act HM Government (2021) Net Zero Strategy HM Government (2023) Carbon Budget Deliver",,dealroom,private,1,pending_high_confidence,"(2021) UK’s Industrial Policy Learning from the Past Coyle and Muhtar (2022) You’re Not Speaking my Language Creative Industries Policy and Evidence Centre (2024) International Trade and the UK Creative Industries Dealroom (2024) UK Tech: A Forward Look to 2024 Dealroom, Guides: United Kingdom Deloitte (2024) Deloitte CFO Survey Quarter 2 2024 Department for Business and Trade (2023) Harrington Review of Foreign Direct Investment Department for Business and Trade (2023) National Survey of Regist",
Invest 2035: the UK's modern industrial strategy - GOV.UK,for Energy Security and Net Zero (2022) Electricity Networks Strategic Framework,"Enabling a Secure, Net Zero Energy System",,pitchbook,private,1,pending_high_confidence,"2023. ↩ - Ministry of Defence (2024) Annual Report and Accounts 2023 to 2024. ↩ - Largest Companies by Market Cap, as of 8 October 2024. ↩ - House of Commons (2023) The Financial Sector and the UK’s Net Zero Transition. ↩ - Department for Health and Social Care / Department for Science, Innovation and Technology (2024) Bioscience and Health Technology Sector Statistics 2021 to 2022. ↩ - QS (2024) QS World University Rankings by Subject 2024: Life Sciences & Medicine. ↩ - United Nations Trade and",
Invest 2035: the UK's modern industrial strategy - GOV.UK,For example,Deloitte (2024) Deloitte CFO Survey Q2 2024,,pitchbook,private,1,pending_high_confidence,"2023. ↩ - Ministry of Defence (2024) Annual Report and Accounts 2023 to 2024. ↩ - Largest Companies by Market Cap, as of 8 October 2024. ↩ - House of Commons (2023) The Financial Sector and the UK’s Net Zero Transition. ↩ - Department for Health and Social Care / Department for Science, Innovation and Technology (2024) Bioscience and Health Technology Sector Statistics 2021 to 2022. ↩ - QS (2024) QS World University Rankings by Subject 2024: Life Sciences & Medicine. ↩ - United Nations Trade and",
Invest 2035: the UK's modern industrial strategy - GOV.UK,For example,"- city regions like Greater Manchester, West Yorkshire, and the West Midlands are burgeoning centres of modern industry - Edinburgh hosts a major global financial centre with expertise in asset management, and approximately two-thirds of Financial Services sector employment is outside of London [footnote 21] - Manchester, Leeds, Cardiff, and Belfast are home to diverse and successful creative industries clusters - clean Energy industries are flourishing in Scotland, Wales, the North West, and th",,OECD Productivity Database These economic challenges have occurred against a backdrop of broader and longer-term trends in the UK and wider global economy,obtainable,1,pending_high_confidence,"also growing the economy by 79% [footnote 8] and the Institute for Public Policy Research suggests that the UK is already world-leading in making 1 in 3 products vital to the net zero transition [footnote 9]; there is evidence that clean technology specialisms are spread across the UK [footnote 10]; the clean energy mission will enable the UK to achieve clean power by 2030 and accelerate the net zero transition across the economy - has a strong pro-entrepreneurial environment, with several of th",
Invest 2035: the UK's modern industrial strategy - GOV.UK,framework could include,"- a new approach to business engagement, setting out best practice and simplifying routes to engagement – this would offer support to those working with sectors and in business-facing roles and encourage development of policy in a more open way with businesses from the start - a new business academy for government, with a targeted learning and development offer, underpinned by a standards framework setting expectations for all business-facing civil servants from entry to expert level - a new app",,,unclear,0.91,pending_high_confidence,"run and grow a business – industrial strategy mission groups will bring together business, from scale-ups to large enterprises, to develop targeted solutions on barriers to investment and growth - business representative organisations and trade unions through regular ministerial calls – an industrial strategy forum will bring these groups together to test ideas, consider cross-cutting themes, and provide updates on the development of the strategy - devolved governments, elected mayors, and other",
Invest 2035: the UK's modern industrial strategy - GOV.UK,government will,"- partner with the financial services sector to pivot to export to new and growing markets - make the UK the location of choice for green business to finance the net zero transition - take advantage of trends in digitalisation, to attract the firms of the future and increase productivity across the economy Life sciences Over the next decade, the life sciences sector holds enormous potential to drive economic growth and productivity while significantly improving health outcomes for thousands of p",,forecast,unclear,1,pending_high_confidence,"in every region of the UK, with emerging hubs in Belfast, Leeds, Cardiff, and Glasgow, and a global centre in Edinburgh, driving regional growth. The UK’s financial services sector has a unique, core role to play in delivering growth across the whole economy. Along with the US, the UK is 1 of 2 truly global financial centres – a vibrant hub, employment rich and export focused. London, Edinburgh and Glasgow all rank within the top 40 most competitive, globally significant financial centres [footn",
Invest 2035: the UK's modern industrial strategy - GOV.UK,"government will engage widely through the development of this strategy, engaging","- businesses - trade unions - local and devolved leaders - experts - international partners A statutory, permanent, and independent Industrial Strategy Council will be established so that the strategy is informed by a broad and high-quality evidence base",,,unclear,0.91,pending_high_confidence,"and build on, such as high-quality research institutions and innovative firms, its status as a global trading nation, a recognised set of regulatory and competition institutions, the pro-entrepreneurial environment, a highly skilled workforce, and investment opportunities across the country. But the UK also faces significant challenges. The UK economy has faced significant shocks in recent years and has had a poor productivity record over the past decade and a half, consistently investing less t",
Invest 2035: the UK's modern industrial strategy - GOV.UK,Government will use the legal framework created by the Procurement Act 2023 to,- deliver economic growth - raise standards - deliver greater social value opening up procurement to new entrants such as small businesses and social enterprises,,"Department for Science, Innovation and Technology and British Business Bank analysis of Pitchbook and GDP data",private,1,pending_high_confidence,"on factors such as capital intensity, technology risks, and stage of growth [footnote 147]. Figure 6: US-UK venture capital investment multiples – GDP adjusted This figure is a bar chart which shows how levels of venture capital (VC) investment compare between the United States and United Kingdom at different stages of fundraising. Values are expressed as multiples of GDP. A value greater than one (represented by the black line) shows the US is investing more than the UK as a proportion of GDP. ",
Invest 2035: the UK's modern industrial strategy - GOV.UK,"However, of businesses that handle digitised data","- only 21% analysed their data to generate new insights and knowledge - only 2% used their data for AI or automated decision-making [footnote 120] The transformative power of data comes through investment in creating, combining, and building capability to use high-quality data from different sources",,estimated,unclear,1,pending_high_confidence,"firms are defined as the top 10% weighted by employment, laggard firms the bottom 50% weighted by employment and middle firms the remainder. The chart shows that the average labour productivity growth was stronger in 1998 to 2007 than in 2011 to 2019, though the UK more recently saw stronger growth in 2020 to 2021 than in both earlier periods. The main contributor to this growth has primarily been from frontier firms between 1998 to 2007 and 2011 to 2019. During 1998 to 2007 middle firms also ma",
Invest 2035: the UK's modern industrial strategy - GOV.UK,Industrial Strategy (2021) Net Zero Strategy,Build Back Greener,,oecd,obtainable,1,pending_high_confidence,"for Business and Trade calculations based on Office for National Statistics (2024): Real average weekly earnings using consumer price inflation (seasonally adjusted). ↩ - The Productivity Institute (2023) The Productivity Agenda, Resolution Foundation (2023) Ending Stagnation: A New Economic Strategy for Britain, Organisation for Economic Cooperation and Development Economic Surveys: United Kingdom and, Organisation for Economic Cooperation and Development Going for Growth. ↩ - DBT analysis of O",
Invest 2035: the UK's modern industrial strategy - GOV.UK,industrial strategy could include,"- using public sector data as a driver of growth, including the proposed National Data Library, so that prioritised public data assets – for example from transport to environmental data – are an essential part of the UK’s broader, forward-looking approach to data access, with better use of public data economy-wide while ensuring citizens’ data are protected - empowering individuals and businesses with their data – new smart data schemes can provide secure sharing of a customer’s data upon their",,estimated,unclear,1,pending_high_confidence,"firms are defined as the top 10% weighted by employment, laggard firms the bottom 50% weighted by employment and middle firms the remainder. The chart shows that the average labour productivity growth was stronger in 1998 to 2007 than in 2011 to 2019, though the UK more recently saw stronger growth in 2020 to 2021 than in both earlier periods. The main contributor to this growth has primarily been from frontier firms between 1998 to 2007 and 2011 to 2019. During 1998 to 2007 middle firms also ma",
Invest 2035: the UK's modern industrial strategy - GOV.UK,Institute for Public Policy Research (2024) Making Markets,The City’s Role in Industrial Strategy,,survey,unclear,1,pending_high_confidence,"June 2024. ↩ - Office for National Statistics (2024) GDP Quarterly National Accounts April to June 2024. ↩ - Department for Business and Trade (2024) Number of Exporting Registered Businesses in the UK, 2016-2022. ↩ - Department for Business and Trade (2023) National Survey of Registered Businesses’ Exporting Behaviours, Attitudes and Needs. ↩ - Organisation for Economic Cooperation and Development (2024) Making the Most Out of Digital Trade in the United Kingdom. ↩ - Foreign, Commonwealth & Dev",
Invest 2035: the UK's modern industrial strategy - GOV.UK,Institute for Public Policy Research (2024) Manufacturing matters,The Cornerstone of a Competitive Green Economy,,oecd,obtainable,1,pending_high_confidence,"Business Dynamism Estimates from the Longitudinal Business Database: Summary Statistics, UK Office for National Statistics (2023) Output per Hour Worked, UK Office for National Statistics (2023) Trends in UK Business Dynamism and Productivity Office for National Statistics (2023) Workforce Jobs by Industry and Region Office for National Statistics (2024) Balance of Payments April to June 2024 Office for National Statistics (2024) Economically Inactive: UK Office for National Statistics (2024) Em",
Invest 2035: the UK's modern industrial strategy - GOV.UK,Institute for Public Policy Research (2024) Manufacturing Matters,The Cornerstone of a Competitive Green Economy,,oecd,obtainable,1,pending_high_confidence,"for Business and Trade calculations based on Office for National Statistics (2024): Real average weekly earnings using consumer price inflation (seasonally adjusted). ↩ - The Productivity Institute (2023) The Productivity Agenda, Resolution Foundation (2023) Ending Stagnation: A New Economic Strategy for Britain, Organisation for Economic Cooperation and Development Economic Surveys: United Kingdom and, Organisation for Economic Cooperation and Development Going for Growth. ↩ - DBT analysis of O",
Invest 2035: the UK's modern industrial strategy - GOV.UK,"In terms of the theory of change, definitions in this scenario are","- outcome: successful sectors - intermediate outcome: higher investment - output: sector plans - inputs: government resources and complimentary actions by businesses Developing this understanding of the industrial strategy’s contribution to economic growth and other strategic objectives using a theory of change will also enable the government to identify and map critical interdependencies with: - other policy activity - the wider growth mission - other missions, such as the clean energy and oppo",,pitchbook,private,1,pending_high_confidence,"change is in development to illustrate the logical relationships between industrial strategy policies and growth. For a given programme or policy, a good theory of change needs to set out: - impact: the high-level goal of the programme - outcomes: what needs to happen to achieve the policy or programme’s objectives - intermediate outcomes: the intermediate steps necessary to get from outputs to real-world impact - outputs: the actions that the UK government will need to take (including implement",
Invest 2035: the UK's modern industrial strategy - GOV.UK,International Monetary Fund (2021) Building Back Better,How Big Are Green Spending Multipliers?,,oecd,obtainable,1,pending_high_confidence,"for Business and Trade calculations based on Office for National Statistics (2024): Real average weekly earnings using consumer price inflation (seasonally adjusted). ↩ - The Productivity Institute (2023) The Productivity Agenda, Resolution Foundation (2023) Ending Stagnation: A New Economic Strategy for Britain, Organisation for Economic Cooperation and Development Economic Surveys: United Kingdom and, Organisation for Economic Cooperation and Development Going for Growth. ↩ - DBT analysis of O",
Invest 2035: the UK's modern industrial strategy - GOV.UK,International Monetary Fund (2022) Customs Matters,Strengthening Customs Administration in a Changing World,,survey,unclear,1,pending_high_confidence,"June 2024. ↩ - Office for National Statistics (2024) GDP Quarterly National Accounts April to June 2024. ↩ - Department for Business and Trade (2024) Number of Exporting Registered Businesses in the UK, 2016-2022. ↩ - Department for Business and Trade (2023) National Survey of Registered Businesses’ Exporting Behaviours, Attitudes and Needs. ↩ - Organisation for Economic Cooperation and Development (2024) Making the Most Out of Digital Trade in the United Kingdom. ↩ - Foreign, Commonwealth & Dev",
Invest 2035: the UK's modern industrial strategy - GOV.UK,International Trade and the UK Creative Industries Dealroom (2024) UK Tech,"A Forward Look to 2024 Dealroom, Guides: United Kingdom Deloitte (2024) Deloitte CFO Survey Quarter 2 2024 Department for Business and Trade (2023) Harrington Review of Foreign Direct Investment Department for Business and Trade (2023) National Survey of Registered Businesses’ Exporting Behaviours, Attitudes and Needs Department for Business and Trade (2024) Business Investment Analysis Department for Business and Trade (2024) Number of Exporting Registered Businesses in the UK, 2016 to 2022 Dep",,dealroom,private,1,pending_high_confidence,"(2021) UK’s Industrial Policy Learning from the Past Coyle and Muhtar (2022) You’re Not Speaking my Language Creative Industries Policy and Evidence Centre (2024) International Trade and the UK Creative Industries Dealroom (2024) UK Tech: A Forward Look to 2024 Dealroom, Guides: United Kingdom Deloitte (2024) Deloitte CFO Survey Quarter 2 2024 Department for Business and Trade (2023) Harrington Review of Foreign Direct Investment Department for Business and Trade (2023) National Survey of Regist",
Invest 2035: the UK's modern industrial strategy - GOV.UK,International Trade and the UK Creative Industries Dealroom (2024) UK Tech,"A Forward Look to 2024 Dealroom, Guides: United Kingdom Deloitte (2024) Deloitte CFO Survey Quarter 2 2024 Department for Business and Trade (2023) Harrington Review of Foreign Direct Investment Department for Business and Trade (2023) National Survey of Registered Businesses’ Exporting Behaviours, Attitudes and Needs Department for Business and Trade (2024) Business Investment Analysis Department for Business and Trade (2024) Number of Exporting Registered Businesses",,pitchbook,private,1,pending_high_confidence,"change is in development to illustrate the logical relationships between industrial strategy policies and growth. For a given programme or policy, a good theory of change needs to set out: - impact: the high-level goal of the programme - outcomes: what needs to happen to achieve the policy or programme’s objectives - intermediate outcomes: the intermediate steps necessary to get from outputs to real-world impact - outputs: the actions that the UK government will need to take (including implement",
Invest 2035: the UK's modern industrial strategy - GOV.UK,Invest 2035,"the UK's modern industrial strategy Updated 8 May 2026 Foreword Rachel Reeves, Chancellor of the Exchequer and Jonathan Reynolds, Secretary of State for Business and Trade: Growth is the number one mission of this government",,,unclear,0.91,pending_high_confidence,"Invest 2035: the UK's modern industrial strategy Updated 8 May 2026 Foreword Rachel Reeves, Chancellor of the Exchequer and Jonathan Reynolds, Secretary of State for Business and Trade: Growth is the number one mission of this government. Our new industrial strategy is central to that growth mission. This green paper sets out our vision for a modern industrial strategy – a credible, 10-year plan to deliver the certainty and stability businesses need to invest in the high growth sectors that will",
Invest 2035: the UK's modern industrial strategy - GOV.UK,ioritised 4 central factors that the industrial strategy can particularly address,Persistently low levels of investment The UK has routinely ranked in the bottom 10% of OECD countries for overall investment intensity [footnote 29],,OECD Productivity Database These economic challenges have occurred against a backdrop of broader and longer-term trends in the UK and wider global economy,obtainable,1,pending_high_confidence,"also growing the economy by 79% [footnote 8] and the Institute for Public Policy Research suggests that the UK is already world-leading in making 1 in 3 products vital to the net zero transition [footnote 9]; there is evidence that clean technology specialisms are spread across the UK [footnote 10]; the clean energy mission will enable the UK to achieve clean power by 2030 and accelerate the net zero transition across the economy - has a strong pro-entrepreneurial environment, with several of th",
Invest 2035: the UK's modern industrial strategy - GOV.UK,ioritised 4 central factors that the industrial strategy can particularly address,Persistently low levels of investment The UK has routinely ranked in the bottom 10% of OECD countries for overall investment intensity [footnote 29],,oecd,obtainable,1,pending_high_confidence,"within the growth mission more broadly, and other missions where relevant. The UK has closed productivity gaps before — and can do so again [footnote 28]. To that end, we have prioritised 4 central factors that the industrial strategy can particularly address: Persistently low levels of investment The UK has routinely ranked in the bottom 10% of OECD countries for overall investment intensity [footnote 29]. Since at least the 1990s, the UK has frequently had the lowest share of investment in gro",
Invest 2035: the UK's modern industrial strategy - GOV.UK,IPSOS (2023) Global Perceptions,How 18–34-Year-olds See the UK and the World,,oecd,obtainable,1,pending_high_confidence,"Business Dynamism Estimates from the Longitudinal Business Database: Summary Statistics, UK Office for National Statistics (2023) Output per Hour Worked, UK Office for National Statistics (2023) Trends in UK Business Dynamism and Productivity Office for National Statistics (2023) Workforce Jobs by Industry and Region Office for National Statistics (2024) Balance of Payments April to June 2024 Office for National Statistics (2024) Economically Inactive: UK Office for National Statistics (2024) Em",
Invest 2035: the UK's modern industrial strategy - GOV.UK,It will,"- harness research and development (R&D) investment to build strong regional innovation ecosystems - use financial mechanisms like the National Wealth Fund to support investible propositions across the UK - ensure investment is a catalyst for growing city regions - support local businesses and education providers to understand and address the skills needs specific to their areas through tailored Local Skills Improvement Plans Finally, the government will explore how the industrial strategy can i",,estimated,unclear,1,pending_high_confidence,"The government wants to work with the EU to boost jobs, economic growth, and UK-EU trade, including by tackling barriers to trade through seeking to strengthen mutual recognition of professional qualifications. Efficient customs and border processes also have a positive impact on UK trade by reducing complexity and costs for imports and exports, while protecting against illegitimate trade and enabling the UK to meet its legal obligations under international agreements. Simplifying customs and bo",
Invest 2035: the UK's modern industrial strategy - GOV.UK,"ly pro-business, engaging on complex issues that are barriers to investment, like",- skills - recruitment of international talent - data - research and development - technology adoption - access to finance - competition - regulation - energy prices - grid connections - infrastructure - planning all through the lens of promoting investment,,,unclear,0.91,pending_high_confidence,"Invest 2035: the UK's modern industrial strategy Updated 8 May 2026 Foreword Rachel Reeves, Chancellor of the Exchequer and Jonathan Reynolds, Secretary of State for Business and Trade: Growth is the number one mission of this government. Our new industrial strategy is central to that growth mission. This green paper sets out our vision for a modern industrial strategy – a credible, 10-year plan to deliver the certainty and stability businesses need to invest in the high growth sectors that will",
Invest 2035: the UK's modern industrial strategy - GOV.UK,Mazzucato (2021) Mission Economy,A Moonshot Guide to Changing Capitalism,,survey,unclear,1,pending_high_confidence,"June 2024. ↩ - Office for National Statistics (2024) GDP Quarterly National Accounts April to June 2024. ↩ - Department for Business and Trade (2024) Number of Exporting Registered Businesses in the UK, 2016-2022. ↩ - Department for Business and Trade (2023) National Survey of Registered Businesses’ Exporting Behaviours, Attitudes and Needs. ↩ - Organisation for Economic Cooperation and Development (2024) Making the Most Out of Digital Trade in the United Kingdom. ↩ - Foreign, Commonwealth & Dev",
Invest 2035: the UK's modern industrial strategy - GOV.UK,Ministry of Defence (2024) Ministry of Defence Supported Employment Estimates,2022 to 2023,,oecd,obtainable,1,pending_high_confidence,"for Business and Trade calculations based on Office for National Statistics (2024): Real average weekly earnings using consumer price inflation (seasonally adjusted). ↩ - The Productivity Institute (2023) The Productivity Agenda, Resolution Foundation (2023) Ending Stagnation: A New Economic Strategy for Britain, Organisation for Economic Cooperation and Development Economic Surveys: United Kingdom and, Organisation for Economic Cooperation and Development Going for Growth. ↩ - DBT analysis of O",
Invest 2035: the UK's modern industrial strategy - GOV.UK,nated fiscal and non-fiscal measures - successful people,"reduce skills mismatches and boost higher-paid employment in growth-driving sectors, including via increased enrolment in apprenticeships and technical education - successful institutions: improve UK industrial policy stability and coordination through building partnerships and the creation of a statutory Industrial Strategy Council empowered to advise, make recommendations, and monitor industrial strategy policy The theory of change is a work in progress",,pitchbook,private,1,pending_high_confidence,"change is in development to illustrate the logical relationships between industrial strategy policies and growth. For a given programme or policy, a good theory of change needs to set out: - impact: the high-level goal of the programme - outcomes: what needs to happen to achieve the policy or programme’s objectives - intermediate outcomes: the intermediate steps necessary to get from outputs to real-world impact - outputs: the actions that the UK government will need to take (including implement",
Invest 2035: the UK's modern industrial strategy - GOV.UK,net zero objectives for the industrial strategy will be to,- capture the growth opportunities of the clean energy mission and net zero transition - identify and support clean energy industrial sectors with the greatest growth potential,,,unclear,0.91,pending_high_confidence,"long-term and agile policy implementation. Past industrial strategies have often not achieved their objectives because they have been too short lived – the UK has had around 10 industrial strategies, growth plans, or similar since 2011 [footnote 44]. This is why the government is going to establish a statutory and independent Industrial Strategy Council and new partnership structures to provide stability and ensure longevity. Actively shaping and directing the economy in this targeted way means ",
Invest 2035: the UK's modern industrial strategy - GOV.UK,ng Markets in Practice Institute for Public Policy Research (2024) Making Markets,The City’s Role in Industrial Strategy Institute for Public Policy Research (2024) Manufacturing Matters: The Cornerstone of a Competitive Green Economy International Institute for Management Development (2023 World Digital Competitiveness Ranking International Monetary Fund (2021) Building Back Better: How Big Are Green Spending Multipliers? International Monetary Fund (2022) Customs Matters: Strengthening Customs Administration in a Changing World International Renewable Energy Agency (2024) R,,dealroom,private,1,pending_high_confidence,"(2021) UK’s Industrial Policy Learning from the Past Coyle and Muhtar (2022) You’re Not Speaking my Language Creative Industries Policy and Evidence Centre (2024) International Trade and the UK Creative Industries Dealroom (2024) UK Tech: A Forward Look to 2024 Dealroom, Guides: United Kingdom Deloitte (2024) Deloitte CFO Survey Quarter 2 2024 Department for Business and Trade (2023) Harrington Review of Foreign Direct Investment Department for Business and Trade (2023) National Survey of Regist",
Invest 2035: the UK's modern industrial strategy - GOV.UK,Office for National Statistics (2018) UK Trade in Goods and Productivity,New Findings,,pitchbook,private,1,pending_high_confidence,"2023. ↩ - Ministry of Defence (2024) Annual Report and Accounts 2023 to 2024. ↩ - Largest Companies by Market Cap, as of 8 October 2024. ↩ - House of Commons (2023) The Financial Sector and the UK’s Net Zero Transition. ↩ - Department for Health and Social Care / Department for Science, Innovation and Technology (2024) Bioscience and Health Technology Sector Statistics 2021 to 2022. ↩ - QS (2024) QS World University Rankings by Subject 2024: Life Sciences & Medicine. ↩ - United Nations Trade and",
Invest 2035: the UK's modern industrial strategy - GOV.UK,Opportunities cited by business include,"- improving management skills - exploring the use of data and AI - expanding into overseas markets - exploiting new opportunities in supporting the climate transition and digital transformation of clients The government, with industry, will also look to expand the global market for the UK’s professional and business services, for example, by: - capitalising on emerging strengths in accounting and law-tech - promoting the UK’s regional professional and business services strengths overseas - unloc",,forecast,unclear,1,pending_high_confidence,"in every region of the UK, with emerging hubs in Belfast, Leeds, Cardiff, and Glasgow, and a global centre in Edinburgh, driving regional growth. The UK’s financial services sector has a unique, core role to play in delivering growth across the whole economy. Along with the US, the UK is 1 of 2 truly global financial centres – a vibrant hub, employment rich and export focused. London, Edinburgh and Glasgow all rank within the top 40 most competitive, globally significant financial centres [footn",
Invest 2035: the UK's modern industrial strategy - GOV.UK,or Business and Trade calculations based on Office for National Statistics (2024),Real average weekly earnings using consumer price inflation (seasonally adjusted),,oecd,obtainable,1,pending_high_confidence,"Business Dynamism Estimates from the Longitudinal Business Database: Summary Statistics, UK Office for National Statistics (2023) Output per Hour Worked, UK Office for National Statistics (2023) Trends in UK Business Dynamism and Productivity Office for National Statistics (2023) Workforce Jobs by Industry and Region Office for National Statistics (2024) Balance of Payments April to June 2024 Office for National Statistics (2024) Economically Inactive: UK Office for National Statistics (2024) Em",
Invest 2035: the UK's modern industrial strategy - GOV.UK,or Business and Trade calculations based on Office for National Statistics (2024),Real average weekly earnings using consumer price inflation (seasonally adjusted),,oecd,obtainable,1,pending_high_confidence,"for Business and Trade calculations based on Office for National Statistics (2024): Real average weekly earnings using consumer price inflation (seasonally adjusted). ↩ - The Productivity Institute (2023) The Productivity Agenda, Resolution Foundation (2023) Ending Stagnation: A New Economic Strategy for Britain, Organisation for Economic Cooperation and Development Economic Surveys: United Kingdom and, Organisation for Economic Cooperation and Development Going for Growth. ↩ - DBT analysis of O",
Invest 2035: the UK's modern industrial strategy - GOV.UK,ouncil and other stakeholders and experts to build a set of intermediate outcomes,measurable variables that are critical to achieving its outcomes and ultimate impact,,pitchbook,private,1,pending_high_confidence,"change is in development to illustrate the logical relationships between industrial strategy policies and growth. For a given programme or policy, a good theory of change needs to set out: - impact: the high-level goal of the programme - outcomes: what needs to happen to achieve the policy or programme’s objectives - intermediate outcomes: the intermediate steps necessary to get from outputs to real-world impact - outputs: the actions that the UK government will need to take (including implement",
Invest 2035: the UK's modern industrial strategy - GOV.UK,Our economic security objectives for the industrial strategy will be to,"- promote key sectors in the economy which drive growth and strengthen economic security - reduce supply chain and other vulnerabilities in growth-driving sectors which could harm their long-term growth or ability to deliver critical outputs - ensure national security risks inform the approach to driving growth in these sectors Our industrial strategy, including our partnership with the Industrial Strategy Council, will help us think strategically about how we prioritise in support of these obje",,"Office for National Statistics (2023) Output per Hour Worked, UK The UK has strengths within services and manufacturing",unclear,1,pending_high_confidence,"UK’s cities and regions, by tailoring policy to specific place-based constraints and opportunities. There are enormous growth opportunities in city regions and clusters across the UK. Businesses co-locate in specific clusters, with their own place-based opportunities and barriers to growth. The success of the industrial strategy’s growth driving sectors can only be achieved if these clusters reach their full potential, supported through a place-based approach to policy. The regional growth objec",
Invest 2035: the UK's modern industrial strategy - GOV.UK,output growth,"the size and growth rate of the subsector - productivity: to see where opportunities are to boost national productivity - international position: to see where the UK is, or could be, good, relative to other countries, including comparative advantage in tradeable sectors This approach was used to identify potential growth subsectors in existing sectors",,"Office for National Statistics (2023) Output per Hour Worked, UK The UK has strengths within services and manufacturing",unclear,1,pending_high_confidence,"had lower. Source: Office for National Statistics (2023) Output per Hour Worked, UK The UK has strengths within services and manufacturing. The UK is the second biggest services exporter in the world [footnote 50], with established advantages in financial services, creative industries, and other business services. The UK has also revealed comparative advantage in growing advanced manufacturing markets, such as pharmaceuticals and aerospace [footnote 51] (Figure 3). Figure 3: Sector analysis of U",
Invest 2035: the UK's modern industrial strategy - GOV.UK,peration and Development (2022) An Industrial Policy Framework for OECD Countries,"Old Debates, New Perspectives Organisation for Economic Cooperation and Development (2022) Skills for Jobs Organisation for Economic Cooperation and Development (2022) Value for Money in School Education, chapter on The Importance of Human Capital for Economic Outcomes Organisation for Economic Cooperation and Development (2024) ICT Access and Usage by Businesses Organisation for Economic Cooperation and Development (2024) Making the Most out of Digital Trade in the United Kingdom Organisation f",,oecd,obtainable,1,pending_high_confidence,"Business Dynamism Estimates from the Longitudinal Business Database: Summary Statistics, UK Office for National Statistics (2023) Output per Hour Worked, UK Office for National Statistics (2023) Trends in UK Business Dynamism and Productivity Office for National Statistics (2023) Workforce Jobs by Industry and Region Office for National Statistics (2024) Balance of Payments April to June 2024 Office for National Statistics (2024) Economically Inactive: UK Office for National Statistics (2024) Em",
Invest 2035: the UK's modern industrial strategy - GOV.UK,peration and Development (2022) An Industrial Policy Framework for OECD Countries,"Old Debates, New Perspectives for a useful discussion of the issues",,oecd,obtainable,1,pending_high_confidence,"for Business and Trade calculations based on Office for National Statistics (2024): Real average weekly earnings using consumer price inflation (seasonally adjusted). ↩ - The Productivity Institute (2023) The Productivity Agenda, Resolution Foundation (2023) Ending Stagnation: A New Economic Strategy for Britain, Organisation for Economic Cooperation and Development Economic Surveys: United Kingdom and, Organisation for Economic Cooperation and Development Going for Growth. ↩ - DBT analysis of O",
Invest 2035: the UK's modern industrial strategy - GOV.UK,QS (2024) QS World University Rankings by Subject 2024,Life Sciences & Medicine,,pitchbook,private,1,pending_high_confidence,"2023. ↩ - Ministry of Defence (2024) Annual Report and Accounts 2023 to 2024. ↩ - Largest Companies by Market Cap, as of 8 October 2024. ↩ - House of Commons (2023) The Financial Sector and the UK’s Net Zero Transition. ↩ - Department for Health and Social Care / Department for Science, Innovation and Technology (2024) Bioscience and Health Technology Sector Statistics 2021 to 2022. ↩ - QS (2024) QS World University Rankings by Subject 2024: Life Sciences & Medicine. ↩ - United Nations Trade and",
Invest 2035: the UK's modern industrial strategy - GOV.UK,QS (2024) QS World University Rankings by Subject 2024,Life Sciences & Medicine,,oecd,obtainable,1,pending_high_confidence,"for Business and Trade calculations based on Office for National Statistics (2024): Real average weekly earnings using consumer price inflation (seasonally adjusted). ↩ - The Productivity Institute (2023) The Productivity Agenda, Resolution Foundation (2023) Ending Stagnation: A New Economic Strategy for Britain, Organisation for Economic Cooperation and Development Economic Surveys: United Kingdom and, Organisation for Economic Cooperation and Development Going for Growth. ↩ - DBT analysis of O",
Invest 2035: the UK's modern industrial strategy - GOV.UK,QS (2025) World University Rankings 2025,Top Global Universities,,pitchbook,private,1,pending_high_confidence,"2023. ↩ - Ministry of Defence (2024) Annual Report and Accounts 2023 to 2024. ↩ - Largest Companies by Market Cap, as of 8 October 2024. ↩ - House of Commons (2023) The Financial Sector and the UK’s Net Zero Transition. ↩ - Department for Health and Social Care / Department for Science, Innovation and Technology (2024) Bioscience and Health Technology Sector Statistics 2021 to 2022. ↩ - QS (2024) QS World University Rankings by Subject 2024: Life Sciences & Medicine. ↩ - United Nations Trade and",
Invest 2035: the UK's modern industrial strategy - GOV.UK,Quarterly,"Industrial electricity prices in the EU for small, medium, large and extra large consumers (QEP 5",,pitchbook,private,1,pending_high_confidence,"2023. ↩ - Ministry of Defence (2024) Annual Report and Accounts 2023 to 2024. ↩ - Largest Companies by Market Cap, as of 8 October 2024. ↩ - House of Commons (2023) The Financial Sector and the UK’s Net Zero Transition. ↩ - Department for Health and Social Care / Department for Science, Innovation and Technology (2024) Bioscience and Health Technology Sector Statistics 2021 to 2022. ↩ - QS (2024) QS World University Rankings by Subject 2024: Life Sciences & Medicine. ↩ - United Nations Trade and",
Invest 2035: the UK's modern industrial strategy - GOV.UK,Quarterly National Accounts Organisation for Economic Cooperation and Development,Economic Surveys: United Kingdom Organisation for Economic Cooperation and Development: Going for Growth Programme on Innovation Diffusion (2024) Cracking the Productivity Code: An International Comparison of UK Productivity PwC (2016) High Speed Rail International Benchmarking Study PwC (2024) Global Entertainment and Media Outlook QS (2024) QS World University Rankings by Subject 2024: Life Sciences and Medicine QS (2025) World University Rankings 2025: Top Global Universities Resolution Found,,oecd,obtainable,1,pending_high_confidence,"Business Dynamism Estimates from the Longitudinal Business Database: Summary Statistics, UK Office for National Statistics (2023) Output per Hour Worked, UK Office for National Statistics (2023) Trends in UK Business Dynamism and Productivity Office for National Statistics (2023) Workforce Jobs by Industry and Region Office for National Statistics (2024) Balance of Payments April to June 2024 Office for National Statistics (2024) Economically Inactive: UK Office for National Statistics (2024) Em",
Invest 2035: the UK's modern industrial strategy - GOV.UK,regional growth objectives for the industrial strategy will be to,"- unleash the potential of UK cities and regions, taking into account regional growth when considering growth-driving sectors - consider where sectors and relevant capabilities are located to identify clusters that can drive growth Economic security and resilience Geopolitical shifts, COVID-19, and Russia’s invasion of Ukraine have exposed vulnerabilities and dependencies within the global trading environment",,"Office for National Statistics (2023) Output per Hour Worked, UK The UK has strengths within services and manufacturing",unclear,1,pending_high_confidence,"UK’s cities and regions, by tailoring policy to specific place-based constraints and opportunities. There are enormous growth opportunities in city regions and clusters across the UK. Businesses co-locate in specific clusters, with their own place-based opportunities and barriers to growth. The success of the industrial strategy’s growth driving sectors can only be achieved if these clusters reach their full potential, supported through a place-based approach to policy. The regional growth objec",
Invest 2035: the UK's modern industrial strategy - GOV.UK,regional growth objectives for the industrial strategy will be to,"- unleash the potential of UK cities and regions, taking into account regional growth when considering growth-driving sectors - consider where sectors",,,unclear,0.91,pending_high_confidence,"long-term and agile policy implementation. Past industrial strategies have often not achieved their objectives because they have been too short lived – the UK has had around 10 industrial strategies, growth plans, or similar since 2011 [footnote 44]. This is why the government is going to establish a statutory and independent Industrial Strategy Council and new partnership structures to provide stability and ensure longevity. Actively shaping and directing the economy in this targeted way means ",
Invest 2035: the UK's modern industrial strategy - GOV.UK,Resolution Foundation (2022) Enduring strengths,"Analysing the UK’s Current and Potential Economic Strengths, and What They Mean for its Economic Strategy, at the Start of the Decisive Decade",,oecd,obtainable,1,pending_high_confidence,"Business Dynamism Estimates from the Longitudinal Business Database: Summary Statistics, UK Office for National Statistics (2023) Output per Hour Worked, UK Office for National Statistics (2023) Trends in UK Business Dynamism and Productivity Office for National Statistics (2023) Workforce Jobs by Industry and Region Office for National Statistics (2024) Balance of Payments April to June 2024 Office for National Statistics (2024) Economically Inactive: UK Office for National Statistics (2024) Em",
Invest 2035: the UK's modern industrial strategy - GOV.UK,Resolution Foundation (2023) Ending Stagnation,"A New Economic Strategy for Britain, Organisation for Economic Cooperation and Development Economic Surveys: United Kingdom and, Organisation for Economic Cooperation and Development Going for Growth",,oecd,obtainable,1,pending_high_confidence,"Business Dynamism Estimates from the Longitudinal Business Database: Summary Statistics, UK Office for National Statistics (2023) Output per Hour Worked, UK Office for National Statistics (2023) Trends in UK Business Dynamism and Productivity Office for National Statistics (2023) Workforce Jobs by Industry and Region Office for National Statistics (2024) Balance of Payments April to June 2024 Office for National Statistics (2024) Economically Inactive: UK Office for National Statistics (2024) Em",
Invest 2035: the UK's modern industrial strategy - GOV.UK,Resolution Foundation (2023) Ending Stagnation,A New Economic Strategy for Britain,,oecd,obtainable,1,pending_high_confidence,"for Business and Trade calculations based on Office for National Statistics (2024): Real average weekly earnings using consumer price inflation (seasonally adjusted). ↩ - The Productivity Institute (2023) The Productivity Agenda, Resolution Foundation (2023) Ending Stagnation: A New Economic Strategy for Britain, Organisation for Economic Cooperation and Development Economic Surveys: United Kingdom and, Organisation for Economic Cooperation and Development Going for Growth. ↩ - DBT analysis of O",
Invest 2035: the UK's modern industrial strategy - GOV.UK,r example Programme on Innovation Diffusion (2024) Cracking the Productivity Code,An International Comparison of UK Productivity,,oecd,obtainable,1,pending_high_confidence,"for Business and Trade calculations based on Office for National Statistics (2024): Real average weekly earnings using consumer price inflation (seasonally adjusted). ↩ - The Productivity Institute (2023) The Productivity Agenda, Resolution Foundation (2023) Ending Stagnation: A New Economic Strategy for Britain, Organisation for Economic Cooperation and Development Economic Surveys: United Kingdom and, Organisation for Economic Cooperation and Development Going for Growth. ↩ - DBT analysis of O",
Invest 2035: the UK's modern industrial strategy - GOV.UK,rexit on UK Firms Boston Consulting Group (2024) Reshaping British Infrastructure,"Global Lessons to Improve Project Delivery British Business Bank analysis of Pitchbook data, 2021 to 2023 British Film Institute (2023) British Phonographic Industry (2020) Catapult Network (2023) Growth and Prosperity Stories Centre for Cities (2021) Measuring Up Centre for Cities (2021) So You Want to Level Up? Centre for Cities (2024) Climbing the Summit, Big Cities in the UK and G7 Centre for Economic Performance (2024) A New Approach for Better Industrial Strategies Chartered Institute of P",,pitchbook,private,1,pending_high_confidence,"change is in development to illustrate the logical relationships between industrial strategy policies and growth. For a given programme or policy, a good theory of change needs to set out: - impact: the high-level goal of the programme - outcomes: what needs to happen to achieve the policy or programme’s objectives - intermediate outcomes: the intermediate steps necessary to get from outputs to real-world impact - outputs: the actions that the UK government will need to take (including implement",
Invest 2035: the UK's modern industrial strategy - GOV.UK,rgy Agency Renewable Energy Employment by Country IPSOS (2023) Global Perceptions,How 18 to 34-year-olds see the UK and the world Learning And Work Institute (2024) Why 2024 Should be a Year for Employer Investment in Training London Stock Exchange Group (2024) London Stock Exchange’s Equity Capital Markets Update – Quarter 2 2024 Mazzucato (2021) Mission Economy: A Moonshot Guide to Changing Capitalism McKinsey (2021) Opportunities for UK Businesses in the Net-Zero Transition Ministry of Defence (2024) Annual Report and Accounts 2023 to 2024 Ministry of Defence (2024) Minist,,dealroom,private,1,pending_high_confidence,"(2021) UK’s Industrial Policy Learning from the Past Coyle and Muhtar (2022) You’re Not Speaking my Language Creative Industries Policy and Evidence Centre (2024) International Trade and the UK Creative Industries Dealroom (2024) UK Tech: A Forward Look to 2024 Dealroom, Guides: United Kingdom Deloitte (2024) Deloitte CFO Survey Quarter 2 2024 Department for Business and Trade (2023) Harrington Review of Foreign Direct Investment Department for Business and Trade (2023) National Survey of Regist",
Invest 2035: the UK's modern industrial strategy - GOV.UK,rterly National Accounts April to June 2024 Office for National Statistics (2024),"Real Average Weekly Earnings Using Consumer Price Inflation (seasonally adjusted) Office for National Statistics UK Trade Time Series Oliver Wyman (2024) Accelerating Regional Growth Organisation for Economic Cooperation and Development (2018) Market Opening, Growth and Employment Organisation for Economic Cooperation and Development (2019) Indicators of Employment Protection Organisation for Economic Cooperation and Development (2020) Laggard Firms, Technology Diffusion and its Structural and P",,oecd,obtainable,1,pending_high_confidence,"Business Dynamism Estimates from the Longitudinal Business Database: Summary Statistics, UK Office for National Statistics (2023) Output per Hour Worked, UK Office for National Statistics (2023) Trends in UK Business Dynamism and Productivity Office for National Statistics (2023) Workforce Jobs by Industry and Region Office for National Statistics (2024) Balance of Payments April to June 2024 Office for National Statistics (2024) Economically Inactive: UK Office for National Statistics (2024) Em",
Invest 2035: the UK's modern industrial strategy - GOV.UK,ry of Defence Regional Expenditure Statistics with Industry,"2022 to 2023 Ministry of Defence (2024) Ministry of Defence Supported Employment Estimates: 2022 to 2023 Newfarmer and Sztajerowska (2012) Trade and Employment in a Fast-Changing World, in Organisation for Economic Cooperation and Development (2012) Policy Priorities for International Trade and Jobs, Douglas Lippoldt (ed) Office for Budget Responsibility (2024) Economic and Fiscal Outlook Office for Budget Responsibility (2024) Fiscal Risks and Sustainability Report Office for National Statistic",,dealroom,private,1,pending_high_confidence,"(2021) UK’s Industrial Policy Learning from the Past Coyle and Muhtar (2022) You’re Not Speaking my Language Creative Industries Policy and Evidence Centre (2024) International Trade and the UK Creative Industries Dealroom (2024) UK Tech: A Forward Look to 2024 Dealroom, Guides: United Kingdom Deloitte (2024) Deloitte CFO Survey Quarter 2 2024 Department for Business and Trade (2023) Harrington Review of Foreign Direct Investment Department for Business and Trade (2023) National Survey of Regist",
Invest 2035: the UK's modern industrial strategy - GOV.UK,s (2018) UK Trade in Goods and Productivity,"New Findings Office for National Statistics (2022) Firm-Level Labour Productivity Measures from the Annual Business Survey, UK Office for National Statistics (2023) Firm-Level Business Dynamism Estimates from the Longitudinal Business Database: Summary Statistics, UK Office for National Statistics (2023) Output per Hour Worked, UK Office for National Statistics (2023) Trends in UK Business Dynamism and Productivity Office for National Statistics (2023) Workforce Jobs by Industry and Region Offic",,dealroom,private,1,pending_high_confidence,"(2021) UK’s Industrial Policy Learning from the Past Coyle and Muhtar (2022) You’re Not Speaking my Language Creative Industries Policy and Evidence Centre (2024) International Trade and the UK Creative Industries Dealroom (2024) UK Tech: A Forward Look to 2024 Dealroom, Guides: United Kingdom Deloitte (2024) Deloitte CFO Survey Quarter 2 2024 Department for Business and Trade (2023) Harrington Review of Foreign Direct Investment Department for Business and Trade (2023) National Survey of Regist",
Invest 2035: the UK's modern industrial strategy - GOV.UK,"s clean energy superpower mission, in the first 3 months the new government has","- swept away barriers to onshore wind farms [footnote 131] - consented nearly 2 gigawatts (GW) of new solar [footnote 132] - delivered the most successful renewables auction in UK history, with 131 clean energy projects powering the equivalent of 11 million homes [footnote 133] - made available £21",,estimated,unclear,1,pending_high_confidence,"At the national and regional level, planning constraints hold back growth, including in high-performing life sciences clusters like Cambridge [footnote 121] and clean energy industries hubs such as Tees Valley and the North East. Firms require predictability and efficiency when applying for consent for projects, but this is not being provided by existing processes. Businesses have told us that the planning consent process is too lengthy and uncertain. Infrastructure projects spend an average of ",
Invest 2035: the UK's modern industrial strategy - GOV.UK,"sector offers unparalleled opportunities for future economic growth, propelled by","- new discoveries - data availability - AI - groundbreaking treatments - personalised healthcare - innovative manufacturing processes Crucially, the UK’s life sciences sector is built on a strong foundation, with over 6,800 businesses in 2021 to 2022 that generated over £100 billion in turnover [footnote 88]",,forecast,unclear,1,pending_high_confidence,"in every region of the UK, with emerging hubs in Belfast, Leeds, Cardiff, and Glasgow, and a global centre in Edinburgh, driving regional growth. The UK’s financial services sector has a unique, core role to play in delivering growth across the whole economy. Along with the US, the UK is 1 of 2 truly global financial centres – a vibrant hub, employment rich and export focused. London, Edinburgh and Glasgow all rank within the top 40 most competitive, globally significant financial centres [footn",
Invest 2035: the UK's modern industrial strategy - GOV.UK,"Specifically, the industrial strategy will enable","- successful sectors: raise investment in growth-driving sectors to increase their size and productivity - successful places: grow or establish high-productivity clusters of growth-driving sectors across the UK, driving up overall GDP growth and increasing opportunity through the benefits of increased agglomeration - successful markets: boost market dynamism, innovation, and technological adoption and diffusion through increased competition, an improved capability offer to businesses, and coordi",,pitchbook,private,1,pending_high_confidence,"change is in development to illustrate the logical relationships between industrial strategy policies and growth. For a given programme or policy, a good theory of change needs to set out: - impact: the high-level goal of the programme - outcomes: what needs to happen to achieve the policy or programme’s objectives - intermediate outcomes: the intermediate steps necessary to get from outputs to real-world impact - outputs: the actions that the UK government will need to take (including implement",
Invest 2035: the UK's modern industrial strategy - GOV.UK,t characteristics and needs of existing and emerging sectors in order to identify,"- current strengths: the UK’s highest productivity and most internationally competitive sectors and key drivers of growth within the economy - emerging strengths: sectors in which the UK could feasibly develop a comparative advantage, often because of their proximity to the UK’s current strengths – this analysis considers: - forecast growth - the future importance of the sector - the UK’s global position now and in the future It uses a multi-indicator assessment to identify UK subsector strength",,"Office for National Statistics (2023) Output per Hour Worked, UK The UK has strengths within services and manufacturing",unclear,1,pending_high_confidence,"had lower. Source: Office for National Statistics (2023) Output per Hour Worked, UK The UK has strengths within services and manufacturing. The UK is the second biggest services exporter in the world [footnote 50], with established advantages in financial services, creative industries, and other business services. The UK has also revealed comparative advantage in growing advanced manufacturing markets, such as pharmaceuticals and aerospace [footnote 51] (Figure 3). Figure 3: Sector analysis of U",
Invest 2035: the UK's modern industrial strategy - GOV.UK,"te (2023) The Productivity Agenda, Resolution Foundation (2023) Ending Stagnation","A New Economic Strategy for Britain, Organisation for Economic Cooperation and Development Economic Surveys: United Kingdom and, Organisation for Economic Cooperation and Development Going for Growth",,oecd,obtainable,1,pending_high_confidence,"Business Dynamism Estimates from the Longitudinal Business Database: Summary Statistics, UK Office for National Statistics (2023) Output per Hour Worked, UK Office for National Statistics (2023) Trends in UK Business Dynamism and Productivity Office for National Statistics (2023) Workforce Jobs by Industry and Region Office for National Statistics (2024) Balance of Payments April to June 2024 Office for National Statistics (2024) Economically Inactive: UK Office for National Statistics (2024) Em",
Invest 2035: the UK's modern industrial strategy - GOV.UK,"te (2023) The Productivity Agenda, Resolution Foundation (2023) Ending Stagnation","A New Economic Strategy for Britain, Organisation for Economic Cooperation and Development Economic Surveys: United Kingdom and, Organisation for Economic Cooperation and Development Going for Growth",,oecd,obtainable,1,pending_high_confidence,"for Business and Trade calculations based on Office for National Statistics (2024): Real average weekly earnings using consumer price inflation (seasonally adjusted). ↩ - The Productivity Institute (2023) The Productivity Agenda, Resolution Foundation (2023) Ending Stagnation: A New Economic Strategy for Britain, Organisation for Economic Cooperation and Development Economic Surveys: United Kingdom and, Organisation for Economic Cooperation and Development Going for Growth. ↩ - DBT analysis of O",
Invest 2035: the UK's modern industrial strategy - GOV.UK,"that end, value chain analysis is being progressed to identify subsectors within",- foundational sectors: these are the sectors which provide critical inputs and infrastructure to our growth-driving sectors - technologies: these are the technologies which are a critical or emerging part of a growth-driving sector’s value chain Questions 1) How should the UK government identify the most important subsectors for delivering our objectives? 2) How should the UK government account for emerging sectors and technologies for which conventional data sources are less appropriate? 3) Ho,,"Office for National Statistics (2023) Output per Hour Worked, UK The UK has strengths within services and manufacturing",unclear,1,pending_high_confidence,"had lower. Source: Office for National Statistics (2023) Output per Hour Worked, UK The UK has strengths within services and manufacturing. The UK is the second biggest services exporter in the world [footnote 50], with established advantages in financial services, creative industries, and other business services. The UK has also revealed comparative advantage in growing advanced manufacturing markets, such as pharmaceuticals and aerospace [footnote 51] (Figure 3). Figure 3: Sector analysis of U",
Invest 2035: the UK's modern industrial strategy - GOV.UK,There are many drivers such as,"- macroeconomic conditions - trade policy - migration policy These will be addressed within the growth mission more broadly, and other missions where relevant",,OECD Productivity Database These economic challenges have occurred against a backdrop of broader and longer-term trends in the UK and wider global economy,obtainable,1,pending_high_confidence,"also growing the economy by 79% [footnote 8] and the Institute for Public Policy Research suggests that the UK is already world-leading in making 1 in 3 products vital to the net zero transition [footnote 9]; there is evidence that clean technology specialisms are spread across the UK [footnote 10]; the clean energy mission will enable the UK to achieve clean power by 2030 and accelerate the net zero transition across the economy - has a strong pro-entrepreneurial environment, with several of th",
Invest 2035: the UK's modern industrial strategy - GOV.UK,These include the opportunity presented from,"- our transition to net zero - continuing geopolitical uncertainties - the rapid development of artificial intelligence (AI), digitalisation, and increased automation - changing patterns of demand and demographics These trends will shape the UK’s economic future, which means that government needs to help capture the benefits and mitigate the costs for the industrial strategy to be successful",,OECD Productivity Database These economic challenges have occurred against a backdrop of broader and longer-term trends in the UK and wider global economy,obtainable,1,pending_high_confidence,"also growing the economy by 79% [footnote 8] and the Institute for Public Policy Research suggests that the UK is already world-leading in making 1 in 3 products vital to the net zero transition [footnote 9]; there is evidence that clean technology specialisms are spread across the UK [footnote 10]; the clean energy mission will enable the UK to achieve clean power by 2030 and accelerate the net zero transition across the economy - has a strong pro-entrepreneurial environment, with several of th",
Invest 2035: the UK's modern industrial strategy - GOV.UK,These policy areas include,- people and skills - innovation - energy and infrastructure - the regulatory environment - crowding in investment - international partnerships and trade Place A core objective of the industrial strategy is unleashing the full potential of our cities and regions,,,unclear,0.91,pending_high_confidence,"and build on, such as high-quality research institutions and innovative firms, its status as a global trading nation, a recognised set of regulatory and competition institutions, the pro-entrepreneurial environment, a highly skilled workforce, and investment opportunities across the country. But the UK also faces significant challenges. The UK economy has faced significant shocks in recent years and has had a poor productivity record over the past decade and a half, consistently investing less t",
Invest 2035: the UK's modern industrial strategy - GOV.UK,These subsectors were then aggregated to identify the 8 growth-driving sectors,"- advanced manufacturing - clean energy industries - creative industries - defence - digital and technologies - financial services - life sciences - professional and business services Next steps In the next stage of development of the industrial strategy, the government will design ambitious and targeted sector plans for each of the 8 growth-driving sectors in partnership with business, devolved governments, regions, experts, and other stakeholders, through bespoke arrangements tailored to each",,"Office for National Statistics (2023) Output per Hour Worked, UK The UK has strengths within services and manufacturing",unclear,1,pending_high_confidence,"had lower. Source: Office for National Statistics (2023) Output per Hour Worked, UK The UK has strengths within services and manufacturing. The UK is the second biggest services exporter in the world [footnote 50], with established advantages in financial services, creative industries, and other business services. The UK has also revealed comparative advantage in growing advanced manufacturing markets, such as pharmaceuticals and aerospace [footnote 51] (Figure 3). Figure 3: Sector analysis of U",
Invest 2035: the UK's modern industrial strategy - GOV.UK,This catalytic support addresses,"- dynamic effects - external economies of scale - information failures in emerging sectors and in capital-intensive industries, where high uncertainty can deter private investment [footnote 46]",,,unclear,0.91,pending_high_confidence,"long-term and agile policy implementation. Past industrial strategies have often not achieved their objectives because they have been too short lived – the UK has had around 10 industrial strategies, growth plans, or similar since 2011 [footnote 44]. This is why the government is going to establish a statutory and independent Industrial Strategy Council and new partnership structures to provide stability and ensure longevity. Actively shaping and directing the economy in this targeted way means ",
Invest 2035: the UK's modern industrial strategy - GOV.UK,This includes,"- building structures and ways of working which allow for holistic policy solutions, that cut across departmental boundaries and are transformational in scope – for example, through a mission-based approach [footnote 168] - creating ongoing and open dialogue between business, experts, and policymakers which ensure that policy is fit for purpose, including being able to receive timely feedback from users in order to create, amend, or stop policy [footnote 169] - creating mechanisms which allow go",,,unclear,0.96,pending_high_confidence,"countries are intervening to de-risk, reduce development timescales, and accelerate growth in strategic industrial sites through planning reforms and other policies. Working in partnership with national and regional leaders The industrial strategy will support a joined-up approach to unleashing regional growth. This is not the first time a national government has tried to deliver a place-based industrial strategy, but this time there are stronger foundations for success. The government is commit",
Invest 2035: the UK's modern industrial strategy - GOV.UK,This includes engaging,"- businesses through Ministerial meetings, CEO roundtables, and regional visits to ensure the government’s plans reflect what it means to run and grow a business – industrial strategy mission groups will bring together business, from scale-ups to large enterprises, to develop targeted solutions on barriers to investment and growth - business representative organisations and trade unions through regular ministerial calls – an industrial strategy forum will bring these groups together to test idea",,,unclear,0.96,pending_high_confidence,"countries are intervening to de-risk, reduce development timescales, and accelerate growth in strategic industrial sites through planning reforms and other policies. Working in partnership with national and regional leaders The industrial strategy will support a joined-up approach to unleashing regional growth. This is not the first time a national government has tried to deliver a place-based industrial strategy, but this time there are stronger foundations for success. The government is commit",
Invest 2035: the UK's modern industrial strategy - GOV.UK,"t influence investment, removing barriers and building on UK strengths, including",- world-class network of universities - research institutions - Catapults - deep venture capital pool - trade openness Clean energy industries Clean energy industries are a major driver of global growth,,imf,obtainable,1,pending_high_confidence,"less appropriate? 3) How should the UK government incorporate foundational sectors and value chains into this analysis? Our growth-driving sectors For each of the growth-driving sectors, we set out how they link to the industrial strategy objectives, their strengths, and outline where government can – in partnership with business and others – go further to support growth. As we have not yet prioritised the key subsectors, these descriptions are illustrated using indicative examples of subsectors",
Invest 2035: the UK's modern industrial strategy - GOV.UK,tment for Energy Security and Net Zero (2024) Enabling Industrial Electrification,A Call for Evidence,,pitchbook,private,1,pending_high_confidence,"2023. ↩ - Ministry of Defence (2024) Annual Report and Accounts 2023 to 2024. ↩ - Largest Companies by Market Cap, as of 8 October 2024. ↩ - House of Commons (2023) The Financial Sector and the UK’s Net Zero Transition. ↩ - Department for Health and Social Care / Department for Science, Innovation and Technology (2024) Bioscience and Health Technology Sector Statistics 2021 to 2022. ↩ - QS (2024) QS World University Rankings by Subject 2024: Life Sciences & Medicine. ↩ - United Nations Trade and",
Invest 2035: the UK's modern industrial strategy - GOV.UK,"To do this, government policy will be guided by 4 principles",- building long-term stability - using the power of strategic government - a commitment to free and fair trade - easing the investor journey Principles for the industrial strategy Building long-term stability The government will not repeat the mistakes of the past,,survey,unclear,1,pending_high_confidence,"in investment - international partnerships and trade The industrial strategy will consider the effectiveness of both cross-cutting polices and targeted solutions, for growth driving sectors. In doing so, the industrial strategy will help ensure a pro-business environment, as set out in the government’s manifesto. To support that policy development, and to underpin a robust monitoring and evaluation framework, the government is developing a theory of change for the industrial strategy (see Annex ",
Invest 2035: the UK's modern industrial strategy - GOV.UK,"t Office (2024) UK-EU Trade and Cooperation Agreement, UK Domestic Advisory Group",2024 to 2025 priorities report,,pitchbook,private,1,pending_high_confidence,"2023. ↩ - Ministry of Defence (2024) Annual Report and Accounts 2023 to 2024. ↩ - Largest Companies by Market Cap, as of 8 October 2024. ↩ - House of Commons (2023) The Financial Sector and the UK’s Net Zero Transition. ↩ - Department for Health and Social Care / Department for Science, Innovation and Technology (2024) Bioscience and Health Technology Sector Statistics 2021 to 2022. ↩ - QS (2024) QS World University Rankings by Subject 2024: Life Sciences & Medicine. ↩ - United Nations Trade and",
Invest 2035: the UK's modern industrial strategy - GOV.UK,"t Office (2024) UK-EU Trade and Cooperation Agreement, UK Domestic Advisory Group",2024 to 2025 priorities report,,survey,unclear,1,pending_high_confidence,"June 2024. ↩ - Office for National Statistics (2024) GDP Quarterly National Accounts April to June 2024. ↩ - Department for Business and Trade (2024) Number of Exporting Registered Businesses in the UK, 2016-2022. ↩ - Department for Business and Trade (2023) National Survey of Registered Businesses’ Exporting Behaviours, Attitudes and Needs. ↩ - Organisation for Economic Cooperation and Development (2024) Making the Most Out of Digital Trade in the United Kingdom. ↩ - Foreign, Commonwealth & Dev",
Invest 2035: the UK's modern industrial strategy - GOV.UK,ts April to June 2024 Office for National Statistics (2024) Economically Inactive,UK Office for National Statistics (2024) Employee Earnings in the UK Office for National Statistics (2024) GDP Quarterly National Accounts April to June 2024 Office for National Statistics (2024): Real Average Weekly Earnings Using Consumer Price Inflation,,dealroom,private,1,pending_high_confidence,"(2021) UK’s Industrial Policy Learning from the Past Coyle and Muhtar (2022) You’re Not Speaking my Language Creative Industries Policy and Evidence Centre (2024) International Trade and the UK Creative Industries Dealroom (2024) UK Tech: A Forward Look to 2024 Dealroom, Guides: United Kingdom Deloitte (2024) Deloitte CFO Survey Quarter 2 2024 Department for Business and Trade (2023) Harrington Review of Foreign Direct Investment Department for Business and Trade (2023) National Survey of Regist",
Invest 2035: the UK's modern industrial strategy - GOV.UK,UK firms could export more,"in 2022, around 11",,,unclear,0.91,pending_high_confidence,"opening up procurement to new entrants such as small businesses and social enterprises. The act will launch in February 2025, alongside a refreshed national procurement policy statement which will set out its strategic policy priorities for public procurement and to which all contracting authorities will have to have regard when the new regime comes into force. It will apply the full potential of public procurement to deliver value for money, and will set clear strategic direction for procuremen",
Invest 2035: the UK's modern industrial strategy - GOV.UK,"UK has world-leading clusters across the country, including","- life sciences in Cambridge and the Liverpool city region - financial services in Edinburgh, Leeds and London - advanced manufacturing in Broughton and Newport, Greater Manchester, the West Midlands, the North East, and South Yorkshire - digital industries in Bristol and Northern Ireland - clean energy industries in Aberdeen and Derby - many more The industrial strategy will coordinate sectoral and business environment policies to overcome place-based barriers in key clusters and enhance their",,estimated,unclear,1,pending_high_confidence,"The government wants to work with the EU to boost jobs, economic growth, and UK-EU trade, including by tackling barriers to trade through seeking to strengthen mutual recognition of professional qualifications. Efficient customs and border processes also have a positive impact on UK trade by reducing complexity and costs for imports and exports, while protecting against illegitimate trade and enabling the UK to meet its legal obligations under international agreements. Simplifying customs and bo",
Invest 2035: the UK's modern industrial strategy - GOV.UK,United Nations Trade and Development (2024) Services (BPM6),"Exports by Service Category, Trade Partner World, 2023",,oecd,obtainable,1,pending_high_confidence,"for Business and Trade calculations based on Office for National Statistics (2024): Real average weekly earnings using consumer price inflation (seasonally adjusted). ↩ - The Productivity Institute (2023) The Productivity Agenda, Resolution Foundation (2023) Ending Stagnation: A New Economic Strategy for Britain, Organisation for Economic Cooperation and Development Economic Surveys: United Kingdom and, Organisation for Economic Cooperation and Development Going for Growth. ↩ - DBT analysis of O",
Invest 2035: the UK's modern industrial strategy - GOV.UK,United Nations Trade and Development (2024) Services (BPM6),"Exports by Service Category, Trade Partner World, 2023",,pitchbook,private,1,pending_high_confidence,"2023. ↩ - Ministry of Defence (2024) Annual Report and Accounts 2023 to 2024. ↩ - Largest Companies by Market Cap, as of 8 October 2024. ↩ - House of Commons (2023) The Financial Sector and the UK’s Net Zero Transition. ↩ - Department for Health and Social Care / Department for Science, Innovation and Technology (2024) Bioscience and Health Technology Sector Statistics 2021 to 2022. ↩ - QS (2024) QS World University Rankings by Subject 2024: Life Sciences & Medicine. ↩ - United Nations Trade and",
Invest 2035: the UK's modern industrial strategy - GOV.UK,UN Trade and Development (2024) Services (BPM6),"Exports by Service Category, Trade Partner World, 2023",,oecd,obtainable,1,pending_high_confidence,"Business Dynamism Estimates from the Longitudinal Business Database: Summary Statistics, UK Office for National Statistics (2023) Output per Hour Worked, UK Office for National Statistics (2023) Trends in UK Business Dynamism and Productivity Office for National Statistics (2023) Workforce Jobs by Industry and Region Office for National Statistics (2024) Balance of Payments April to June 2024 Office for National Statistics (2024) Economically Inactive: UK Office for National Statistics (2024) Em",
Invest 2035: the UK's modern industrial strategy - GOV.UK,UN Trade and Development (2024) Services (BPM6),"Exports by Service Category, Trade Partner World, 2023",,oecd,obtainable,1,pending_high_confidence,"for Business and Trade calculations based on Office for National Statistics (2024): Real average weekly earnings using consumer price inflation (seasonally adjusted). ↩ - The Productivity Institute (2023) The Productivity Agenda, Resolution Foundation (2023) Ending Stagnation: A New Economic Strategy for Britain, Organisation for Economic Cooperation and Development Economic Surveys: United Kingdom and, Organisation for Economic Cooperation and Development Going for Growth. ↩ - DBT analysis of O",
Invest 2035: the UK's modern industrial strategy - GOV.UK,"Within this, clusters can be strong in different ways","either having deep expertise in a concentrated spatial area, or encompassing related businesses and employees in broad spatial areas that cross administrative boundaries",,,unclear,0.96,pending_high_confidence,"countries are intervening to de-risk, reduce development timescales, and accelerate growth in strategic industrial sites through planning reforms and other policies. Working in partnership with national and regional leaders The industrial strategy will support a joined-up approach to unleashing regional growth. This is not the first time a national government has tried to deliver a place-based industrial strategy, but this time there are stronger foundations for success. The government is commit",
July 2021 UK Innovation Strategy Leading the future by creating it,are more likely to win a greater share of existing markets and create new markets,"many popular products that are highly valued today, such as smart phones or television streaming services, were conceived less than a generation ago",,oecd,obtainable,1,pending_high_confidence,"UK Innovation Strategy: Leading the future by creating it 11 Part 1: Innovation today What is innovation? We define innovation as ‘the creation and application of new knowledge to improve the world’. It is this process which drives human progress. It is the process that brought televisions to our homes, put planes in the sky, and created the vaccines crucial to ending the COVID-19 pandemic. Innovation turns great ideas into value, prosperity, productivity and wellbeing.7 It is the mechanism by w",11
July 2021 UK Innovation Strategy Leading the future by creating it,Available,https://www,,,unclear,0.91,pending_high_confidence,"UK Innovation Strategy: Leading the future by creating it 83 Source of ‘ReFLEX Orkney’ case study.80 Our approach to Missions A suite of bold, specific, measurable, and timed innovation missions will be at the heart of our approach; bringing UK brilliance in science and innovation to tackle some of the toughest problems core to these priorities. Innovation Missions will galvanise innovators across diverse UK sectors and disciplines, combining the insight, expertise, energies and resources of gov",83
July 2021 UK Innovation Strategy Leading the future by creating it,Available from,https://www,,survey,unclear,1,pending_high_confidence,"UK Innovation Strategy: Leading the future by creating it 16 • We are the birthplace of 100 ‘unicorns’ – innovative companies valued at $1 billion or more. This is more than France, Germany and the Netherlands combined. • We have the world’s leading university system by size, with four of the top ten universities in the world and 18 in the Top 100. • We have the global scientific language and an inclusive culture, meaning talent from anywhere in the world should make the UK their home. • We have",16
July 2021 UK Innovation Strategy Leading the future by creating it,Available from,https://www,,,unclear,0.91,pending_high_confidence,"UK Innovation Strategy: Leading the future by creating it 36 businesses to introduce and scale innovations across their markets while upholding protections for citizens and the environment. • We will publish a joint Action Plan on Standards for the Fourth Industrial Revolution with the British Standards Institution (BSI), the National Physical Laboratory (NPL) and the UK Accreditation Service (UKAS). This plan will champion an agile approach to standardisation to respond to fast-paced technologi",36
July 2021 UK Innovation Strategy Leading the future by creating it,Available from,https://www,,British Business Bank and Innovate UK The first step is to make private markets function as effectively as possible,unclear,1,pending_high_confidence,"UK Innovation Strategy: Leading the future by creating it 25 Figure 4: Innovation Funding Landscape – Illustrative Overview Source: British Business Bank and Innovate UK The first step is to make private markets function as effectively as possible. The UK benefits from a diverse ecosystem of finance for innovative start-ups, including angel investors, equity crowdfunding platforms, and venture capital funds. UK government co-invests alongside private investors where private capital alone is insu",25
July 2021 UK Innovation Strategy Leading the future by creating it,Available from,https://www,,"HM Treasury Calculations This trend is broadly visible across the western world,11 suggesting a systemic problem that, if addressed, could unlock a path to greater prosperity",unclear,1,pending_high_confidence,"UK Innovation Strategy: Leading the future by creating it 14 Source: HM Treasury Calculations This trend is broadly visible across the western world,11 suggesting a systemic problem that, if addressed, could unlock a path to greater prosperity. It has been argued that the major cause of slowing growth and productivity over recent decades is the slowing rate of innovation.12 One key marker of this in the UK is our decline in the rate of growth in R&D spending – both public and private. In the UK,",14
July 2021 UK Innovation Strategy Leading the future by creating it,Available from,https://www,,estimated,unclear,1,pending_high_confidence,"UK Innovation Strategy: Leading the future by creating it 39 increased exports. Businesses supported were twice as likely to remain in business five years after the last recession, had improved their brand image and increased productivity, with their turnover growth exceeding their employment growth. Safeguarding Intellectual Property The Intellectual Property (IP) regime gives researchers, inventors and creators the confidence to develop something new. It helps innovators reap the rewards of th",39
July 2021 UK Innovation Strategy Leading the future by creating it,Available from,https://www,,,unclear,0.91,pending_high_confidence,"UK Innovation Strategy: Leading the future by creating it 60 • It greatly expands the amount of talent we have available to innovate. Talent is equally distributed globally, meaning most of the top talent is not home grown. • It diversifies the perspectives and skills we have available. Each education system and culture has its own strengths and limitations. The wider the range of perspectives and backgrounds, the more likely we are to find the hidden treasure we seek. • It makes us a global hub",60
July 2021 UK Innovation Strategy Leading the future by creating it,Available from,https://www,,survey,unclear,1,pending_high_confidence,"UK Innovation Strategy: Leading the future by creating it 52 Pillar 2: People – We will make the UK the most exciting place for innovation talent COVID-19 has shown the rich diversity of domestic and global talent and skills needed for world class innovation. In this Pillar we set out how we will provide businesses with the skills they need, by developing the UK's workforce and attracting and retaining global talent. We will promote a richer diversity of skills critical for innovation and ensure",52
July 2021 UK Innovation Strategy Leading the future by creating it,Available from,https://hansard,,,unclear,0.91,pending_high_confidence,"UK Innovation Strategy: Leading the future by creating it 103 environment for exporters, easing trade and championing regulatory reform. • We will publish a National AI Strategy in the Autumn, coordinated by the Office for AI. Following on from the nearly £1 billion partnership between government, industry and academia, the National AI Strategy will set out how we intend to build on our early lead in Artificial Intelligence while also supporting businesses and the public sector to responsibly ad",103
July 2021 UK Innovation Strategy Leading the future by creating it,Available from,https://media,,oecd,obtainable,1,pending_high_confidence,"UK Innovation Strategy: Leading the future by creating it 11 Part 1: Innovation today What is innovation? We define innovation as ‘the creation and application of new knowledge to improve the world’. It is this process which drives human progress. It is the process that brought televisions to our homes, put planes in the sky, and created the vaccines crucial to ending the COVID-19 pandemic. Innovation turns great ideas into value, prosperity, productivity and wellbeing.7 It is the mechanism by w",11
July 2021 UK Innovation Strategy Leading the future by creating it,Available from,https://www,,,unclear,0.91,pending_high_confidence,"UK Innovation Strategy: Leading the future by creating it 9 includes a range of critical measures to support start-ups, scale-ups, and attract global talent. The Innovation Strategy builds on these steps taken to unleash UK innovators and private sector investment in innovation. We are in a race to the top. The UK government, therefore, has an overarching goal of making the UK a global hub for innovation, placing innovation at the centre of everything this nation does. Through this we seek to ge",9
July 2021 UK Innovation Strategy Leading the future by creating it,Available from,https://mrc,,survey,unclear,1,pending_high_confidence,"UK Innovation Strategy: Leading the future by creating it 45 Getting technologies to market The commercialisation of new ideas is critical to enable new innovations to have real impact on people’s lives. We must do more to improve our ability to commercialise – the process of taking new ideas and technologies to market – and exploit fully our underlying research base. The UK has been successful in commercialising within certain fields of research such as the life sciences, including through prog",45
July 2021 UK Innovation Strategy Leading the future by creating it,Available from,https://www,,,unclear,0.91,pending_high_confidence,"UK Innovation Strategy: Leading the future by creating it 82 We will establish a new Innovation Missions Programme to tackle some of the most significant issues confronting the UK in the coming years. The programme will build on the successes of the Vaccine Taskforce mission and historic UK leadership in mission-driven innovation. It will set out a suite of bold new goals responsive to our current priorities, behind which we will rally and focus the talents of the UK’s world-leading innovation c",82
July 2021 UK Innovation Strategy Leading the future by creating it,Business Growth and Innovation,The wider impact of rapidly growing firms in the UK city regions’,,oecd,obtainable,1,pending_high_confidence,"UK Innovation Strategy: Leading the future by creating it 11 Part 1: Innovation today What is innovation? We define innovation as ‘the creation and application of new knowledge to improve the world’. It is this process which drives human progress. It is the process that brought televisions to our homes, put planes in the sky, and created the vaccines crucial to ending the COVID-19 pandemic. Innovation turns great ideas into value, prosperity, productivity and wellbeing.7 It is the mechanism by w",11
July 2021 UK Innovation Strategy Leading the future by creating it,Case Study,"STEM Ambassadors The STEM Ambassador programme, delivered by STEM Learning, is a network of 33,000 volunteers from 7,000 STEM employers who give their time and enthusiasm to help bring STEM subjects to life and demonstrate their relevance to young people",,,unclear,0.91,pending_high_confidence,"UK Innovation Strategy: Leading the future by creating it 56 future workforce can be developed to enable business to take advantage of new and emerging technologies, the opportunities of innovation, and more productive systems and practices. This will prepare the way for future Emerging Skills projects and an expanded use of the Skills Value Chain. Furthermore, UKRI, through Innovate UK, will develop a leadership role in identifying critical innovation emerging skills gaps and will be recognised",56
July 2021 UK Innovation Strategy Leading the future by creating it,Case Study,"Women in Innovation Award Holder Agnes Czako, Founder AirEx AirEx is a technology start-up developing and scaling-up efficiency technologies in the domestic retrofit sector, to tackle fuel poverty and climate change",,,unclear,0.91,pending_high_confidence,"UK Innovation Strategy: Leading the future by creating it 64 Making innovation open to everyone A diverse workforce increases the opportunity for creativity and innovation within firms. Studies show that firms with more diverse teams are more innovative.68 Increased diversity is shown to lead to higher efficiency in knowledge-intensive industries, drive inventions and increase economic growth.69 The UK can only achieve its goals for innovation if we draw on the talents of all parts of society. P",64
July 2021 UK Innovation Strategy Leading the future by creating it,Case Study,"Queens Award for Enterprise: Innovation – SnapDragon Monitoring SnapDragon Monitoring, based in Edinburgh, Scotland, is an online brand protection company dedicated to fighting fakes online, were winners of the Queen’s Award for Enterprise in the Innovation category in 2020",,,unclear,0.91,pending_high_confidence,"UK Innovation Strategy: Leading the future by creating it 50 driving an effective innovation ecosystem. This will include the role of their successful collaborative R&D programmes, networks and infrastructure like the KTN and Catapult centres, as well as how they work together with other UKRI councils, funding agencies in Scotland, Wales and Northern Ireland, and PSREs. Celebrating Innovative businesses Recognising and celebrating innovative businesses can bring direct benefits to the company an",50
July 2021 UK Innovation Strategy Leading the future by creating it,Case Study,"Environmental Satellite Data Deliver Multi-Million-Pound Boost for East Midlands Over 130 firms have secured benefits worth millions of pounds thanks to University of Leicester environmental research, harnessing satellite data to tackle real-world challenges",,forecast,unclear,1,pending_high_confidence,"UK Innovation Strategy: Leading the future by creating it 77 National programmes responding to local need All UK regions have innovative firms that have increased their productivity by using R&D. However, these improvements vary by region and depend on the type of innovation and the type of firms in the region. We want to respond to this by collaborating with specific places and building national programmes that are better tailored to local needs. We already have a varied and effective programme",77
July 2021 UK Innovation Strategy Leading the future by creating it,Case Study,The UK Innovation Districts Group – Belfast Innovation District The UK Innovation Districts Group is a peer network of practitioners from across the country and different sectors,,,unclear,0.91,pending_high_confidence,"UK Innovation Strategy: Leading the future by creating it 74 • reviewing how best to increase local engagement, and the regional presence, of major R&D funding bodies, and the influence that local, regional and national stakeholders have on UK-wide decision-making; • reviewing ways in which we can deliver stronger levelling up outcomes from current and future research and innovation programmes; • encouraging institutions such as PSREs, Catapults and universities and colleges to increase their lo",74
July 2021 UK Innovation Strategy Leading the future by creating it,Data Mobility,"The personal data portability growth opportunity for the UK economy’ Case Studies: Open Banking and the Global Open Finance Centre of Excellence CMA’s Retail Banking order in 2017 mandated the nine largest UK banks to share customer data (with consent) and required them to fund implementation of Open Banking, enabling personal customers and small businesses to share their data securely with other banks and other third parties",,estimated,unclear,1,pending_high_confidence,"UK Innovation Strategy: Leading the future by creating it 37 The National Data Strategy set out the UK government’s vision for harnessing the power of responsible data use and launched a national conversation on how to make the most of data’s opportunities. The public consultation demonstrated that people welcome the idea of data as a strategic asset and that it should not just be considered a threat, but an opportunity to drive productivity and innovation. It also highlighted that data must be ",37
July 2021 UK Innovation Strategy Leading the future by creating it,D (GERD),Total as a percentage of GDP’,,"HM Treasury Calculations This trend is broadly visible across the western world,11 suggesting a systemic problem that, if addressed, could unlock a path to greater prosperity",unclear,1,pending_high_confidence,"UK Innovation Strategy: Leading the future by creating it 14 Source: HM Treasury Calculations This trend is broadly visible across the western world,11 suggesting a systemic problem that, if addressed, could unlock a path to greater prosperity. It has been argued that the major cause of slowing growth and productivity over recent decades is the slowing rate of innovation.12 One key marker of this in the UK is our decline in the rate of growth in R&D spending – both public and private. In the UK,",14
July 2021 UK Innovation Strategy Leading the future by creating it,d-hughes- medical-institute-breaks-ground-janelia-farm-research-campus Case Study,"The origins of personal computing and the internet at ARPA and DARPAs role in new technology for COVID-19 ARPA, now DARPA (Defense Advanced Research Project Agency), has a clear focus on achieving transformational change, with a lean structure, high risk tolerance, and inspiring leadership",,,unclear,0.91,pending_high_confidence,"UK Innovation Strategy: Leading the future by creating it 71 The UK Advanced Research and Invention Agency (ARIA) In 1958, Sputnik caught the west by surprise. In response, the United States created the Advanced Research Projects Agency (ARPA) with a broad mission of preventing strategic surprise. ARPA had a radically different model to today’s funders, empowering brilliant program managers to exercise their judgement in order to fund research that many would view as certain to fail. ARPA helped",71
July 2021 UK Innovation Strategy Leading the future by creating it,Difference Makes a Difference,Team Diversity and Innovation’ 69 Ozgen et al,,,unclear,0.91,pending_high_confidence,"UK Innovation Strategy: Leading the future by creating it 64 Making innovation open to everyone A diverse workforce increases the opportunity for creativity and innovation within firms. Studies show that firms with more diverse teams are more innovative.68 Increased diversity is shown to lead to higher efficiency in knowledge-intensive industries, drive inventions and increase economic growth.69 The UK can only achieve its goals for innovation if we draw on the talents of all parts of society. P",64
July 2021 UK Innovation Strategy Leading the future by creating it,D Roadmap survey,summary of responses’,,survey,unclear,1,pending_high_confidence,"UK Innovation Strategy: Leading the future by creating it 45 Getting technologies to market The commercialisation of new ideas is critical to enable new innovations to have real impact on people’s lives. We must do more to improve our ability to commercialise – the process of taking new ideas and technologies to market – and exploit fully our underlying research base. The UK has been successful in commercialising within certain fields of research such as the life sciences, including through prog",45
July 2021 UK Innovation Strategy Leading the future by creating it,"ement this Strategy we will examine a range of quantitative indicators, including","• International comparators, such as: o the Global Innovation Index, o the World Bank’s Ease of Doing Business Survey o OECD cross country data covering innovation activity with comparator countries • UK-focused studies, such as o the UK Innovation Survey o ONS’ publications covering R&D expenditures o Small Business Surveys covering innovation, entrepreneurship and finance",,world bank,obtainable,1,pending_high_confidence,"UK Innovation Strategy: Leading the future by creating it 21 Vision 2035: The UK as a global hub for innovation We have four objectives – which we refer to as ‘Pillars’ – in this Strategy which, if delivered, will achieve our vision of the UK as a global hub for innovation by 2035: • Pillar 1: Unleashing business – We will fuel businesses who want to innovate. • Pillar 2: People – We will make the UK the most exciting place for innovation talent. • Pillar 3: Institutions & Places – We will ensur",21
July 2021 UK Innovation Strategy Leading the future by creating it,est data from US AUTM Licensing Survey and UK HEBCI Survey for 2018-19 Case Study,"Qioptiq Ltd and the two-year Knowledge Transfer Partnership with the Business School at Cardiff University Qioptiq Ltd, based in Saint Asaph in Wales, entered into a two-year Knowledge Transfer Partnership (KTP) with the Business School at Cardiff University",,survey,unclear,1,pending_high_confidence,"UK Innovation Strategy: Leading the future by creating it 46 This will include offering long-term, stage-gated funding to commercialise new and improved technologies, products, processes or services. In addition, Innovate UK will continue to strengthen its provision of support for commercialisation capability through programmes such as the Innovation to Commercialisation of University Research (ICURe), and Knowledge Transfer Partnerships (KTPs) – which ensures a flow of people with expertise fro",46
July 2021 UK Innovation Strategy Leading the future by creating it,Figure 1,"GDP per capita, 1000 to 2018",,"Maddison project Database 2020 (Bold and van Zanden 2020) Growth itself has been falling for several decades, from 4% per year in the 1950s and 1960s to 2% in the 2010s",unclear,1,pending_high_confidence,"UK Innovation Strategy: Leading the future by creating it 13 The challenge: Innovation created the modern world, but progress is slowing Innovation is vital for economic growth and increased productivity, creating more and better- paid jobs9. It enables businesses to grow and improves UK competitiveness.10 In the last 100 years alone, GDP per person in the UK has increased by 340% – largely thanks to innovations enabled by technological developments like electrification and transportation advanc",13
July 2021 UK Innovation Strategy Leading the future by creating it,Figure 2,"UK Productivity and total labour compensation, 2000-2019",,"HM Treasury Calculations This trend is broadly visible across the western world,11 suggesting a systemic problem that, if addressed, could unlock a path to greater prosperity",unclear,1,pending_high_confidence,"UK Innovation Strategy: Leading the future by creating it 14 Source: HM Treasury Calculations This trend is broadly visible across the western world,11 suggesting a systemic problem that, if addressed, could unlock a path to greater prosperity. It has been argued that the major cause of slowing growth and productivity over recent decades is the slowing rate of innovation.12 One key marker of this in the UK is our decline in the rate of growth in R&D spending – both public and private. In the UK,",14
July 2021 UK Innovation Strategy Leading the future by creating it,"For example, UKRI supports two major programmes",the STEM Ambassadors programme (see case study) and the CREST awards for project work in STEM subjects,,,unclear,0.91,pending_high_confidence,"UK Innovation Strategy: Leading the future by creating it 56 future workforce can be developed to enable business to take advantage of new and emerging technologies, the opportunities of innovation, and more productive systems and practices. This will prepare the way for future Emerging Skills projects and an expanded use of the Skills Value Chain. Furthermore, UKRI, through Innovate UK, will develop a leadership role in identifying critical innovation emerging skills gaps and will be recognised",56
July 2021 UK Innovation Strategy Leading the future by creating it,For immigration to influence innovation takes time and scale,"across US counties, an influx of 2,500 high-skilled immigrants adds one more patent per 1,000 population over 5 years",,,unclear,0.91,pending_high_confidence,"UK Innovation Strategy: Leading the future by creating it 60 • It greatly expands the amount of talent we have available to innovate. Talent is equally distributed globally, meaning most of the top talent is not home grown. • It diversifies the perspectives and skills we have available. Each education system and culture has its own strengths and limitations. The wider the range of perspectives and backgrounds, the more likely we are to find the hidden treasure we seek. • It makes us a global hub",60
July 2021 UK Innovation Strategy Leading the future by creating it,Global Productivity,"Trends, Drivers, Policies’",,"HM Treasury Calculations This trend is broadly visible across the western world,11 suggesting a systemic problem that, if addressed, could unlock a path to greater prosperity",unclear,1,pending_high_confidence,"UK Innovation Strategy: Leading the future by creating it 14 Source: HM Treasury Calculations This trend is broadly visible across the western world,11 suggesting a systemic problem that, if addressed, could unlock a path to greater prosperity. It has been argued that the major cause of slowing growth and productivity over recent decades is the slowing rate of innovation.12 One key marker of this in the UK is our decline in the rate of growth in R&D spending – both public and private. In the UK,",14
July 2021 UK Innovation Strategy Leading the future by creating it,Health and Social Care (DHSC) has recently published a draft of Data saves lives,"reshaping health and social care with data: a strategy that sets out how data will be used to improve the health and care of the population in a safe, trusted and transparent way",,estimated,unclear,1,pending_high_confidence,"UK Innovation Strategy: Leading the future by creating it 37 The National Data Strategy set out the UK government’s vision for harnessing the power of responsible data use and launched a national conversation on how to make the most of data’s opportunities. The public consultation demonstrated that people welcome the idea of data as a strategic asset and that it should not just be considered a threat, but an opportunity to drive productivity and innovation. It also highlighted that data must be ",37
July 2021 UK Innovation Strategy Leading the future by creating it,"In May 2021, we delivered on our commitment in Build Back Better","our plan for growth to expand the route so that global prize winners automatically qualify, and the UK government will look to broaden the list of prizes later this year",,,unclear,0.91,pending_high_confidence,"UK Innovation Strategy: Leading the future by creating it 60 • It greatly expands the amount of talent we have available to innovate. Talent is equally distributed globally, meaning most of the top talent is not home grown. • It diversifies the perspectives and skills we have available. Each education system and culture has its own strengths and limitations. The wider the range of perspectives and backgrounds, the more likely we are to find the hidden treasure we seek. • It makes us a global hub",60
July 2021 UK Innovation Strategy Leading the future by creating it,Innovation and Productivity,"Estimating the core model across 18 Countries in OECD, Innovation in Firms – A Microeconomic Perspective’, Paris: OECD (2009)",,oecd,obtainable,1,pending_high_confidence,"UK Innovation Strategy: Leading the future by creating it 48 Driving the adoption of technologies by business For the UK to reap the benefits of innovative ideas they must be widely adopted. We must embed a pro-innovation culture and provide businesses with access to the support, knowledge and skills required to take advantage of the latest innovations. Adapting to changing environments, exploiting new opportunities or overcoming challenges is vital to the health of the UK economy. While the UK ",48
July 2021 UK Innovation Strategy Leading the future by creating it,Innovation and Productivity,"Estimating the core model across 18 Countries’ in OECD ‘Innovation in Firms – A Microeconomic Perspective’, Paris: OECD (2009)",,"Maddison project Database 2020 (Bold and van Zanden 2020) Growth itself has been falling for several decades, from 4% per year in the 1950s and 1960s to 2% in the 2010s",unclear,1,pending_high_confidence,"UK Innovation Strategy: Leading the future by creating it 13 The challenge: Innovation created the modern world, but progress is slowing Innovation is vital for economic growth and increased productivity, creating more and better- paid jobs9. It enables businesses to grow and improves UK competitiveness.10 In the last 100 years alone, GDP per person in the UK has increased by 340% – largely thanks to innovations enabled by technological developments like electrification and transportation advanc",13
July 2021 UK Innovation Strategy Leading the future by creating it,Innovation does not just happen in physical products,"software, designs, art and a wide range of other less tangible innovations are also central to the modern economy",,oecd,obtainable,1,pending_high_confidence,"UK Innovation Strategy: Leading the future by creating it 11 Part 1: Innovation today What is innovation? We define innovation as ‘the creation and application of new knowledge to improve the world’. It is this process which drives human progress. It is the process that brought televisions to our homes, put planes in the sky, and created the vaccines crucial to ending the COVID-19 pandemic. Innovation turns great ideas into value, prosperity, productivity and wellbeing.7 It is the mechanism by w",11
July 2021 UK Innovation Strategy Leading the future by creating it,Investigating the links between innovation and productivity,"an analysis of UK firms’, BIS, 2010; Criscuolo C",,oecd,obtainable,1,pending_high_confidence,"UK Innovation Strategy: Leading the future by creating it 48 Driving the adoption of technologies by business For the UK to reap the benefits of innovative ideas they must be widely adopted. We must embed a pro-innovation culture and provide businesses with access to the support, knowledge and skills required to take advantage of the latest innovations. Adapting to changing environments, exploiting new opportunities or overcoming challenges is vital to the health of the UK economy. While the UK ",48
July 2021 UK Innovation Strategy Leading the future by creating it,Investigating the links between innovation and productivity,"an analysis of UK firms’, BIS, 2010; Criscuolo C",,"Maddison project Database 2020 (Bold and van Zanden 2020) Growth itself has been falling for several decades, from 4% per year in the 1950s and 1960s to 2% in the 2010s",unclear,1,pending_high_confidence,"UK Innovation Strategy: Leading the future by creating it 13 The challenge: Innovation created the modern world, but progress is slowing Innovation is vital for economic growth and increased productivity, creating more and better- paid jobs9. It enables businesses to grow and improves UK competitiveness.10 In the last 100 years alone, GDP per person in the UK has increased by 340% – largely thanks to innovations enabled by technological developments like electrification and transportation advanc",13
July 2021 UK Innovation Strategy Leading the future by creating it,IP is vital to the UK economy,"in 2016, firms in the UK private sector invested an estimated £134",,estimated,unclear,1,pending_high_confidence,"UK Innovation Strategy: Leading the future by creating it 39 increased exports. Businesses supported were twice as likely to remain in business five years after the last recession, had improved their brand image and increased productivity, with their turnover growth exceeding their employment growth. Safeguarding Intellectual Property The Intellectual Property (IP) regime gives researchers, inventors and creators the confidence to develop something new. It helps innovators reap the rewards of th",39
July 2021 UK Innovation Strategy Leading the future by creating it,launch will sit alongside the launch of Help To Grow,"Management, helping to create the conditions for businesses to adopt innovation",,oecd,obtainable,1,pending_high_confidence,"UK Innovation Strategy: Leading the future by creating it 48 Driving the adoption of technologies by business For the UK to reap the benefits of innovative ideas they must be widely adopted. We must embed a pro-innovation culture and provide businesses with access to the support, knowledge and skills required to take advantage of the latest innovations. Adapting to changing environments, exploiting new opportunities or overcoming challenges is vital to the health of the UK economy. While the UK ",48
July 2021 UK Innovation Strategy Leading the future by creating it,Major projects are defined as those which,require spending over and above departmental expenditure limits; require primary legislation; and are innovative or contentious,,,unclear,0.91,pending_high_confidence,"UK Innovation Strategy: Leading the future by creating it 44 to government objectives. Effective demand-signalling between UK government and the market is essential. To address this, UK Government departments and public sector delivery bodies will, where appropriate, produce a clear overall policy problem statement that describes the priority outcomes, that they want to solve or achieve – aligning with the Public Value Framework. Departments may choose to do so through their public Outcome Deliv",44
July 2021 UK Innovation Strategy Leading the future by creating it,Nature Reviews,"Drug Discover, 11 15 Bloom, N",,"HM Treasury Calculations This trend is broadly visible across the western world,11 suggesting a systemic problem that, if addressed, could unlock a path to greater prosperity",unclear,1,pending_high_confidence,"UK Innovation Strategy: Leading the future by creating it 14 Source: HM Treasury Calculations This trend is broadly visible across the western world,11 suggesting a systemic problem that, if addressed, could unlock a path to greater prosperity. It has been argued that the major cause of slowing growth and productivity over recent decades is the slowing rate of innovation.12 One key marker of this in the UK is our decline in the rate of growth in R&D spending – both public and private. In the UK,",14
July 2021 UK Innovation Strategy Leading the future by creating it,"of foundational digital technologies, the UK government will launch Help to Grow",Digital later this year – as announced in our plan for growth,,oecd,obtainable,1,pending_high_confidence,"UK Innovation Strategy: Leading the future by creating it 48 Driving the adoption of technologies by business For the UK to reap the benefits of innovative ideas they must be widely adopted. We must embed a pro-innovation culture and provide businesses with access to the support, knowledge and skills required to take advantage of the latest innovations. Adapting to changing environments, exploiting new opportunities or overcoming challenges is vital to the health of the UK economy. While the UK ",48
July 2021 UK Innovation Strategy Leading the future by creating it,One avenue of innovation opportunity is smart data,the secure sharing of customer data with authorised third parties,,estimated,unclear,1,pending_high_confidence,"UK Innovation Strategy: Leading the future by creating it 37 The National Data Strategy set out the UK government’s vision for harnessing the power of responsible data use and launched a national conversation on how to make the most of data’s opportunities. The public consultation demonstrated that people welcome the idea of data as a strategic asset and that it should not just be considered a threat, but an opportunity to drive productivity and innovation. It also highlighted that data must be ",37
July 2021 UK Innovation Strategy Leading the future by creating it,Opportunity Lost,How inventive potential is squandered and what to do about it’,,,unclear,0.91,pending_high_confidence,"UK Innovation Strategy: Leading the future by creating it 65 that, for example, less than 2% of school pupils in the UK take part in such an initiative each year.73 We may also be missing opportunities to link invention schemes with initiatives that seek to help young people develop creative and entrepreneurial skills - all of which are important in creating future innovators. To support the ambitions of the Innovation Strategy, NESTA will explore how it could work together with BEIS to identify",65
July 2021 UK Innovation Strategy Leading the future by creating it,org/content/354/6317/1288 Case Study,Kick-starting the mobile money revolution in East Africa Over 2003-05 UK aid R&D and other support enabled Vodafone to launch a mobile currency service to support micro-finance,,survey,unclear,1,pending_high_confidence,"UK Innovation Strategy: Leading the future by creating it 16 • We are the birthplace of 100 ‘unicorns’ – innovative companies valued at $1 billion or more. This is more than France, Germany and the Netherlands combined. • We have the world’s leading university system by size, with four of the top ten universities in the world and 18 in the Top 100. • We have the global scientific language and an inclusive culture, meaning talent from anywhere in the world should make the UK their home. • We have",16
July 2021 UK Innovation Strategy Leading the future by creating it,ost widely used definition of innovation is from OECD which defines innovation as,“An innovation is a new or improved product or process (or combination thereof) that differs significantly from the unit’s previous products or processes and that has been made available to potential users (product) or brought into use by the unit (process),,oecd,obtainable,1,pending_high_confidence,"UK Innovation Strategy: Leading the future by creating it 11 Part 1: Innovation today What is innovation? We define innovation as ‘the creation and application of new knowledge to improve the world’. It is this process which drives human progress. It is the process that brought televisions to our homes, put planes in the sky, and created the vaccines crucial to ending the COVID-19 pandemic. Innovation turns great ideas into value, prosperity, productivity and wellbeing.7 It is the mechanism by w",11
July 2021 UK Innovation Strategy Leading the future by creating it,"our action is organised under four pillars, which are set out in detail in Part 3",• Pillar 1: Unleashing Business – We will fuel businesses who want to innovate,,,unclear,0.91,pending_high_confidence,"UK Innovation Strategy: Leading the future by creating it 9 includes a range of critical measures to support start-ups, scale-ups, and attract global talent. The Innovation Strategy builds on these steps taken to unleash UK innovators and private sector investment in innovation. We are in a race to the top. The UK government, therefore, has an overarching goal of making the UK a global hub for innovation, placing innovation at the centre of everything this nation does. Through this we seek to ge",9
July 2021 UK Innovation Strategy Leading the future by creating it,"Our proposed approach, which we will develop over the next few months, includes","• reviewing how major R&D funding bodies’ core organisational objectives might change to help deliver the UK government’s levelling up ambitions as well as to fund excellence, starting with UKRI",,,unclear,0.91,pending_high_confidence,"UK Innovation Strategy: Leading the future by creating it 73 • Maximising the local societal and economic impacts of R&D by leveraging our world- class research and innovation to benefit communities across the UK; • Taking a place-based approach by tailoring support to the research, development and innovation strengths of different places and developing policies in partnership with local government, businesses and research, development and innovation institutions; and • Improving the evidence by",73
July 2021 UK Innovation Strategy Leading the future by creating it,Pillar 2,People – We will make the UK the most exciting place for innovation talent,,world bank,obtainable,1,pending_high_confidence,"UK Innovation Strategy: Leading the future by creating it 21 Vision 2035: The UK as a global hub for innovation We have four objectives – which we refer to as ‘Pillars’ – in this Strategy which, if delivered, will achieve our vision of the UK as a global hub for innovation by 2035: • Pillar 1: Unleashing business – We will fuel businesses who want to innovate. • Pillar 2: People – We will make the UK the most exciting place for innovation talent. • Pillar 3: Institutions & Places – We will ensur",21
July 2021 UK Innovation Strategy Leading the future by creating it,Pillar 2,People – We will make the UK the most exciting place for innovation talent,,,unclear,0.91,pending_high_confidence,"UK Innovation Strategy: Leading the future by creating it 9 includes a range of critical measures to support start-ups, scale-ups, and attract global talent. The Innovation Strategy builds on these steps taken to unleash UK innovators and private sector investment in innovation. We are in a race to the top. The UK government, therefore, has an overarching goal of making the UK a global hub for innovation, placing innovation at the centre of everything this nation does. Through this we seek to ge",9
July 2021 UK Innovation Strategy Leading the future by creating it,Pillar 3,"Institutions & Places – We will ensure our research, development & innovation institutions serve the needs of businesses and places across the UK",,,unclear,0.91,pending_high_confidence,"UK Innovation Strategy: Leading the future by creating it 9 includes a range of critical measures to support start-ups, scale-ups, and attract global talent. The Innovation Strategy builds on these steps taken to unleash UK innovators and private sector investment in innovation. We are in a race to the top. The UK government, therefore, has an overarching goal of making the UK a global hub for innovation, placing innovation at the centre of everything this nation does. Through this we seek to ge",9
July 2021 UK Innovation Strategy Leading the future by creating it,Pillar 3,"Institutions & Places – We will ensure our research, development & innovation institutions serve the needs of businesses and places across the UK",,world bank,obtainable,1,pending_high_confidence,"UK Innovation Strategy: Leading the future by creating it 21 Vision 2035: The UK as a global hub for innovation We have four objectives – which we refer to as ‘Pillars’ – in this Strategy which, if delivered, will achieve our vision of the UK as a global hub for innovation by 2035: • Pillar 1: Unleashing business – We will fuel businesses who want to innovate. • Pillar 2: People – We will make the UK the most exciting place for innovation talent. • Pillar 3: Institutions & Places – We will ensur",21
July 2021 UK Innovation Strategy Leading the future by creating it,Pillar 4,Missions & Technologies – We will stimulate innovation to tackle major challenges faced by the UK and the world and drive capability in key technologies,,,unclear,0.91,pending_high_confidence,"UK Innovation Strategy: Leading the future by creating it 9 includes a range of critical measures to support start-ups, scale-ups, and attract global talent. The Innovation Strategy builds on these steps taken to unleash UK innovators and private sector investment in innovation. We are in a race to the top. The UK government, therefore, has an overarching goal of making the UK a global hub for innovation, placing innovation at the centre of everything this nation does. Through this we seek to ge",9
July 2021 UK Innovation Strategy Leading the future by creating it,Pillar 4,Missions & Technologies – We will stimulate innovation to tackle major challenges faced by the UK and the world and drive capability in key technologies,,world bank,obtainable,1,pending_high_confidence,"UK Innovation Strategy: Leading the future by creating it 21 Vision 2035: The UK as a global hub for innovation We have four objectives – which we refer to as ‘Pillars’ – in this Strategy which, if delivered, will achieve our vision of the UK as a global hub for innovation by 2035: • Pillar 1: Unleashing business – We will fuel businesses who want to innovate. • Pillar 2: People – We will make the UK the most exciting place for innovation talent. • Pillar 3: Institutions & Places – We will ensur",21
July 2021 UK Innovation Strategy Leading the future by creating it,rd-survey-results Case Study,"Wootzano The Royal Academy of Engineering Enterprise Hub supports the UK’s brightest technology and engineering entrepreneurs to realise their potential by providing equity-free funding, mentorship and coaching, and connection to an exceptional community of engineers and innovators",,survey,unclear,1,pending_high_confidence,"UK Innovation Strategy: Leading the future by creating it 45 Getting technologies to market The commercialisation of new ideas is critical to enable new innovations to have real impact on people’s lives. We must do more to improve our ability to commercialise – the process of taking new ideas and technologies to market – and exploit fully our underlying research base. The UK has been successful in commercialising within certain fields of research such as the life sciences, including through prog",45
July 2021 UK Innovation Strategy Leading the future by creating it,s Awards for Enterprise,"Innovation has been awarded to 1,035 companies since the category’s inception in 2000",,,unclear,0.91,pending_high_confidence,"UK Innovation Strategy: Leading the future by creating it 50 driving an effective innovation ecosystem. This will include the role of their successful collaborative R&D programmes, networks and infrastructure like the KTN and Catapult centres, as well as how they work together with other UKRI councils, funding agencies in Scotland, Wales and Northern Ireland, and PSREs. Celebrating Innovative businesses Recognising and celebrating innovative businesses can bring direct benefits to the company an",50
July 2021 UK Innovation Strategy Leading the future by creating it,Scotland Can Do,Boosting Scotland’s Innovation Performance: An Innovation Action Plan For Scotland’,,,unclear,0.91,pending_high_confidence,"UK Innovation Strategy: Leading the future by creating it 9 includes a range of critical measures to support start-ups, scale-ups, and attract global talent. The Innovation Strategy builds on these steps taken to unleash UK innovators and private sector investment in innovation. We are in a race to the top. The UK government, therefore, has an overarching goal of making the UK a global hub for innovation, placing innovation at the centre of everything this nation does. Through this we seek to ge",9
July 2021 UK Innovation Strategy Leading the future by creating it,seven technology families of UK strength and opportunity,"• Advanced Materials and Manufacturing • AI, Digital and Advanced Computing • Bioinformatics and Genomics • Engineering Biology • Electronics, Photonics and Quantum • Energy and Environment Technologies • Robotics and Smart Machines 81 The families are derived from an analytical synthesis drawing on work from BEIS, UK Research and Innovation including Innovate UK, and the Intellectual Property Office",,,unclear,0.96,pending_high_confidence,"UK Innovation Strategy: Leading the future by creating it 85 To help deliver this agenda we have identified seven technology families where the UK has globally competitive R&D and industrial strength.81 There is considerable diversity and complexity within these families. In some cases, like that of AI, the potential of these technologies is already being realised. In others, like quantum, the transformative potential of many of its applications may not be felt until the 2030s. Just as backing m",85
July 2021 UK Innovation Strategy Leading the future by creating it,s roles include,• Advertising to Innovators the benefits of making the United Kingdom their home,,,unclear,0.91,pending_high_confidence,"UK Innovation Strategy: Leading the future by creating it 60 • It greatly expands the amount of talent we have available to innovate. Talent is equally distributed globally, meaning most of the top talent is not home grown. • It diversifies the perspectives and skills we have available. Each education system and culture has its own strengths and limitations. The wider the range of perspectives and backgrounds, the more likely we are to find the hidden treasure we seek. • It makes us a global hub",60
July 2021 UK Innovation Strategy Leading the future by creating it,Taking a systemic approach,"levelling up across government’s Research and Innovation activity To increase investment in the whole of the UK, we need both broader systemic and more targeted measures that can respond to the varying needs of different places across the UK",,,unclear,0.91,pending_high_confidence,"UK Innovation Strategy: Leading the future by creating it 73 • Maximising the local societal and economic impacts of R&D by leveraging our world- class research and innovation to benefit communities across the UK; • Taking a place-based approach by tailoring support to the research, development and innovation strengths of different places and developing policies in partnership with local government, businesses and research, development and innovation institutions; and • Improving the evidence by",73
July 2021 UK Innovation Strategy Leading the future by creating it,"target of reversing this brain drain by 2030, with action in three priority areas","• We are opening our borders to top talent from everywhere in the world, via a merit- based system rather than one based on country of origin",,"Scopus, published in https://assets",unclear,1,pending_high_confidence,"UK Innovation Strategy: Leading the future by creating it 59 Source: Scopus, published in https://assets.publishing.service.gov.uk/government/uploads/system/uploads/attachment_data/file/660855/uk- research-base-international-comparison-2016.pdf We are therefore setting a target of reversing this brain drain by 2030, with action in three priority areas: • We are opening our borders to top talent from everywhere in the world, via a merit- based system rather than one based on country of origin. • ",59
July 2021 UK Innovation Strategy Leading the future by creating it,They include,"• Defence Science and Technology Laboratory • HSC Innovations • Joint Nature Conservation Committee (JNCC) • The Met Office • National Engineering Laboratory • National Nuclear Laboratory • National Physical Laboratory • Natural Resources Wales (Cyfoeth Naturiol Cymru) • Scottish Health Innovations • UK Atomic Energy Authority Catapults and Innovation Centres Catapults bridge the gap between innovative businesses and the research communities, taking an active role in removing industry-wide barri",,,unclear,0.91,pending_high_confidence,"UK Innovation Strategy: Leading the future by creating it 110 CDC builds new markets and supports economic transformation. For example, in 2018 CDC invested $100m of seed financing as the sole investor in the Ayana platform to develop renewable power solar and wind generation projects across India. This has now grown to provide 1.14GW of solar generation capacity in hard to reach areas of India. Public Sector Research Establishments Public Sector Research Establishments (PSREs) are world-class o",110
July 2021 UK Innovation Strategy Leading the future by creating it,This openness to global talent has key benefits for the United Kingdom,"Figure 5: Summary of international mobility of researchers for the UK and comparator countries, 1996-2015",,"Scopus, published in https://assets",unclear,1,pending_high_confidence,"UK Innovation Strategy: Leading the future by creating it 59 Source: Scopus, published in https://assets.publishing.service.gov.uk/government/uploads/system/uploads/attachment_data/file/660855/uk- research-base-international-comparison-2016.pdf We are therefore setting a target of reversing this brain drain by 2030, with action in three priority areas: • We are opening our borders to top talent from everywhere in the world, via a merit- based system rather than one based on country of origin. • ",59
July 2021 UK Innovation Strategy Leading the future by creating it,"To achieve this aim, we are taking action in four areas",56 EY (2019) ‘EY UK Attractiveness Survey 2019’,,survey,unclear,1,pending_high_confidence,"UK Innovation Strategy: Leading the future by creating it 52 Pillar 2: People – We will make the UK the most exciting place for innovation talent COVID-19 has shown the rich diversity of domestic and global talent and skills needed for world class innovation. In this Pillar we set out how we will provide businesses with the skills they need, by developing the UK's workforce and attracting and retaining global talent. We will promote a richer diversity of skills critical for innovation and ensure",52
July 2021 UK Innovation Strategy Leading the future by creating it,t/speeches/prime-ministers-article-in-the-daily-telegraph-21-june-2021 Case Study,Digital Pathology and Imaging AI Centres of Excellence The Digital Pathology & Imaging AI Centre of Excellence Programme is a pioneering example of how a strong collaboration between the industry and NHS can drive innovation and support the transformation of patient care,,,unclear,0.91,pending_high_confidence,"UK Innovation Strategy: Leading the future by creating it 82 We will establish a new Innovation Missions Programme to tackle some of the most significant issues confronting the UK in the coming years. The programme will build on the successes of the Vaccine Taskforce mission and historic UK leadership in mission-driven innovation. It will set out a suite of bold new goals responsive to our current priorities, behind which we will rally and focus the talents of the UK’s world-leading innovation c",82
July 2021 UK Innovation Strategy Leading the future by creating it,uk/about-reflex Case Study,‘ReFLEX Orkney’ creating a virtual Energy System ‘ReFLEX (Responsive Flexibility) Orkney is a £28,,,unclear,0.91,pending_high_confidence,"UK Innovation Strategy: Leading the future by creating it 83 Source of ‘ReFLEX Orkney’ case study.80 Our approach to Missions A suite of bold, specific, measurable, and timed innovation missions will be at the heart of our approach; bringing UK brilliance in science and innovation to tackle some of the toughest problems core to these priorities. Innovation Missions will galvanise innovators across diverse UK sectors and disciplines, combining the insight, expertise, energies and resources of gov",83
July 2021 UK Innovation Strategy Leading the future by creating it,UK has a rich innovation legacy on which to build,the whole world has benefitted from UK innovations and our contributions to human progress,,oecd,obtainable,1,pending_high_confidence,"UK Innovation Strategy: Leading the future by creating it 11 Part 1: Innovation today What is innovation? We define innovation as ‘the creation and application of new knowledge to improve the world’. It is this process which drives human progress. It is the process that brought televisions to our homes, put planes in the sky, and created the vaccines crucial to ending the COVID-19 pandemic. Innovation turns great ideas into value, prosperity, productivity and wellbeing.7 It is the mechanism by w",11
July 2021 UK Innovation Strategy Leading the future by creating it,UK Innovation Strategy,Leading the future by creating it 104 Our full list of actions: Pillar 1: Unleashing business Finance • Increase annual public investment in R&D to a record £22 billion,,,unclear,0.91,pending_high_confidence,"UK Innovation Strategy: Leading the future by creating it 104 Our full list of actions: Pillar 1: Unleashing business Finance • Increase annual public investment in R&D to a record £22 billion. • Devise training to upskill the next generation of lenders, supporting them in their ability to assess risk when lending to innovative businesses. • Government will engage closely with pension funds and the investment industry to understand the scope for industry-led initiatives that take advantage of in",104
July 2021 UK Innovation Strategy Leading the future by creating it,UK Innovation Strategy,"Leading the future by creating it 40 exceptions could make it easier for innovative businesses and researchers to use copyright material for data mining, including with AI systems",,,unclear,0.91,pending_high_confidence,"UK Innovation Strategy: Leading the future by creating it 40 exceptions could make it easier for innovative businesses and researchers to use copyright material for data mining, including with AI systems. In addition, it is increasingly important for innovation that standards and patents can span across multiple disciplines and sectors. In some cases, standards require the use of specific, patented technologies, called Standard Essential Patents (SEPs). Access to such SEPs on fair, reasonable an",40
July 2021 UK Innovation Strategy Leading the future by creating it,UK Innovation Strategy,"Leading the future by creating it 74 • reviewing how best to increase local engagement, and the regional presence, of major R&D funding bodies, and the influence that local, regional and national stakeholders have on UK-wide decision-making; • reviewing ways in which we can deliver stronger levelling up outcomes from current and future research and innovation programmes; • encouraging institutions such as PSREs, Catapults and universities and colleges to increase their local economic and societa",,,unclear,0.91,pending_high_confidence,"UK Innovation Strategy: Leading the future by creating it 74 • reviewing how best to increase local engagement, and the regional presence, of major R&D funding bodies, and the influence that local, regional and national stakeholders have on UK-wide decision-making; • reviewing ways in which we can deliver stronger levelling up outcomes from current and future research and innovation programmes; • encouraging institutions such as PSREs, Catapults and universities and colleges to increase their lo",74
July 2021 UK Innovation Strategy Leading the future by creating it,UK Innovation Strategy,Leading the future by creating it 48 Driving the adoption of technologies by business For the UK to reap the benefits of innovative ideas they must be widely adopted,,oecd,obtainable,1,pending_high_confidence,"UK Innovation Strategy: Leading the future by creating it 48 Driving the adoption of technologies by business For the UK to reap the benefits of innovative ideas they must be widely adopted. We must embed a pro-innovation culture and provide businesses with access to the support, knowledge and skills required to take advantage of the latest innovations. Adapting to changing environments, exploiting new opportunities or overcoming challenges is vital to the health of the UK economy. While the UK ",48
July 2021 UK Innovation Strategy Leading the future by creating it,UK Innovation Strategy,Leading the future by creating it 82 We will establish a new Innovation Missions Programme to tackle some of the most significant issues confronting the UK in the coming years,,,unclear,0.91,pending_high_confidence,"UK Innovation Strategy: Leading the future by creating it 82 We will establish a new Innovation Missions Programme to tackle some of the most significant issues confronting the UK in the coming years. The programme will build on the successes of the Vaccine Taskforce mission and historic UK leadership in mission-driven innovation. It will set out a suite of bold new goals responsive to our current priorities, behind which we will rally and focus the talents of the UK’s world-leading innovation c",82
July 2021 UK Innovation Strategy Leading the future by creating it,UK Innovation Strategy,"Leading the future by creating it 79 The UK Shared Prosperity Fund (UKSPF) will support people and communities, opening up new opportunities and spurring regeneration and innovation",,,unclear,0.91,pending_high_confidence,"UK Innovation Strategy: Leading the future by creating it 79 The UK Shared Prosperity Fund (UKSPF) will support people and communities, opening up new opportunities and spurring regeneration and innovation. A portion of the UKSPF will target places most in need across the UK. The UK government will publish a UK-wide investment framework later this year for UKSPF and confirm its funding profile at the next Spending Review. Attracting Foreign Direct Investment (FDI) to more areas of the UK The Dep",79
July 2021 UK Innovation Strategy Leading the future by creating it,UK Innovation Strategy,Leading the future by creating it 77 National programmes responding to local need All UK regions have innovative firms that have increased their productivity by using R&D,,forecast,unclear,1,pending_high_confidence,"UK Innovation Strategy: Leading the future by creating it 77 National programmes responding to local need All UK regions have innovative firms that have increased their productivity by using R&D. However, these improvements vary by region and depend on the type of innovation and the type of firms in the region. We want to respond to this by collaborating with specific places and building national programmes that are better tailored to local needs. We already have a varied and effective programme",77
July 2021 UK Innovation Strategy Leading the future by creating it,UK Innovation Strategy,"Leading the future by creating it 71 The UK Advanced Research and Invention Agency (ARIA) In 1958, Sputnik caught the west by surprise",,,unclear,0.91,pending_high_confidence,"UK Innovation Strategy: Leading the future by creating it 71 The UK Advanced Research and Invention Agency (ARIA) In 1958, Sputnik caught the west by surprise. In response, the United States created the Advanced Research Projects Agency (ARPA) with a broad mission of preventing strategic surprise. ARPA had a radically different model to today’s funders, empowering brilliant program managers to exercise their judgement in order to fund research that many would view as certain to fail. ARPA helped",71
July 2021 UK Innovation Strategy Leading the future by creating it,UK Innovation Strategy,"Leading the future by creating it 65 that, for example, less than 2% of school pupils in the UK take part in such an initiative each year",,,unclear,0.91,pending_high_confidence,"UK Innovation Strategy: Leading the future by creating it 65 that, for example, less than 2% of school pupils in the UK take part in such an initiative each year.73 We may also be missing opportunities to link invention schemes with initiatives that seek to help young people develop creative and entrepreneurial skills - all of which are important in creating future innovators. To support the ambitions of the Innovation Strategy, NESTA will explore how it could work together with BEIS to identify",65
July 2021 UK Innovation Strategy Leading the future by creating it,UK Innovation Strategy,Leading the future by creating it 64 Making innovation open to everyone A diverse workforce increases the opportunity for creativity and innovation within firms,,,unclear,0.91,pending_high_confidence,"UK Innovation Strategy: Leading the future by creating it 64 Making innovation open to everyone A diverse workforce increases the opportunity for creativity and innovation within firms. Studies show that firms with more diverse teams are more innovative.68 Increased diversity is shown to lead to higher efficiency in knowledge-intensive industries, drive inventions and increase economic growth.69 The UK can only achieve its goals for innovation if we draw on the talents of all parts of society. P",64
July 2021 UK Innovation Strategy Leading the future by creating it,UK Innovation Strategy,Leading the future by creating it 60 • It greatly expands the amount of talent we have available to innovate,,,unclear,0.91,pending_high_confidence,"UK Innovation Strategy: Leading the future by creating it 60 • It greatly expands the amount of talent we have available to innovate. Talent is equally distributed globally, meaning most of the top talent is not home grown. • It diversifies the perspectives and skills we have available. Each education system and culture has its own strengths and limitations. The wider the range of perspectives and backgrounds, the more likely we are to find the hidden treasure we seek. • It makes us a global hub",60
July 2021 UK Innovation Strategy Leading the future by creating it,UK Innovation Strategy,"Leading the future by creating it 56 future workforce can be developed to enable business to take advantage of new and emerging technologies, the opportunities of innovation, and more productive systems and practices",,,unclear,0.91,pending_high_confidence,"UK Innovation Strategy: Leading the future by creating it 56 future workforce can be developed to enable business to take advantage of new and emerging technologies, the opportunities of innovation, and more productive systems and practices. This will prepare the way for future Emerging Skills projects and an expanded use of the Skills Value Chain. Furthermore, UKRI, through Innovate UK, will develop a leadership role in identifying critical innovation emerging skills gaps and will be recognised",56
July 2021 UK Innovation Strategy Leading the future by creating it,UK Innovation Strategy,Leading the future by creating it 50 driving an effective innovation ecosystem,,,unclear,0.91,pending_high_confidence,"UK Innovation Strategy: Leading the future by creating it 50 driving an effective innovation ecosystem. This will include the role of their successful collaborative R&D programmes, networks and infrastructure like the KTN and Catapult centres, as well as how they work together with other UKRI councils, funding agencies in Scotland, Wales and Northern Ireland, and PSREs. Celebrating Innovative businesses Recognising and celebrating innovative businesses can bring direct benefits to the company an",50
July 2021 UK Innovation Strategy Leading the future by creating it,UK Innovation Strategy,Leading the future by creating it 37 The National Data Strategy set out the UK government’s vision for harnessing the power of responsible data use and launched a national conversation on how to make the most of data’s opportunities,,estimated,unclear,1,pending_high_confidence,"UK Innovation Strategy: Leading the future by creating it 37 The National Data Strategy set out the UK government’s vision for harnessing the power of responsible data use and launched a national conversation on how to make the most of data’s opportunities. The public consultation demonstrated that people welcome the idea of data as a strategic asset and that it should not just be considered a threat, but an opportunity to drive productivity and innovation. It also highlighted that data must be ",37
July 2021 UK Innovation Strategy Leading the future by creating it,UK Innovation Strategy,"Leading the future by creating it 4 Secretary of State’s Foreword The UK, along with the rest of the world, has faced exceptional challenges over the past 18 months",,,unclear,0.91,pending_high_confidence,"UK Innovation Strategy: Leading the future by creating it 4 Secretary of State’s Foreword The UK, along with the rest of the world, has faced exceptional challenges over the past 18 months. Our society, our economy, and our livelihoods have all been affected. In recovering from the pandemic, we must build on this country’s innovative foundations to create a robust and agile economy that works for everyone and is fit for future generations. Investment in innovation will be critical to achieving t",4
July 2021 UK Innovation Strategy Leading the future by creating it,UK Innovation Strategy,"Leading the future by creating it 103 environment for exporters, easing trade and championing regulatory reform",,,unclear,0.91,pending_high_confidence,"UK Innovation Strategy: Leading the future by creating it 103 environment for exporters, easing trade and championing regulatory reform. • We will publish a National AI Strategy in the Autumn, coordinated by the Office for AI. Following on from the nearly £1 billion partnership between government, industry and academia, the National AI Strategy will set out how we intend to build on our early lead in Artificial Intelligence while also supporting businesses and the public sector to responsibly ad",103
July 2021 UK Innovation Strategy Leading the future by creating it,UK Innovation Strategy,"Leading the future by creating it 21 Vision 2035: The UK as a global hub for innovation We have four objectives – which we refer to as ‘Pillars’ – in this Strategy which, if delivered, will achieve our vision of the UK as a global hub for innovation by 2035: • Pillar 1: Unleashing business – We will fuel businesses who want to innovate",,world bank,obtainable,1,pending_high_confidence,"UK Innovation Strategy: Leading the future by creating it 21 Vision 2035: The UK as a global hub for innovation We have four objectives – which we refer to as ‘Pillars’ – in this Strategy which, if delivered, will achieve our vision of the UK as a global hub for innovation by 2035: • Pillar 1: Unleashing business – We will fuel businesses who want to innovate. • Pillar 2: People – We will make the UK the most exciting place for innovation talent. • Pillar 3: Institutions & Places – We will ensur",21
July 2021 UK Innovation Strategy Leading the future by creating it,UK Innovation Strategy,"Leading the future by creating it 59 Source: Scopus, published in https://assets",,"Scopus, published in https://assets",unclear,1,pending_high_confidence,"UK Innovation Strategy: Leading the future by creating it 59 Source: Scopus, published in https://assets.publishing.service.gov.uk/government/uploads/system/uploads/attachment_data/file/660855/uk- research-base-international-comparison-2016.pdf We are therefore setting a target of reversing this brain drain by 2030, with action in three priority areas: • We are opening our borders to top talent from everywhere in the world, via a merit- based system rather than one based on country of origin. • ",59
July 2021 UK Innovation Strategy Leading the future by creating it,UK Innovation Strategy,Leading the future by creating it 85 To help deliver this agenda we have identified seven technology families where the UK has globally competitive R&D and industrial strength,,,unclear,0.96,pending_high_confidence,"UK Innovation Strategy: Leading the future by creating it 85 To help deliver this agenda we have identified seven technology families where the UK has globally competitive R&D and industrial strength.81 There is considerable diversity and complexity within these families. In some cases, like that of AI, the potential of these technologies is already being realised. In others, like quantum, the transformative potential of many of its applications may not be felt until the 2030s. Just as backing m",85
July 2021 UK Innovation Strategy Leading the future by creating it,UK Innovation Strategy,"Leading the future by creating it 13 The challenge: Innovation created the modern world, but progress is slowing Innovation is vital for economic growth and increased productivity, creating more and better- paid jobs9",,"Maddison project Database 2020 (Bold and van Zanden 2020) Growth itself has been falling for several decades, from 4% per year in the 1950s and 1960s to 2% in the 2010s",unclear,1,pending_high_confidence,"UK Innovation Strategy: Leading the future by creating it 13 The challenge: Innovation created the modern world, but progress is slowing Innovation is vital for economic growth and increased productivity, creating more and better- paid jobs9. It enables businesses to grow and improves UK competitiveness.10 In the last 100 years alone, GDP per person in the UK has increased by 340% – largely thanks to innovations enabled by technological developments like electrification and transportation advanc",13
July 2021 UK Innovation Strategy Leading the future by creating it,UK Innovation Strategy,Leading the future by creating it 45 Getting technologies to market The commercialisation of new ideas is critical to enable new innovations to have real impact on people’s lives,,survey,unclear,1,pending_high_confidence,"UK Innovation Strategy: Leading the future by creating it 45 Getting technologies to market The commercialisation of new ideas is critical to enable new innovations to have real impact on people’s lives. We must do more to improve our ability to commercialise – the process of taking new ideas and technologies to market – and exploit fully our underlying research base. The UK has been successful in commercialising within certain fields of research such as the life sciences, including through prog",45
July 2021 UK Innovation Strategy Leading the future by creating it,UK Innovation Strategy,Leading the future by creating it 16 • We are the birthplace of 100 ‘unicorns’ – innovative companies valued at $1 billion or more,,survey,unclear,1,pending_high_confidence,"UK Innovation Strategy: Leading the future by creating it 16 • We are the birthplace of 100 ‘unicorns’ – innovative companies valued at $1 billion or more. This is more than France, Germany and the Netherlands combined. • We have the world’s leading university system by size, with four of the top ten universities in the world and 18 in the Top 100. • We have the global scientific language and an inclusive culture, meaning talent from anywhere in the world should make the UK their home. • We have",16
July 2021 UK Innovation Strategy Leading the future by creating it,UK Innovation Strategy,"Leading the future by creating it 9 includes a range of critical measures to support start-ups, scale-ups, and attract global talent",,,unclear,0.91,pending_high_confidence,"UK Innovation Strategy: Leading the future by creating it 9 includes a range of critical measures to support start-ups, scale-ups, and attract global talent. The Innovation Strategy builds on these steps taken to unleash UK innovators and private sector investment in innovation. We are in a race to the top. The UK government, therefore, has an overarching goal of making the UK a global hub for innovation, placing innovation at the centre of everything this nation does. Through this we seek to ge",9
July 2021 UK Innovation Strategy Leading the future by creating it,UK Innovation Strategy,Leading the future by creating it 11 Part 1: Innovation today What is innovation? We define innovation as ‘the creation and application of new knowledge to improve the world’,,oecd,obtainable,1,pending_high_confidence,"UK Innovation Strategy: Leading the future by creating it 11 Part 1: Innovation today What is innovation? We define innovation as ‘the creation and application of new knowledge to improve the world’. It is this process which drives human progress. It is the process that brought televisions to our homes, put planes in the sky, and created the vaccines crucial to ending the COVID-19 pandemic. Innovation turns great ideas into value, prosperity, productivity and wellbeing.7 It is the mechanism by w",11
July 2021 UK Innovation Strategy Leading the future by creating it,UK Innovation Strategy,"Leading the future by creating it 46 This will include offering long-term, stage-gated funding to commercialise new and improved technologies, products, processes or services",,survey,unclear,1,pending_high_confidence,"UK Innovation Strategy: Leading the future by creating it 46 This will include offering long-term, stage-gated funding to commercialise new and improved technologies, products, processes or services. In addition, Innovate UK will continue to strengthen its provision of support for commercialisation capability through programmes such as the Innovation to Commercialisation of University Research (ICURe), and Knowledge Transfer Partnerships (KTPs) – which ensures a flow of people with expertise fro",46
July 2021 UK Innovation Strategy Leading the future by creating it,UK Innovation Strategy,Leading the future by creating it 52 Pillar 2: People – We will make the UK the most exciting place for innovation talent COVID-19 has shown the rich diversity of domestic and global talent and skills needed for world class innovation,,survey,unclear,1,pending_high_confidence,"UK Innovation Strategy: Leading the future by creating it 52 Pillar 2: People – We will make the UK the most exciting place for innovation talent COVID-19 has shown the rich diversity of domestic and global talent and skills needed for world class innovation. In this Pillar we set out how we will provide businesses with the skills they need, by developing the UK's workforce and attracting and retaining global talent. We will promote a richer diversity of skills critical for innovation and ensure",52
July 2021 UK Innovation Strategy Leading the future by creating it,UK Innovation Strategy,"Leading the future by creating it 73 • Maximising the local societal and economic impacts of R&D by leveraging our world- class research and innovation to benefit communities across the UK; • Taking a place-based approach by tailoring support to the research, development and innovation strengths of different places and developing policies in partnership with local government, businesses and research, development and innovation institutions; and • Improving the evidence by strengthening our under",,,unclear,0.91,pending_high_confidence,"UK Innovation Strategy: Leading the future by creating it 73 • Maximising the local societal and economic impacts of R&D by leveraging our world- class research and innovation to benefit communities across the UK; • Taking a place-based approach by tailoring support to the research, development and innovation strengths of different places and developing policies in partnership with local government, businesses and research, development and innovation institutions; and • Improving the evidence by",73
July 2021 UK Innovation Strategy Leading the future by creating it,UK Innovation Strategy,Leading the future by creating it 39 increased exports,,estimated,unclear,1,pending_high_confidence,"UK Innovation Strategy: Leading the future by creating it 39 increased exports. Businesses supported were twice as likely to remain in business five years after the last recession, had improved their brand image and increased productivity, with their turnover growth exceeding their employment growth. Safeguarding Intellectual Property The Intellectual Property (IP) regime gives researchers, inventors and creators the confidence to develop something new. It helps innovators reap the rewards of th",39
July 2021 UK Innovation Strategy Leading the future by creating it,UK Innovation Strategy,"Leading the future by creating it 14 Source: HM Treasury Calculations This trend is broadly visible across the western world,11 suggesting a systemic problem that, if addressed, could unlock a path to greater prosperity",,"HM Treasury Calculations This trend is broadly visible across the western world,11 suggesting a systemic problem that, if addressed, could unlock a path to greater prosperity",unclear,1,pending_high_confidence,"UK Innovation Strategy: Leading the future by creating it 14 Source: HM Treasury Calculations This trend is broadly visible across the western world,11 suggesting a systemic problem that, if addressed, could unlock a path to greater prosperity. It has been argued that the major cause of slowing growth and productivity over recent decades is the slowing rate of innovation.12 One key marker of this in the UK is our decline in the rate of growth in R&D spending – both public and private. In the UK,",14
July 2021 UK Innovation Strategy Leading the future by creating it,UK Innovation Strategy,Leading the future by creating it 25 Figure 4: Innovation Funding Landscape – Illustrative Overview Source: British Business Bank and Innovate UK The first step is to make private markets function as effectively as possible,,British Business Bank and Innovate UK The first step is to make private markets function as effectively as possible,unclear,1,pending_high_confidence,"UK Innovation Strategy: Leading the future by creating it 25 Figure 4: Innovation Funding Landscape – Illustrative Overview Source: British Business Bank and Innovate UK The first step is to make private markets function as effectively as possible. The UK benefits from a diverse ecosystem of finance for innovative start-ups, including angel investors, equity crowdfunding platforms, and venture capital funds. UK government co-invests alongside private investors where private capital alone is insu",25
July 2021 UK Innovation Strategy Leading the future by creating it,UK Innovation Strategy,Leading the future by creating it 83 Source of ‘ReFLEX Orkney’ case study,,,unclear,0.91,pending_high_confidence,"UK Innovation Strategy: Leading the future by creating it 83 Source of ‘ReFLEX Orkney’ case study.80 Our approach to Missions A suite of bold, specific, measurable, and timed innovation missions will be at the heart of our approach; bringing UK brilliance in science and innovation to tackle some of the toughest problems core to these priorities. Innovation Missions will galvanise innovators across diverse UK sectors and disciplines, combining the insight, expertise, energies and resources of gov",83
July 2021 UK Innovation Strategy Leading the future by creating it,UK Innovation Strategy,Leading the future by creating it 80 Pillar 4: Missions & Technologies – We will stimulate innovation to tackle major challenges faced by the UK and the world and drive capability in key technologies,,,unclear,0.96,pending_high_confidence,"UK Innovation Strategy: Leading the future by creating it 80 Pillar 4: Missions & Technologies – We will stimulate innovation to tackle major challenges faced by the UK and the world and drive capability in key technologies. Today, as in the past, particular areas of innovation merit emphasis from government. This can be for different reasons. Sometimes, a specific technology promises radical changes in a broad range of capabilities, such as the revolutionary impact of computing in the mid-20th ",80
July 2021 UK Innovation Strategy Leading the future by creating it,UK Innovation Strategy,Leading the future by creating it 110 CDC builds new markets and supports economic transformation,,,unclear,0.91,pending_high_confidence,"UK Innovation Strategy: Leading the future by creating it 110 CDC builds new markets and supports economic transformation. For example, in 2018 CDC invested $100m of seed financing as the sole investor in the Ayana platform to develop renewable power solar and wind generation projects across India. This has now grown to provide 1.14GW of solar generation capacity in hard to reach areas of India. Public Sector Research Establishments Public Sector Research Establishments (PSREs) are world-class o",110
July 2021 UK Innovation Strategy Leading the future by creating it,UK Innovation Strategy,Leading the future by creating it 36 businesses to introduce and scale innovations across their markets while upholding protections for citizens and the environment,,,unclear,0.91,pending_high_confidence,"UK Innovation Strategy: Leading the future by creating it 36 businesses to introduce and scale innovations across their markets while upholding protections for citizens and the environment. • We will publish a joint Action Plan on Standards for the Fourth Industrial Revolution with the British Standards Institution (BSI), the National Physical Laboratory (NPL) and the UK Accreditation Service (UKAS). This plan will champion an agile approach to standardisation to respond to fast-paced technologi",36
July 2021 UK Innovation Strategy Leading the future by creating it,UK Innovation Strategy,Leading the future by creating it 44 to government objectives,,,unclear,0.91,pending_high_confidence,"UK Innovation Strategy: Leading the future by creating it 44 to government objectives. Effective demand-signalling between UK government and the market is essential. To address this, UK Government departments and public sector delivery bodies will, where appropriate, produce a clear overall policy problem statement that describes the priority outcomes, that they want to solve or achieve – aligning with the Public Value Framework. Departments may choose to do so through their public Outcome Deliv",44
July 2021 UK Innovation Strategy Leading the future by creating it,We plan to,"• Help more places to develop effective investment strategies and an R&D prospectus, aligned to local and regional opportunities and national priorities",,,unclear,0.91,pending_high_confidence,"UK Innovation Strategy: Leading the future by creating it 79 The UK Shared Prosperity Fund (UKSPF) will support people and communities, opening up new opportunities and spurring regeneration and innovation. A portion of the UKSPF will target places most in need across the UK. The UK government will publish a UK-wide investment framework later this year for UKSPF and confirm its funding profile at the next Spending Review. Attracting Foreign Direct Investment (FDI) to more areas of the UK The Dep",79
July 2023 kpmg.com/fintechpulse Global analysis of fintech funding,Angel/seed,PitchBook defines financings as angel rounds if there are no PE or VC firms involved in the company to date and it cannot determine if any PE or VC firms are participating,,pitchbook,private,1,pending_high_confidence,"53 © 2023 Copyright owned by one or more of the KPMG International entities. KPMG International entities provide no services to clients. All rights reserved. #fintechpulse funding from individual angel investors, angel groups, seed funds, venture capital firms, corporate venture firms and corporate investors. Fundings received as part of an accelerator program are not included; however, if the accelerator continues to invest in follow-on rounds, those further financings are included. Angel/seed:",53
July 2023 kpmg.com/fintechpulse Global analysis of fintech funding,"As you read this edition of Pulse of Fintech, ask yourself","How can we position our organization to weather today’s storms while positioning for long-term success? KPMG Fintech professionals include partners and staff in over 50 fintech hubs around the world, working closely with financial institutions, digital banks and fintech companies to help them understand the signals of change, identify the growth opportunities and develop and execute their strategic plans",,pitchbook,private,1,pending_high_confidence,"2 © 2023 Copyright owned by one or more of the KPMG International entities. KPMG International entities provide no services to clients. All rights reserved. #fintechpulse The first six months of 2023 were quite challenging for the global fintech market. Some of the challenges were expected — high levels of inflation, rising interest rates, the ongoing conflict between Russia and the Ukraine, depressed valuations, and a lack of exits; others were less so, including the collapse of several banks i",2
July 2023 kpmg.com/fintechpulse Global analysis of fintech funding,concern,"Pulse of Fintech H1'23, Global Analysis of funding in Fintech, KPMG International (data provided by PitchBook), *as of 30 June 2023",,"Pulse of Fintech H1'23, Global Analysis of funding in Fintech, KPMG International (data provided by PitchBook), *as of 30 June 2023",private,1,pending_high_confidence,"38 © 2023 Copyright owned by one or more of the KPMG International entities. KPMG International entities provide no services to clients. All rights reserved. #fintechpulse Financing metrics paint complex picture of significant capital to disburse investors’ concern Source: Pulse of Fintech H1'23, Global Analysis of funding in Fintech, KPMG International (data provided by PitchBook), *as of 30 June 2023. The venture growth figures for 2020 and 2023 YTD are based on non-normative sample sizes. The",38
July 2023 kpmg.com/fintechpulse Global analysis of fintech funding,Corporate/Growth,Corporate rounds of funding for currently venture-backed start-ups that meet the criteria for other PitchBook venture financings are included in the Pulse of Fintech as of March 2018,,pitchbook,private,1,pending_high_confidence,"53 © 2023 Copyright owned by one or more of the KPMG International entities. KPMG International entities provide no services to clients. All rights reserved. #fintechpulse funding from individual angel investors, angel groups, seed funds, venture capital firms, corporate venture firms and corporate investors. Fundings received as part of an accelerator program are not included; however, if the accelerator continues to invest in follow-on rounds, those further financings are included. Angel/seed:",53
July 2023 kpmg.com/fintechpulse Global analysis of fintech funding,Corporate venture capital,Financings classified as corporate venture capital include rounds that saw both firms investing via established CVC arms or corporations making equity fundings off balance sheets or whatever other non-CVC method actually employed,,pitchbook,private,1,pending_high_confidence,"53 © 2023 Copyright owned by one or more of the KPMG International entities. KPMG International entities provide no services to clients. All rights reserved. #fintechpulse funding from individual angel investors, angel groups, seed funds, venture capital firms, corporate venture firms and corporate investors. Fundings received as part of an accelerator program are not included; however, if the accelerator continues to invest in follow-on rounds, those further financings are included. Angel/seed:",53
July 2023 kpmg.com/fintechpulse Global analysis of fintech funding,Deal count,"Pulse of Fintech H1'23, Global Analysis of funding in Fintech, KPMG International (data provided by PitchBook), *as of 30 June 2023",,"Pulse of Fintech H1'23, Global Analysis of funding in Fintech, KPMG International (data provided by PitchBook), *as of 30 June 2023",private,1,pending_high_confidence,11 © 2023 Copyright owned by one or more of the KPMG International entities. KPMG International entities provide no services to clients. All rights reserved. #fintechpulse Venture capital funding activity remains relatively resilient Global venture capital funding activity in fintech 2020–2023* Global venture capital activity in fintech with corporate participation 2020–2023* Global insights Fintech segments | Regional insights $14.6 $9.4 $12.4 $13.5 $25.4 $30.2 $34.0 $32.6 $32.5 $27.4 $16.5 $11,11
July 2023 kpmg.com/fintechpulse Global analysis of fintech funding,Deal metrics finally subside in tandem with activity after all-time highs,"Pulse of Fintech H1'23, Global Analysis of funding in Fintech, KPMG International (data provided by PitchBook), *as of 30 June 2023",,"Pulse of Fintech H1'23, Global Analysis of funding in Fintech, KPMG International (data provided by PitchBook), *as of 30 June 2023",private,1,pending_high_confidence,"9 © 2023 Copyright owned by one or more of the KPMG International entities. KPMG International entities provide no services to clients. All rights reserved. #fintechpulse Deal metrics finally subside in tandem with activity after all-time highs Source: Pulse of Fintech H1'23, Global Analysis of funding in Fintech, KPMG International (data provided by PitchBook), *as of 30 June 2023. Global median M&A size ($M) in fintech 2020—2023* Global cross-border M&A activity in fintech 2020–2023* Global VC",9
July 2023 kpmg.com/fintechpulse Global analysis of fintech funding,Early-stage VC,"Rounds are generally classified as Series A or B (which PitchBook typically aggregates together as early stage) either by the series of stock issued in the financing or, if that information is unavailable, by a series of factors including: the age of the company, prior financing history, company status, participating investors and more",,pitchbook,private,1,pending_high_confidence,"53 © 2023 Copyright owned by one or more of the KPMG International entities. KPMG International entities provide no services to clients. All rights reserved. #fintechpulse funding from individual angel investors, angel groups, seed funds, venture capital firms, corporate venture firms and corporate investors. Fundings received as part of an accelerator program are not included; however, if the accelerator continues to invest in follow-on rounds, those further financings are included. Angel/seed:",53
July 2023 kpmg.com/fintechpulse Global analysis of fintech funding,e Dataset used for this report considers the following funding transactions types,"Venture Capital (including corporate venture capital) (‘VC’), private equity (‘PE’) funding and Mergers and Acquisitions (‘M&A’) for the fintech vertical within the underlying PitchBook data",,pitchbook,private,1,pending_high_confidence,"53 © 2023 Copyright owned by one or more of the KPMG International entities. KPMG International entities provide no services to clients. All rights reserved. #fintechpulse funding from individual angel investors, angel groups, seed funds, venture capital firms, corporate venture firms and corporate investors. Fundings received as part of an accelerator program are not included; however, if the accelerator continues to invest in follow-on rounds, those further financings are included. Angel/seed:",53
July 2023 kpmg.com/fintechpulse Global analysis of fintech funding,fintechpulse,"Pulse of Fintech H1'23, Global Analysis of funding in Fintech, KPMG International (data provided by PitchBook), *as of 30 June 2023",,"Pulse of Fintech H1'23, Global Analysis of funding in Fintech, KPMG International (data provided by PitchBook), *as of 30 June 2023",private,1,pending_high_confidence,"33 © 2023 Copyright owned by one or more of the KPMG International entities. KPMG International entities provide no services to clients. All rights reserved. #fintechpulse Source: Pulse of Fintech H1'23, Global Analysis of funding in Fintech, KPMG International (data provided by PitchBook), *as of 30 June 2023. 1. Coupa — $8B, San Mateo, US — Institutional/B2B — Public-to-private buyout 2. Stripe — $6.9B, San Francisco, US — Regtech — Series I 3. EVO Payments — $4B, Atlanta, US — Payments — M&A ",33
July 2023 kpmg.com/fintechpulse Global analysis of fintech funding,fintechpulse,"Pulse of Fintech H1'23, Global Analysis of funding in Fintech, KPMG International (data provided by PitchBook), *as of 30 June 2023",,"Pulse of Fintech H1'23, Global Analysis of funding in Fintech, KPMG International (data provided by PitchBook), *as of 30 June 2023",private,1,pending_high_confidence,"41 © 2023 Copyright owned by one or more of the KPMG International entities. KPMG International entities provide no services to clients. All rights reserved. #fintechpulse Source: Pulse of Fintech H1'23, Global Analysis of funding in Fintech, KPMG International (data provided by PitchBook), *as of 30 June 2023. Top 10 fintech deals in EMEA in H1’23 1. Wood Mackenzie — $3.1B, Edinburgh, UK — Institutional/B2B — Corporate divestiture 2. Abound (Consumer Finance) — $602M, London, UK — Consumer fina",41
July 2023 kpmg.com/fintechpulse Global analysis of fintech funding,fintechpulse,"Pulse of Fintech H1'23, Global Analysis of funding in Fintech, KPMG International (data provided by PitchBook), *as of 30 June 2023",,"Pulse of Fintech H1'23, Global Analysis of funding in Fintech, KPMG International (data provided by PitchBook), *as of 30 June 2023",private,1,pending_high_confidence,"37 © 2023 Copyright owned by one or more of the KPMG International entities. KPMG International entities provide no services to clients. All rights reserved. #fintechpulse Source: Pulse of Fintech H1'23, Global Analysis of funding in Fintech, KPMG International (data provided by PitchBook), *as of 30 June 2023. Venture capital funding activity in fintech in EMEA 2020–2023* PE growth activity in fintech in EMEA 2020–2023* Total funding activity (VC, PE and M&A) in fintech in EMEA 2020–2023* M&A a",37
July 2023 kpmg.com/fintechpulse Global analysis of fintech funding,fintechpulse,"Pulse of Fintech H1'23, Global Analysis of funding in Fintech, KPMG International (data provided by PitchBook), *as of 30 June 2023",,"Pulse of Fintech H1'23, Global Analysis of funding in Fintech, KPMG International (data provided by PitchBook), *as of 30 June 2023",private,1,pending_high_confidence,"49 © 2023 Copyright owned by one or more of the KPMG International entities. KPMG International entities provide no services to clients. All rights reserved. #fintechpulse Source: Pulse of Fintech H1'23, Global Analysis of funding in Fintech, KPMG International (data provided by PitchBook), *as of 30 June 2023. 1. Chongqing Ant Consumer Finance — $1.5B, Chongqing, China — Consumer finance — Late-stage VC 2. Vistaar Finance — $304M, Bengaluru, India — Lending — Buyout 3. Kredivo Holdings — $270M,",49
July 2023 kpmg.com/fintechpulse Global analysis of fintech funding,fintechpulse Dealmaking continues to lose momentum,"Pulse of Fintech H1'23, Global Analysis of funding in Fintech, KPMG International (data provided by PitchBook), *as of 30 June 2023",,"Pulse of Fintech H1'23, Global Analysis of funding in Fintech, KPMG International (data provided by PitchBook), *as of 30 June 2023",private,1,pending_high_confidence,"39 © 2023 Copyright owned by one or more of the KPMG International entities. KPMG International entities provide no services to clients. All rights reserved. #fintechpulse Dealmaking continues to lose momentum Source: Pulse of Fintech H1'23, Global Analysis of funding in Fintech, KPMG International (data provided by PitchBook), *as of 30 June 2023. Total funding activity (VC, PE and M&A) in fintech in EMEA 2020–2023* M&A activity in fintech in EMEA 2020–2023* Global insights | Fintech segments R",39
July 2023 kpmg.com/fintechpulse Global analysis of fintech funding,fintechpulse Dealmaking declines across all types,"Pulse of Fintech H1'23, Global Analysis of funding in Fintech, KPMG International (data provided by PitchBook), *as of 30 June 2023",,"Pulse of Fintech H1'23, Global Analysis of funding in Fintech, KPMG International (data provided by PitchBook), *as of 30 June 2023",private,1,pending_high_confidence,"45 © 2023 Copyright owned by one or more of the KPMG International entities. KPMG International entities provide no services to clients. All rights reserved. #fintechpulse Dealmaking declines across all types Source: Pulse of Fintech H1'23, Global Analysis of funding in Fintech, KPMG International (data provided by PitchBook), *as of 30 June 2023. Total funding activity (VC, PE and M&A) in fintech in ASPAC 2020–2023* Venture capital funding activity in fintech in Asia Pacific 2020–2023* M&A acti",45
July 2023 kpmg.com/fintechpulse Global analysis of fintech funding,fintechpulse Dealmaking grinds to a halt,"Pulse of Fintech H1'23, Global Analysis of funding in Fintech, KPMG International (data provided by PitchBook), *as of 30 June 2023",,"Pulse of Fintech H1'23, Global Analysis of funding in Fintech, KPMG International (data provided by PitchBook), *as of 30 June 2023",private,1,pending_high_confidence,"47 © 2023 Copyright owned by one or more of the KPMG International entities. KPMG International entities provide no services to clients. All rights reserved. #fintechpulse Dealmaking grinds to a halt Source: Pulse of Fintech H1'23, Global Analysis of funding in Fintech, KPMG International (data provided by PitchBook), *as of 30 June 2023. Total funding activity (VC, PE and M&A) in fintech in Asia Pacific 2020–2023* M&A in fintech in Asia Pacific 2020–2023* M&A activity in fintech in Asia Pacific",47
July 2023 kpmg.com/fintechpulse Global analysis of fintech funding,fintechpulse Dealmaking remains sluggish at the half-year mark,"Pulse of Fintech H1'23, Global Analysis of funding in Fintech, KPMG International (data provided by PitchBook), *as of 30 June 2023",,"Pulse of Fintech H1'23, Global Analysis of funding in Fintech, KPMG International (data provided by PitchBook), *as of 30 June 2023",private,1,pending_high_confidence,"29 © 2023 Copyright owned by one or more of the KPMG International entities. KPMG International entities provide no services to clients. All rights reserved. #fintechpulse Dealmaking remains sluggish at the half-year mark Source: Pulse of Fintech H1'23, Global Analysis of funding in Fintech, KPMG International (data provided by PitchBook), *as of 30 June 2023. PE growth activity in fintech in the Americas 2020–2023* Total funding activity (VC, PE and M&A) in fintech in the Americas 2020–2023* M&",29
July 2023 kpmg.com/fintechpulse Global analysis of fintech funding,fintechpulse Quarterly figures reveal slowing momentum,"Pulse of Fintech H1'23, Global Analysis of funding in Fintech, KPMG International (data provided by PitchBook), *as of 30 June 2023",,"Pulse of Fintech H1'23, Global Analysis of funding in Fintech, KPMG International (data provided by PitchBook), *as of 30 June 2023",private,1,pending_high_confidence,"10 © 2023 Copyright owned by one or more of the KPMG International entities. KPMG International entities provide no services to clients. All rights reserved. #fintechpulse Quarterly figures reveal slowing momentum Source: Pulse of Fintech H1'23, Global Analysis of funding in Fintech, KPMG International (data provided by PitchBook), *as of 30 June 2023. Total global funding activity (VC, PE and M&A) in fintech 2020–2023* Global M&A activity in fintech 2020–2023* Global insights Fintech segments |",10
July 2023 kpmg.com/fintechpulse Global analysis of fintech funding,fintechpulse Valuations remain nuanced yet overall down,"Pulse of Fintech H1'23, Global Analysis of funding in Fintech, KPMG International (data provided by PitchBook), *as of 30 June 2023",,"Pulse of Fintech H1'23, Global Analysis of funding in Fintech, KPMG International (data provided by PitchBook), *as of 30 June 2023",private,1,pending_high_confidence,"46 © 2023 Copyright owned by one or more of the KPMG International entities. KPMG International entities provide no services to clients. All rights reserved. #fintechpulse Valuations remain nuanced yet overall down Source: Pulse of Fintech H1'23, Global Analysis of funding in Fintech, KPMG International (data provided by PitchBook), *as of 30 June 2023. The figures for venture growth for 2020, 2022 and 2023 YTD are based on non-normative sample sizes. The median M&A size for 2023 YTD is based on",46
July 2023 kpmg.com/fintechpulse Global analysis of fintech funding,fintechpulse VC financing activity continues to slide,"Pulse of Fintech H1'23, Global Analysis of funding in Fintech, KPMG International (data provided by PitchBook), *as of 30 June 2023",,"Pulse of Fintech H1'23, Global Analysis of funding in Fintech, KPMG International (data provided by PitchBook), *as of 30 June 2023",private,1,pending_high_confidence,"48 © 2023 Copyright owned by one or more of the KPMG International entities. KPMG International entities provide no services to clients. All rights reserved. #fintechpulse VC financing activity continues to slide Source: Pulse of Fintech H1'23, Global Analysis of funding in Fintech, KPMG International (data provided by PitchBook), *as of 30 June 2023. Venture capital funding activity in fintech in Asia Pacific 2020–2023* VC activity in fintech with corporate participation in Asia Pacific 2020–20",48
July 2023 kpmg.com/fintechpulse Global analysis of fintech funding,fintechpulse VC invested with corporate participation holds up,"Pulse of Fintech H1'23, Global Analysis of funding in Fintech, KPMG International (data provided by PitchBook), *as of 30 June 2023",,"Pulse of Fintech H1'23, Global Analysis of funding in Fintech, KPMG International (data provided by PitchBook), *as of 30 June 2023",private,1,pending_high_confidence,"32 © 2023 Copyright owned by one or more of the KPMG International entities. KPMG International entities provide no services to clients. All rights reserved. #fintechpulse VC invested with corporate participation holds up Source: Pulse of Fintech H1'23, Global Analysis of funding in Fintech, KPMG International (data provided by PitchBook), *as of 30 June 2023. Venture capital funding activity in fintech in the Americas 2020–2023* VC activity in fintech with corporate participation in the America",32
July 2023 kpmg.com/fintechpulse Global analysis of fintech funding,Growth,Financings tagged as Series E or later or deals involving companies that are at least seven years old and have raised at least six VC rounds will be included in this category,,pitchbook,private,1,pending_high_confidence,"53 © 2023 Copyright owned by one or more of the KPMG International entities. KPMG International entities provide no services to clients. All rights reserved. #fintechpulse funding from individual angel investors, angel groups, seed funds, venture capital firms, corporate venture firms and corporate investors. Fundings received as part of an accelerator program are not included; however, if the accelerator continues to invest in follow-on rounds, those further financings are included. Angel/seed:",53
July 2023 kpmg.com/fintechpulse Global analysis of fintech funding,have also prioritized AI-based cybersecurity solutions within their own platforms,"During H1’23, Microsoft launched Security Copilot — a generative AI-powered defense and response system,3 while Google announced its Security AI Workbench — a B2B-focused solution aimed at enabling security firms to leverage generative AI",,"Pulse of Fintech H1'23, Global Analysis of funding in Fintech, KPMG International (data provided by PitchBook), *as of 30 June 2023",private,1,pending_high_confidence,"20 © 2023 Copyright owned by one or more of the KPMG International entities. KPMG International entities provide no services to clients. All rights reserved. #fintechpulse Cybersecurity funding globally was very solid in H1’23 — on pace to surpass 2022 totals, although the level of funding remained far below 2021’s outlier record high. The number of deals in the cybersecurity space was substantially lower in H1’23 compared to H2’22 , likely reflecting the desire of PE and VC investors prioritizi",20
July 2023 kpmg.com/fintechpulse Global analysis of fintech funding,highlights from the ASPAC region include,"Fintech firms looking at ways to leverage AI- generated content (AIGC) Following on trends seen globally, interest in AI took off in the ASPAC region, with both investors and corporates looking for ways to leverage AIGC within fintech use cases",,,unclear,0.91,pending_high_confidence,43 © 2023 Copyright owned by one or more of the KPMG International entities. KPMG International entities provide no services to clients. All rights reserved. #fintechpulse Fintech funding in ASPAC very soft; H1’23 sees lowest level in almost 10 years Fintech funding in the ASPAC region dropped from $6.8 billion in H2’22 to $5.1 billion in H1’23 — a far cry from the record-breaking six months experienced in H1’22 when fintech funding reached over $45 billion. The largest fintech deal in the ASPAC,43
July 2023 kpmg.com/fintechpulse Global analysis of fintech funding,highlights from the crypto and blockchain space include,"Funding in crypto and blockchain remains geographically diverse While funding in the crypto and blockchain space was soft in H1’23, funding continued to show geographic diversity with $100 million+ megadeals in France (Ledger — $493 million), the US (GammaRey — $320 million, Apex Crypto — $155 million, WorldCoin — $115 million), Switzerland (Metaco — $250 million), and Canada (Blockstream — $125 million)",,"Pulse of Fintech H1'23, Global Analysis of funding in Fintech, KPMG International (data provided by PitchBook), *as of 30 June 2023",private,1,pending_high_confidence,"24 © 2023 Copyright owned by one or more of the KPMG International entities. KPMG International entities provide no services to clients. All rights reserved. #fintechpulse Funding in crypto and blockchain falls back to Earth in H1’23 Source: Pulse of Fintech H1'23, Global Analysis of funding in Fintech, KPMG International (data provided by PitchBook), *as of 30 June 2023. Total global funding activity (VC, PE and M&A) in blockchain and cryptocurrency 2020–2023* Global insights Fintech segments R",24
July 2023 kpmg.com/fintechpulse Global analysis of fintech funding,highlights from the cybersecurity sector include,"Continued acceleration on the use of AI and automation In H1’23, investors in the cybersecurity space continued to focus significantly on AI, prioritizing bigger plays focused on amping up bigger platforms to incorporate AI-based cybersecurity tools and technologies",,"Pulse of Fintech H1'23, Global Analysis of funding in Fintech, KPMG International (data provided by PitchBook), *as of 30 June 2023",private,1,pending_high_confidence,"20 © 2023 Copyright owned by one or more of the KPMG International entities. KPMG International entities provide no services to clients. All rights reserved. #fintechpulse Cybersecurity funding globally was very solid in H1’23 — on pace to surpass 2022 totals, although the level of funding remained far below 2021’s outlier record high. The number of deals in the cybersecurity space was substantially lower in H1’23 compared to H2’22 , likely reflecting the desire of PE and VC investors prioritizi",20
July 2023 kpmg.com/fintechpulse Global analysis of fintech funding,highlights from the EMEA region include,"Landmark regulatory initiatives around open banking and embedded finance: At the end of H1’23, the European Commission released its long-awaited draft of the revised Payment Services Directive (PSD3), and its proposals for a Payments Services Regulation (PSR) and a framework for financial data access",,,unclear,0.91,pending_high_confidence,"35 © 2023 Copyright owned by one or more of the KPMG International entities. KPMG International entities provide no services to clients. All rights reserved. #fintechpulse EMEA sees fintech funding slide in H1’23; long-term outlook remains positive Total fintech funding in the EMEA region dropped considerably — from $27 billion in H2’23 to just $11 billion in H1’23 — as investors in the region enhanced their focus on profitability in the wake of global macroeconomic uncertainty, rising interest ",35
July 2023 kpmg.com/fintechpulse Global analysis of fintech funding,highlights from the insurtech space include,"Public insurtechs being taken private amid rocky public performance In 2020 and 2021, a number of mature insurtechs — particularly in the US — went public in order to monetize their fundings",,"Pulse of Fintech H1'23, Global Analysis of funding in Fintech, KPMG International (data provided by PitchBook), *as of 30 June 2023",private,1,pending_high_confidence,"16 © 2023 Copyright owned by one or more of the KPMG International entities. KPMG International entities provide no services to clients. All rights reserved. #fintechpulse Insurtech funding bounces back; H1’23 total nearly exceeds 2022 results After a large drop-off in funding last year, total funding in insurtech bounced back in in the first half of 2023, with H1’23 funding nearly exceeding 2022’s total. While funding remained well off pace of the banner years seen in 2020 and 2021, the funding",16
July 2023 kpmg.com/fintechpulse Global analysis of fintech funding,highlights from the regtech sector include,"Fraud, financial crime, and risk and compliance platforms remain in high demand Fraud and financial crime platforms continued to attract attention from regtech investors in H1’23, in addition to one-stop shop platforms",,"Pulse of Fintech H1'23, Global Analysis of funding in Fintech, KPMG International (data provided by PitchBook), *as of 30 June 2023",private,1,pending_high_confidence,"18 © 2023 Copyright owned by one or more of the KPMG International entities. KPMG International entities provide no services to clients. All rights reserved. #fintechpulse After record-shattering 2022, VC funding in regtech slows in H1’23 After soaring to a major record high in 2022, total funding in regtech slowed in H1’23. The largest deal in H1’23 was the $155 million acquisition of US-based turnkey crypto platform Apex Crypto by Bakkt; the platform’s features range from clearing and custody ",18
July 2023 kpmg.com/fintechpulse Global analysis of fintech funding,highlights from the wealthtech space include,"AI use cases focusing on KYC and CDD Similar to fintech and the tech space more broadly, investors in wealthtech also showed increasing interest in AI-enablement and the use of AI to drive unique solutions during H1’23",,"Pulse of Fintech H1'23, Global Analysis of funding in Fintech, KPMG International (data provided by PitchBook), *as of 30 June 2023",private,1,pending_high_confidence,"22 © 2023 Copyright owned by one or more of the KPMG International entities. KPMG International entities provide no services to clients. All rights reserved. #fintechpulse Total funding in wealthtech was incredibly soft in H1’23 — not a surprise given the range of factors driving uncertainty in the global market, both within the fintech sector and beyond. The only $100 million+ deal in H1’23 occurred in the US —the most mature of the wealthtech markets globally; a $100 million raise by Avenue On",22
July 2023 kpmg.com/fintechpulse Global analysis of fintech funding,in fintech,cybersecurity 2020–2023* Global insights Fintech segments Regional insights $2,,"Pulse of Fintech H1'23, Global Analysis of funding in Fintech, KPMG International (data provided by PitchBook), *as of 30 June 2023",private,1,pending_high_confidence,"20 © 2023 Copyright owned by one or more of the KPMG International entities. KPMG International entities provide no services to clients. All rights reserved. #fintechpulse Cybersecurity funding globally was very solid in H1’23 — on pace to surpass 2022 totals, although the level of funding remained far below 2021’s outlier record high. The number of deals in the cybersecurity space was substantially lower in H1’23 compared to H2’22 , likely reflecting the desire of PE and VC investors prioritizi",20
July 2023 kpmg.com/fintechpulse Global analysis of fintech funding,Late-stage VC,"Rounds are generally classified as Series C or D or later (which PitchBook typically aggregates together as late stage) either by the series of stock issued in the financing or, if that information is unavailable, by a series of factors including: the age of the company, prior financing history, company status, participating investors, and more",,pitchbook,private,1,pending_high_confidence,"53 © 2023 Copyright owned by one or more of the KPMG International entities. KPMG International entities provide no services to clients. All rights reserved. #fintechpulse funding from individual angel investors, angel groups, seed funds, venture capital firms, corporate venture firms and corporate investors. Fundings received as part of an accelerator program are not included; however, if the accelerator continues to invest in follow-on rounds, those further financings are included. Angel/seed:",53
July 2023 kpmg.com/fintechpulse Global analysis of fintech funding,slows down after year-end bump,"Pulse of Fintech H1'23, Global Analysis of funding in Fintech, KPMG International (data provided by PitchBook), *as of 30 June 2023",,"Pulse of Fintech H1'23, Global Analysis of funding in Fintech, KPMG International (data provided by PitchBook), *as of 30 June 2023",private,1,pending_high_confidence,"31 © 2023 Copyright owned by one or more of the KPMG International entities. KPMG International entities provide no services to clients. All rights reserved. #fintechpulse M&A slows down after year-end bump Source: Pulse of Fintech H1'23, Global Analysis of funding in Fintech, KPMG International (data provided by PitchBook), *as of 30 June 2023. Total funding activity (VC, PE, M&A) in fintech in the Americas 2020–2023* M&A activity in fintech in the Americas 2020–2023* Global insights | Fintech ",31
July 2023 kpmg.com/fintechpulse Global analysis of fintech funding,"strong run, venture capital funding activity is declining at all stages","Pulse of Fintech H1'23, Global Analysis of funding in Fintech, KPMG International (data provided by PitchBook), *as of 30 June 2023",,"Pulse of Fintech H1'23, Global Analysis of funding in Fintech, KPMG International (data provided by PitchBook), *as of 30 June 2023",private,1,pending_high_confidence,"40 © 2023 Copyright owned by one or more of the KPMG International entities. KPMG International entities provide no services to clients. All rights reserved. #fintechpulse After a strong run, venture capital funding activity is declining at all stages Source: Pulse of Fintech H1'23, Global Analysis of funding in Fintech, KPMG International (data provided by PitchBook), *as of 30 June 2023. Venture capital funding activity in fintech in EMEA 2020–2023* VC activity in fintech with corporate partic",40
July 2023 kpmg.com/fintechpulse Global analysis of fintech funding,Transaction types include,leveraged buyout (‘LBO’); management buyout; management buy-In; add-on acquisitions aligned to existing fundings; secondary buyout; public to private; privatization; corporate divestitures; and growth/expansion,,pitchbook,private,1,pending_high_confidence,"53 © 2023 Copyright owned by one or more of the KPMG International entities. KPMG International entities provide no services to clients. All rights reserved. #fintechpulse funding from individual angel investors, angel groups, seed funds, venture capital firms, corporate venture firms and corporate investors. Fundings received as part of an accelerator program are not included; however, if the accelerator continues to invest in follow-on rounds, those further financings are included. Angel/seed:",53
July 2023 kpmg.com/fintechpulse Global analysis of fintech funding,ve seen across the fintech sector over the past six months,"• Increasing focus on operational efficiency, sustainable cash flows, and profitability — both from investors and from fintechs looking to delay their next funding rounds",,pitchbook,private,1,pending_high_confidence,"2 © 2023 Copyright owned by one or more of the KPMG International entities. KPMG International entities provide no services to clients. All rights reserved. #fintechpulse The first six months of 2023 were quite challenging for the global fintech market. Some of the challenges were expected — high levels of inflation, rising interest rates, the ongoing conflict between Russia and the Ukraine, depressed valuations, and a lack of exits; others were less so, including the collapse of several banks i",2
Key Insights | GSER 2021 | Startup Genome,MENA Ecosystem and Top 15 Global Ecosystem in Affordable Talent which,,the ability to hire tech talent,,unclear,0.95,needs_review,"more than 50% to the global startup ecosystem value for the second year in a row. - Silicon Valley, New York City, Boston, and Los Angeles alone contribute more than 70% to North America’s total ecosystem value. - North America saw a 20% increase in the number of $50M+ exits in 2020 and a 35% increase in the number of $100 million + exits. - North America produced more than 60% of the global unicorns in 2020. - When looking at the Funding, Talent & Experience Factors, 4 out of the Top 5 ecosyste",
Preparing the Financial Services Technology workforce of tomorrow amidst a rapidly changing landscape in Singapore Singapore Technology Talent Report 2024,"AI, Social Impact of Generative AI","Benefits and Threats, https://www",,survey,unclear,1,pending_high_confidence,"77 References – 1/2 1 Channel NewsAsia, Singapore's economy grew 4.1% in Q3 of 2024: MTI advance estimates, https://www.channelnewsasia.com/singapore/singapore- economy-grew-41-q3-2024-mti-advance-estimates-4672826 2 The Straits Times, Unemployment rate in Singapore down across the board in June: MOM report, https://www.straitstimes.com/singapore/jobs/unemployment- rate-in-singapore-down-across-the-board-in-june-mom-report 3 Ministry of Manpower, Statistical Table: Job Vacancy, https://stats.mom",77
Preparing the Financial Services Technology workforce of tomorrow amidst a rapidly changing landscape in Singapore Singapore Technology Talent Report 2024,"ance, Service Operations, Back-office Processing, KYC Corporate Drivers Objective","To provide strategic shared services across the company Typical Roles: General Management, Business Finance, Human Resources, Risk, Legal and Compliance, Facilities, Procurement",,survey,unclear,1,pending_high_confidence,"16 Introduction d. Shifts in talent profile composition reflect industry maturity Technology Wizards are flatlining with increase in operations and corporate roles In the 2021 edition of the FinTech Talent Report, four key talent profiles in the FinTech industry were identified. Each of them makes a distinctive contribution to the industry through specialised skills and capabilities. As the FinTech sector matures, a shift is being observed with a slight decline (-2%) in the demand for Technology",16
Preparing the Financial Services Technology workforce of tomorrow amidst a rapidly changing landscape in Singapore Singapore Technology Talent Report 2024,"aspx 4 Ministry of Manpower, Statistical Table","Labour Turnover, https://stats",,survey,unclear,1,pending_high_confidence,"77 References – 1/2 1 Channel NewsAsia, Singapore's economy grew 4.1% in Q3 of 2024: MTI advance estimates, https://www.channelnewsasia.com/singapore/singapore- economy-grew-41-q3-2024-mti-advance-estimates-4672826 2 The Straits Times, Unemployment rate in Singapore down across the board in June: MOM report, https://www.straitstimes.com/singapore/jobs/unemployment- rate-in-singapore-down-across-the-board-in-june-mom-report 3 Ministry of Manpower, Statistical Table: Job Vacancy, https://stats.mom",77
Preparing the Financial Services Technology workforce of tomorrow amidst a rapidly changing landscape in Singapore Singapore Technology Talent Report 2024,Commercial Evangelists Objective,"Build the business and accelerate revenue growth Typical Roles: Business Development, Sales and Marketing, Ecosystem Partnerships Technology Wizards Objective: Drive technological innovation Typical Roles: Product/ Software/ Application Development, Technical Architecture, Project Management, Technical Implementation, User Experience, Quality Assurance and Testing, Service Management Operations Champions Objective: To enable and support users and infrastructure Typical Roles: Infrastructure Deve",,survey,unclear,1,pending_high_confidence,"16 Introduction d. Shifts in talent profile composition reflect industry maturity Technology Wizards are flatlining with increase in operations and corporate roles In the 2021 edition of the FinTech Talent Report, four key talent profiles in the FinTech industry were identified. Each of them makes a distinctive contribution to the industry through specialised skills and capabilities. As the FinTech sector matures, a shift is being observed with a slight decline (-2%) in the demand for Technology",16
Preparing the Financial Services Technology workforce of tomorrow amidst a rapidly changing landscape in Singapore Singapore Technology Talent Report 2024,drop in total deal value in Q2 2024 vs Q2 2023 Figure 6,FinTech deals in Singapore (number of deals) Figure 7: FinTech deal value in Singapore (USD Billion) (Source: Accenture FinTech Watchtower Report),,survey,unclear,1,pending_high_confidence,"13 Introduction c. A multitude of disruptors foreshadow growth Organisations must keep up in today’s fast-paced environment or risk getting left behind Financial The US Federal Reserve lowered interest rates by 50 basis points for the first time in four years to support growth and stabilise a slowing labour market6. Despite a more balanced inflation outlook in Singapore, monetary policy remains unchanged as of October 2024 due to “significant uncertainty” in the 2025 economic outlook7. Although ",13
Preparing the Financial Services Technology workforce of tomorrow amidst a rapidly changing landscape in Singapore Singapore Technology Talent Report 2024,"ents-guide-for-employers-employees-singapore-tafep 17 The Straits Times, NDR 2024","Parental leave enhancements add to recent slew of family-friendly measures, https://www",,survey,unclear,1,pending_high_confidence,"77 References – 1/2 1 Channel NewsAsia, Singapore's economy grew 4.1% in Q3 of 2024: MTI advance estimates, https://www.channelnewsasia.com/singapore/singapore- economy-grew-41-q3-2024-mti-advance-estimates-4672826 2 The Straits Times, Unemployment rate in Singapore down across the board in June: MOM report, https://www.straitstimes.com/singapore/jobs/unemployment- rate-in-singapore-down-across-the-board-in-june-mom-report 3 Ministry of Manpower, Statistical Table: Job Vacancy, https://stats.mom",77
Preparing the Financial Services Technology workforce of tomorrow amidst a rapidly changing landscape in Singapore Singapore Technology Talent Report 2024,Example,"MAS and SFA Industry Exchange Programmes The SFA and MAS industry exchange programmes in FinTech and Technology are talent programmes with AWS and Google that allow cross-organisation exchanges to target skill development in areas like blockchain, AI, and cybersecurity",,,unclear,0.91,pending_high_confidence,"62 ( iii ) Support an Open Talent Marketplace to Expand the Talent Pool In Singapore, technology giants are actively supporting open talent marketplaces, collaborating with industry leaders and government agencies to build in-demand technical skills such as AI, Cloud Computing and Data Analytics. These marketplaces allow organisations to share talent and resources while promoting upskilling initiatives. For example, Google's Skills Ignition SG programme and Microsoft's collaboration with SkillsF",62
Preparing the Financial Services Technology workforce of tomorrow amidst a rapidly changing landscape in Singapore Singapore Technology Talent Report 2024,Examples,Enabling talent exchange 1,,,unclear,0.91,pending_high_confidence,"55 Recommendations Projects, Gigs & Volunteering Opportunities Internship (Internal) Apprenticeship (Internal) Job Opportunities (permanent roles) Skills Based Volunteering Rotation Programmes Ways to enable talent exchange While upskilling is effective for workforce development, the absence of opportunities to apply new skills often limits the return on investment (ROI) of such efforts. To enable organisations with reinventing existing roles, FIs can create and leverage short- or long- term opp",55
Preparing the Financial Services Technology workforce of tomorrow amidst a rapidly changing landscape in Singapore Singapore Technology Talent Report 2024,"f-family- friendly-measures 18 Monetary Authority of Singapore, Explanatory Brief","The Financial Institutions (Miscellaneous Amendments) Bill 2024, https://www",,survey,unclear,1,pending_high_confidence,"77 References – 1/2 1 Channel NewsAsia, Singapore's economy grew 4.1% in Q3 of 2024: MTI advance estimates, https://www.channelnewsasia.com/singapore/singapore- economy-grew-41-q3-2024-mti-advance-estimates-4672826 2 The Straits Times, Unemployment rate in Singapore down across the board in June: MOM report, https://www.straitstimes.com/singapore/jobs/unemployment- rate-in-singapore-down-across-the-board-in-june-mom-report 3 Ministry of Manpower, Statistical Table: Job Vacancy, https://stats.mom",77
Preparing the Financial Services Technology workforce of tomorrow amidst a rapidly changing landscape in Singapore Singapore Technology Talent Report 2024,Figure 1,Business context Introduction,,survey,unclear,1,pending_high_confidence,"9 Navigating a new talent landscape As Singapore’s economy gains momentum1, the labour market is gradually picking up2. However, a multitude of disruptors continue to cast a shadow on growth, including the impact of geopolitical and trade conflicts; reduced FinTech funding; job disruption from technological advancements; regulatory changes and differing career expectations across generational groups. These disruptors create diverse talent challenges that must be surgically managed to sustain gro",9
Preparing the Financial Services Technology workforce of tomorrow amidst a rapidly changing landscape in Singapore Singapore Technology Talent Report 2024,Figure 10,GenAI adoption across the hype cycle22 FinTechs are ahead in realising the benefits of GenAI with 64% FinTechs at the ‘Slope of Enlightenment’ compared to 36% of other FIs,,survey,unclear,1,pending_high_confidence,"20 Organisations that have not integrated GenAI in their operations are seemingly smaller in nature, potentially due to difficulties in extracting return on investment. Only 8% of organisations are interested in but have not adopted GenAI, of which, all are FIs with fewer than 100 employees. b. GenAI Maturity: FinTech’s lead adoption FinTech’s tend to adopt GenAI faster and better understand its benefits Based on survey findings, 52% of FIs have internalised the benefits of GenAI and are rapidly",20
Preparing the Financial Services Technology workforce of tomorrow amidst a rapidly changing landscape in Singapore Singapore Technology Talent Report 2024,Figure 12,"Roles Most Likely To be Disrupted by GenAI ( ii ) Code Generation and Summarisation to see biggest impact The top tasks that will be automated by GenAI include Code Generation and Summarisation (84%), Language Translation (89%) and Question Answering (87%)",,survey,unclear,1,pending_high_confidence,"22 According to survey findings, 55% of FIs indicated that their focus on utilising GenAI is within the enabling function. Looking deeper at insights, FinTechs have a balanced approach of utilising GenAI across both the interacting function (53%) and enabling function (47%). On the other hand, Banking and Asset Management focus GenAI usage on enabling function (64%) as compared to interacting function (36%). This can be attributed to differing priorities between Banks and FinTechs. Banks priorit",22
Preparing the Financial Services Technology workforce of tomorrow amidst a rapidly changing landscape in Singapore Singapore Technology Talent Report 2024,Figure 15,"Skills Likely to Gain Importance or Lose Relevance as a Result of GenAI ( iii ) Unpacking the dichotomy of skills The workforce is experiencing a dichotomy in skill demand, marked by the increase in digital and AI-related competencies and the decline of manual, repetitive task-related skills",,survey,unclear,1,pending_high_confidence,"29 ( ii ) The age of administrative skills is over As GenAI becomes more integrated, traditional administrative skills are increasingly being automated. According to survey findings, Administrative Duties (73%), Memorisation & Rote Learning (67%), Data Entry (58%), Content Creation (48%) and Customer Support (36%) are ranked as the top skills to lose relevance. This shift underscore the growing demand for more humanised cognitive, creative, and technical skills. Figure 15: Skills Likely to Gain ",29
Preparing the Financial Services Technology workforce of tomorrow amidst a rapidly changing landscape in Singapore Singapore Technology Talent Report 2024,Figure 16,"Reasons cited by employees for leaving organisations Relooking at the Employee Value Proposition What are the key reasons you would consider when joining an organisation? What are the reasons why you may leave your organisation in future? 75% 67% 39% 75% 65% 71% 48% 40% 75% 69% Rewards Work People Organisation Opportunity ( i ) Rewards Emerge as the New Paradox While the Opportunity Paradox Continues In 2021, 2022, and 2023, an ‘Opportunity Paradox’ was observed, where Opportunity was the leadin",,survey,unclear,1,pending_high_confidence,"34 b. Understanding What Employees Really Want According to survey findings, employees' key considerations for joining an organisation are equally split between ‘Opportunity’ and ‘Rewards’, with both factors rated at 75%. ‘Rewards’ is also cited as the key consideration for employees’ leaving the organisation. Figure 16: Reasons cited by employees for leaving organisations Relooking at the Employee Value Proposition What are the key reasons you would consider when joining an organisation? What a",34
Preparing the Financial Services Technology workforce of tomorrow amidst a rapidly changing landscape in Singapore Singapore Technology Talent Report 2024,Figure 2,"Estimated number of employees in the Financial Services industry (Source: Ministry of Manpower) This gradual market adjustment is reflected in Ministry of Manpower statistics, which show a 0",,"Ministry of Manpower) This gradual market adjustment is reflected in Ministry of Manpower statistics, which show a 0",unclear,1,pending_high_confidence,"10 Introduction b. Labour supply and demand normalises amidst growth optimism Mixed hiring sentiments Following a contraction in 2023, the Financial Services workforce is gradually shifting back towards 2022 levels in 2024. Based on the Ministry of Manpower statistics, the Financial Services workforce increased by 5% between Q1 2024 to Q2 2024, compared to 4% decrease over the same period in 20233. The current Financial Services workforce is estimated at 163,000, up 24% from 131,000 in 2023 but ",10
Preparing the Financial Services Technology workforce of tomorrow amidst a rapidly changing landscape in Singapore Singapore Technology Talent Report 2024,Figure 20,"Perceptions regarding employee compensation For instance, 57% of employees have sales commissions, yet only 24% express a desire for them",,survey,unclear,1,pending_high_confidence,"38 In 2023, employers ranked People as the least important factor, with only 4% citing it as a reason for employee departure. This trend continues in 2024, with People still ranked last by employers. However, People was ranked as the 3rd most important reason to employees for leaving, making it a key factor driving employee attrition. This stark misalignment highlights a major oversight in how employers understand their workforce’s priorities, particularly regarding the impact of workplace relat",38
Preparing the Financial Services Technology workforce of tomorrow amidst a rapidly changing landscape in Singapore Singapore Technology Talent Report 2024,Figure 24,"Factors related to job satisfaction Despite employers not meeting employees’ expectations as demonstrated above, attrition rates have not increased significantly in the recent year",,,unclear,0.91,pending_high_confidence,"40 Figure 24: Factors related to job satisfaction Despite employers not meeting employees’ expectations as demonstrated above, attrition rates have not increased significantly in the recent year. This apparent contradiction can be attributed to external economic factors that have curbed job turnover. Employees are choosing to stay due to broader economic conditions, such as a cautious hiring climate and limited job market alternatives. The uncertainty in the market has made employees more risk-a",40
Preparing the Financial Services Technology workforce of tomorrow amidst a rapidly changing landscape in Singapore Singapore Technology Talent Report 2024,Figure 28,"Which HR initiatives are your organisation prioritising to enhance its Employer Value Proposition (EVP) and drive talent attraction and retention in the next year? According to survey findings, the top three HR priorities for organisations are Flexible Work Arrangements (FWA) (59%), employee recognition and engagement programmes (51%), and performance management revamp (46%)",,survey,unclear,1,pending_high_confidence,"47 Lost in focus Survey results suggest a mismatch between the workforce’s needs and aspirations and the HR and talent strategies that Financial Institutions prioritise. Refer to Appendix Section (Charts) – Figure 28: Which HR initiatives are your organisation prioritising to enhance its Employer Value Proposition (EVP) and drive talent attraction and retention in the next year? According to survey findings, the top three HR priorities for organisations are Flexible Work Arrangements (FWA) (59%)",47
Preparing the Financial Services Technology workforce of tomorrow amidst a rapidly changing landscape in Singapore Singapore Technology Talent Report 2024,Figure 5,Key Drivers for outsourcing and offshoring Note*: Attrition rate refers to the number of employees who left during the past year/ Average number of employees for the past year,,survey,unclear,1,pending_high_confidence,"12 Introduction Figure 4: What is your company’s attrition rate?* Cost Reduction and Flexibility Drive Outsourcing and Offshoring According to survey findings, only 8% of FIs indicated that they were not planning to outsource talent. Given the conservative approach to hiring, this appears to be an alternative for organisations to access capabilities without adding costs through payroll spend with an emphasis on flexible workforce models to scale where needed while continuing to remain operationa",12
Preparing the Financial Services Technology workforce of tomorrow amidst a rapidly changing landscape in Singapore Singapore Technology Talent Report 2024,Figure 9,"Is your organisation exploring GenAI technology, and how is it being adopted in your operations? Redefining Jobs and Skills with GenAI Redefining Jobs and Skills with GenAI",,survey,unclear,1,pending_high_confidence,"19 GenAI continues to drive changes to jobs and skills within FIs, impacting Technology roles to varying extents. An emphasis on behavioural and cross-functional skills is coming to play as a result of task automation and/or augmentation with GenAI. With that, a new talent profile is emerging, driven by a stronger union between business and technology. a. The GenAI game continues to gain momentum A movement that is hard to stop As organisations recognise the transformative potential of GenAI, it",19
Preparing the Financial Services Technology workforce of tomorrow amidst a rapidly changing landscape in Singapore Singapore Technology Talent Report 2024,For further information visit https,//singaporefintech,,,unclear,0.91,pending_high_confidence,"79 About Accenture Accenture is a leading global professional services company that helps the world’s leading organisations build their digital core, optimize their operations, accelerate revenue growth and enhance services—creating tangible value at speed and scale. We are a talent- and innovation-led company with approximately 774,000 people serving clients in more than 120 countries. Technology is at the core of change today, and we are one of the world’s leaders in helping drive that change,",79
Preparing the Financial Services Technology workforce of tomorrow amidst a rapidly changing landscape in Singapore Singapore Technology Talent Report 2024,GenAI Maturity,"FinTech’s lead adoption FinTech’s tend to adopt GenAI faster and better understand its benefits Based on survey findings, 52% of FIs have internalised the benefits of GenAI and are rapidly adopting it",,survey,unclear,1,pending_high_confidence,"20 Organisations that have not integrated GenAI in their operations are seemingly smaller in nature, potentially due to difficulties in extracting return on investment. Only 8% of organisations are interested in but have not adopted GenAI, of which, all are FIs with fewer than 100 employees. b. GenAI Maturity: FinTech’s lead adoption FinTech’s tend to adopt GenAI faster and better understand its benefits Based on survey findings, 52% of FIs have internalised the benefits of GenAI and are rapidly",20
Preparing the Financial Services Technology workforce of tomorrow amidst a rapidly changing landscape in Singapore Singapore Technology Talent Report 2024,good EVP consists of 5 key levers,"People: Emphasises the importance of building a collegial work environment, ensuring that employees feel supported and empowered throughout their career",,,unclear,0.91,pending_high_confidence,"33 Relooking at the Employee Value Proposition Relooking at the Employee Value Proposition a. Unpacking the EVP Model The Employee Value Proposition (EVP) model refers to a set of benefits and values that an organisation offers its employees in return for the capabilities, experience and contributions an employee brings. An EVP represents the total value an employee derives from working for the organisation—it’s the promise employers make in exchange for their employees' effort, commitment and l",33
Preparing the Financial Services Technology workforce of tomorrow amidst a rapidly changing landscape in Singapore Singapore Technology Talent Report 2024,High Medium Low Impact level High Medium Low Impact level Note,Analysis shown above is illustrative Redefining Jobs and Skills with GenAI,,survey,unclear,1,pending_high_confidence,"25 Test Engineer Total time savings: 5.01 hrs/ day ■ Identify, analyse, and document problems with program function, output, online screen, or content 1.49 18.65% ■ Develop testing programmes that address areas such as database impacts, software scenarios, regression testing, negative testing, error or bug retests, or usability 1.14 14.28% ■ Document software defects, using a bug tracking system, and report defects to software developers 1.14 14.23% Job tasks impacted ■ Quality assurance and con",25
Preparing the Financial Services Technology workforce of tomorrow amidst a rapidly changing landscape in Singapore Singapore Technology Talent Report 2024,in Q3 of 2024,"MTI advance estimates, https://www",,survey,unclear,1,pending_high_confidence,"77 References – 1/2 1 Channel NewsAsia, Singapore's economy grew 4.1% in Q3 of 2024: MTI advance estimates, https://www.channelnewsasia.com/singapore/singapore- economy-grew-41-q3-2024-mti-advance-estimates-4672826 2 The Straits Times, Unemployment rate in Singapore down across the board in June: MOM report, https://www.straitstimes.com/singapore/jobs/unemployment- rate-in-singapore-down-across-the-board-in-june-mom-report 3 Ministry of Manpower, Statistical Table: Job Vacancy, https://stats.mom",77
Preparing the Financial Services Technology workforce of tomorrow amidst a rapidly changing landscape in Singapore Singapore Technology Talent Report 2024,Introduction Figure 4,"What is your company’s attrition rate?* Cost Reduction and Flexibility Drive Outsourcing and Offshoring According to survey findings, only 8% of FIs indicated that they were not planning to outsource talent",,survey,unclear,1,pending_high_confidence,"12 Introduction Figure 4: What is your company’s attrition rate?* Cost Reduction and Flexibility Drive Outsourcing and Offshoring According to survey findings, only 8% of FIs indicated that they were not planning to outsource talent. Given the conservative approach to hiring, this appears to be an alternative for organisations to access capabilities without adding costs through payroll spend with an emphasis on flexible workforce models to scale where needed while continuing to remain operationa",12
Preparing the Financial Services Technology workforce of tomorrow amidst a rapidly changing landscape in Singapore Singapore Technology Talent Report 2024,K Figure 25a,In-demand FinTech roles Figure 25b: In-demand Banking and Asset Management roles Role Junior Mid-Level Senior Relationship Manager 80K – 120K 120K – 150K 130K – 200K Risk Manager 100K – 130K 130K – 180K 180K – 220K Business Analyst 90K – 120K 120K – 180K 180K – 220K Financial Accountant 50K – 70K 70K – 90K 90K – 100K Compliance Officer 80K – 100K 100K – 140K 120K – 160K Data Scientist 100K – 130K 130K – 160K 140K – 200K Cloud Engineer 90K – 110K 110K – 140K 120K – 180K Software Developer 80K – 1,,,unclear,0.96,pending_high_confidence,41 Role Junior Mid-Level Senior Data Engineer 50k – 120k 60k – 150k 90k – 220k AI/Machine Learning Engineer 70K – 130K 80K – 160K 160K – 200K Blockchain Developer 40K – 140K 80K – 150K 90K – 160K Cybersecurity Engineer 40K – 120K 50K – 160K 80K – 200K DevOps Engineer 40K – 120K 70K – 150K 90K – 180K Fullstack Developer 40K – 100K 60K – 140K 70K – 180K Product Manager (FinTech) 45K – 100K 60K – 150K 100K – 200K UX/UI Designer 40K – 90K 80K – 120K 110K – 140K Financial Analyst (FinTech) 40K – 90K ,41
Preparing the Financial Services Technology workforce of tomorrow amidst a rapidly changing landscape in Singapore Singapore Technology Talent Report 2024,Leadership and people management Work,"Focuses on providing meaningful and engaging roles, ensuring that employees find meaning and satisfaction in daily tasks",,,unclear,0.91,pending_high_confidence,"33 Relooking at the Employee Value Proposition Relooking at the Employee Value Proposition a. Unpacking the EVP Model The Employee Value Proposition (EVP) model refers to a set of benefits and values that an organisation offers its employees in return for the capabilities, experience and contributions an employee brings. An EVP represents the total value an employee derives from working for the organisation—it’s the promise employers make in exchange for their employees' effort, commitment and l",33
Preparing the Financial Services Technology workforce of tomorrow amidst a rapidly changing landscape in Singapore Singapore Technology Talent Report 2024,ls Proximity High Proximity Medium Proximity Low Proximity Emerging Skills Legend,"High proximity refer to skills that are closely related or share a high degree of overlap in terms of knowledge and expertise, requiring minimal upskilling to be proficient in the skills",,,unclear,0.96,pending_high_confidence,54 Recommendations Figure 31: Skills proximity between Data Engineer and Product Manager Technical Skills Machine Learning Data Engineering Tools Programming & Scripting Data Visualisation & Analytics Data Engineer Product Manager Functional Skills Data Governance Agile Methodology DevSecOps Practices Data Mining & Transformation Data Ethics and Responsible AI Behavioural Skills Critical Thinking Logical Thinking Managing Complexity Stakeholder Management Cross-Functional Collaboration Technical,54
Preparing the Financial Services Technology workforce of tomorrow amidst a rapidly changing landscape in Singapore Singapore Technology Talent Report 2024,Meritocracy Rewards,Focuses on ensuring that employees feel fairly compensated for contributions to the organisation,,,unclear,0.91,pending_high_confidence,"33 Relooking at the Employee Value Proposition Relooking at the Employee Value Proposition a. Unpacking the EVP Model The Employee Value Proposition (EVP) model refers to a set of benefits and values that an organisation offers its employees in return for the capabilities, experience and contributions an employee brings. An EVP represents the total value an employee derives from working for the organisation—it’s the promise employers make in exchange for their employees' effort, commitment and l",33
Preparing the Financial Services Technology workforce of tomorrow amidst a rapidly changing landscape in Singapore Singapore Technology Talent Report 2024,"Morgan, September 2024 Fed meeting","Fed cuts rates by half point to support economy, https://www",,survey,unclear,1,pending_high_confidence,"77 References – 1/2 1 Channel NewsAsia, Singapore's economy grew 4.1% in Q3 of 2024: MTI advance estimates, https://www.channelnewsasia.com/singapore/singapore- economy-grew-41-q3-2024-mti-advance-estimates-4672826 2 The Straits Times, Unemployment rate in Singapore down across the board in June: MOM report, https://www.straitstimes.com/singapore/jobs/unemployment- rate-in-singapore-down-across-the-board-in-june-mom-report 3 Ministry of Manpower, Statistical Table: Job Vacancy, https://stats.mom",77
Preparing the Financial Services Technology workforce of tomorrow amidst a rapidly changing landscape in Singapore Singapore Technology Talent Report 2024,n individual to carry our specific job functions or multiple roles Typical skills,"Data Fluency, Digital Literacy, Data Science, Customer Service, Risk Management, Compliance, etc",,survey,unclear,1,pending_high_confidence,"27 e. The spotlight shifts away from technical skills ( i ) Behavioural and cross functional skills to take centre stage As GenAI gradually integrates into the fabric of organisations, the skills landscape is expected to shift extensively. Three categories of skills have been identified: Behavioural Skills People skills / behavioural traits including interpersonal and intrapersonal abilities that are expected of all employees in the organisation Typical skills: Communication, Critical Thinking, ",27
Preparing the Financial Services Technology workforce of tomorrow amidst a rapidly changing landscape in Singapore Singapore Technology Talent Report 2024,"of-generative-ai-benefits- and-threats/ 16 The Straits Times, More than just WFH","Flexible work arrangements for employers and employees to consider, https://www",,survey,unclear,1,pending_high_confidence,"77 References – 1/2 1 Channel NewsAsia, Singapore's economy grew 4.1% in Q3 of 2024: MTI advance estimates, https://www.channelnewsasia.com/singapore/singapore- economy-grew-41-q3-2024-mti-advance-estimates-4672826 2 The Straits Times, Unemployment rate in Singapore down across the board in June: MOM report, https://www.straitstimes.com/singapore/jobs/unemployment- rate-in-singapore-down-across-the-board-in-june-mom-report 3 Ministry of Manpower, Statistical Table: Job Vacancy, https://stats.mom",77
Preparing the Financial Services Technology workforce of tomorrow amidst a rapidly changing landscape in Singapore Singapore Technology Talent Report 2024,org/ Disclaimer,This content is provided for general information purposes and is not intended to be used in place of consultation with our professional advisors,,,unclear,0.91,pending_high_confidence,"79 About Accenture Accenture is a leading global professional services company that helps the world’s leading organisations build their digital core, optimize their operations, accelerate revenue growth and enhance services—creating tangible value at speed and scale. We are a talent- and innovation-led company with approximately 774,000 people serving clients in more than 120 countries. Technology is at the core of change today, and we are one of the world’s leaders in helping drive that change,",79
Preparing the Financial Services Technology workforce of tomorrow amidst a rapidly changing landscape in Singapore Singapore Technology Talent Report 2024,"own-across-the-board-in-june-mom-report 3 Ministry of Manpower, Statistical Table","Job Vacancy, https://stats",,survey,unclear,1,pending_high_confidence,"77 References – 1/2 1 Channel NewsAsia, Singapore's economy grew 4.1% in Q3 of 2024: MTI advance estimates, https://www.channelnewsasia.com/singapore/singapore- economy-grew-41-q3-2024-mti-advance-estimates-4672826 2 The Straits Times, Unemployment rate in Singapore down across the board in June: MOM report, https://www.straitstimes.com/singapore/jobs/unemployment- rate-in-singapore-down-across-the-board-in-june-mom-report 3 Ministry of Manpower, Statistical Table: Job Vacancy, https://stats.mom",77
Preparing the Financial Services Technology workforce of tomorrow amidst a rapidly changing landscape in Singapore Singapore Technology Talent Report 2024,"pdf 10 Accenture, The age of AI","Banking’s New Reality, 2024",,survey,unclear,1,pending_high_confidence,"77 References – 1/2 1 Channel NewsAsia, Singapore's economy grew 4.1% in Q3 of 2024: MTI advance estimates, https://www.channelnewsasia.com/singapore/singapore- economy-grew-41-q3-2024-mti-advance-estimates-4672826 2 The Straits Times, Unemployment rate in Singapore down across the board in June: MOM report, https://www.straitstimes.com/singapore/jobs/unemployment- rate-in-singapore-down-across-the-board-in-june-mom-report 3 Ministry of Manpower, Statistical Table: Job Vacancy, https://stats.mom",77
Preparing the Financial Services Technology workforce of tomorrow amidst a rapidly changing landscape in Singapore Singapore Technology Talent Report 2024,Recommendations Figure 31,Skills proximity between Data Engineer and Product Manager Technical Skills Machine Learning Data Engineering Tools Programming & Scripting Data Visualisation & Analytics Data Engineer Product Manager Functional Skills Data Governance Agile Methodology DevSecOps Practices Data Mining & Transformation Data Ethics and Responsible AI Behavioural Skills Critical Thinking Logical Thinking Managing Complexity Stakeholder Management Cross-Functional Collaboration Technical Skills UI/UX Design Jira and,,,unclear,0.96,pending_high_confidence,54 Recommendations Figure 31: Skills proximity between Data Engineer and Product Manager Technical Skills Machine Learning Data Engineering Tools Programming & Scripting Data Visualisation & Analytics Data Engineer Product Manager Functional Skills Data Governance Agile Methodology DevSecOps Practices Data Mining & Transformation Data Ethics and Responsible AI Behavioural Skills Critical Thinking Logical Thinking Managing Complexity Stakeholder Management Cross-Functional Collaboration Technical,54
Preparing the Financial Services Technology workforce of tomorrow amidst a rapidly changing landscape in Singapore Singapore Technology Talent Report 2024,Relooking at the Employee Value Proposition Figure 19,"Key reasons for leaving an organisation Perceptions on Leaving When it comes to reasons for leaving an organisation, employees identified their top three considerations as Rewards (75%), Opportunity (71%), and People (69%)",,,unclear,0.91,pending_high_confidence,"37 Relooking at the Employee Value Proposition Figure 19: Key reasons for leaving an organisation Perceptions on Leaving When it comes to reasons for leaving an organisation, employees identified their top three considerations as Rewards (75%), Opportunity (71%), and People (69%). On the other hand, employers believe the top three considerations are Rewards (78%), Opportunity (65%), and Work (49%). While employers recognise rewards and opportunities as the top two reasons driving employee attrit",37
Preparing the Financial Services Technology workforce of tomorrow amidst a rapidly changing landscape in Singapore Singapore Technology Talent Report 2024,s Net Better Off (NBO) model to guide rewards practices more holistically,Recommendations Recommendations,,,unclear,0.96,pending_high_confidence,"49 1. Supercharge a New Employee Experience Financial Institutions need an urgent rethink of the Employee Value Proposition (EVP) to attract and retain technology talent. ( i ) Listen to the Voice of the Employee FIs can use a multitude of high-touch and low-touch methods to gather real-time data on employee sentiment and engagement. By doing so, HR teams can gain immediate insights into what employees truly value thus make informed decisions to adjust the EVP and tailor experience accordingly. ",49
Preparing the Financial Services Technology workforce of tomorrow amidst a rapidly changing landscape in Singapore Singapore Technology Talent Report 2024,"s role, team or specific department Typical skills","Programming, Web Development, Data Engineering, etc",,survey,unclear,1,pending_high_confidence,"27 e. The spotlight shifts away from technical skills ( i ) Behavioural and cross functional skills to take centre stage As GenAI gradually integrates into the fabric of organisations, the skills landscape is expected to shift extensively. Three categories of skills have been identified: Behavioural Skills People skills / behavioural traits including interpersonal and intrapersonal abilities that are expected of all employees in the organisation Typical skills: Communication, Critical Thinking, ",27
Preparing the Financial Services Technology workforce of tomorrow amidst a rapidly changing landscape in Singapore Singapore Technology Talent Report 2024,"Straits Times, Unemployment rate in Singapore down across the board in June","MOM report, https://www",,survey,unclear,1,pending_high_confidence,"77 References – 1/2 1 Channel NewsAsia, Singapore's economy grew 4.1% in Q3 of 2024: MTI advance estimates, https://www.channelnewsasia.com/singapore/singapore- economy-grew-41-q3-2024-mti-advance-estimates-4672826 2 The Straits Times, Unemployment rate in Singapore down across the board in June: MOM report, https://www.straitstimes.com/singapore/jobs/unemployment- rate-in-singapore-down-across-the-board-in-june-mom-report 3 Ministry of Manpower, Statistical Table: Job Vacancy, https://stats.mom",77
Preparing the Financial Services Technology workforce of tomorrow amidst a rapidly changing landscape in Singapore Singapore Technology Talent Report 2024,Three categories of skills have been identified,"Behavioural Skills People skills / behavioural traits including interpersonal and intrapersonal abilities that are expected of all employees in the organisation Typical skills: Communication, Critical Thinking, Leadership, Adaptability, etc",,survey,unclear,1,pending_high_confidence,"27 e. The spotlight shifts away from technical skills ( i ) Behavioural and cross functional skills to take centre stage As GenAI gradually integrates into the fabric of organisations, the skills landscape is expected to shift extensively. Three categories of skills have been identified: Behavioural Skills People skills / behavioural traits including interpersonal and intrapersonal abilities that are expected of all employees in the organisation Typical skills: Communication, Critical Thinking, ",27
Preparing the Financial Services Technology workforce of tomorrow amidst a rapidly changing landscape in Singapore Singapore Technology Talent Report 2024,Tripartite Guidelines on Flexible Work Arrangement Requests (TG-FWAR),Tripartite Guidelines on Flexible Work Arrangement Requests (TG-FWAR) (mom,,survey,unclear,1,pending_high_confidence,"77 References – 1/2 1 Channel NewsAsia, Singapore's economy grew 4.1% in Q3 of 2024: MTI advance estimates, https://www.channelnewsasia.com/singapore/singapore- economy-grew-41-q3-2024-mti-advance-estimates-4672826 2 The Straits Times, Unemployment rate in Singapore down across the board in June: MOM report, https://www.straitstimes.com/singapore/jobs/unemployment- rate-in-singapore-down-across-the-board-in-june-mom-report 3 Ministry of Manpower, Statistical Table: Job Vacancy, https://stats.mom",77
Preparing the Financial Services Technology workforce of tomorrow amidst a rapidly changing landscape in Singapore Singapore Technology Talent Report 2024,Well-Being Organisation,"Focuses on the organisation culture, prestige in the market, and work environment • Diversity and inclusion • Ethics, social and environmental responsibility • Prestige in the market",,,unclear,0.91,pending_high_confidence,"33 Relooking at the Employee Value Proposition Relooking at the Employee Value Proposition a. Unpacking the EVP Model The Employee Value Proposition (EVP) model refers to a set of benefits and values that an organisation offers its employees in return for the capabilities, experience and contributions an employee brings. An EVP represents the total value an employee derives from working for the organisation—it’s the promise employers make in exchange for their employees' effort, commitment and l",33
Preparing the Financial Services Technology workforce of tomorrow amidst a rapidly changing landscape in Singapore Singapore Technology Talent Report 2024,Work-life balance Opportunity,"Ensures that employees are supported to grow and progress in their career and recognised for their contributions, creating an engaged and motivated workforce",,,unclear,0.91,pending_high_confidence,"33 Relooking at the Employee Value Proposition Relooking at the Employee Value Proposition a. Unpacking the EVP Model The Employee Value Proposition (EVP) model refers to a set of benefits and values that an organisation offers its employees in return for the capabilities, experience and contributions an employee brings. An EVP represents the total value an employee derives from working for the organisation—it’s the promise employers make in exchange for their employees' effort, commitment and l",33
Preparing the Financial Services Technology workforce of tomorrow amidst a rapidly changing landscape in Singapore Singapore Technology Talent Report 2024,"World Economic Forum, Jobs of Tomorrow","Large Language Models and Jobs, https://www3",,survey,unclear,1,pending_high_confidence,"77 References – 1/2 1 Channel NewsAsia, Singapore's economy grew 4.1% in Q3 of 2024: MTI advance estimates, https://www.channelnewsasia.com/singapore/singapore- economy-grew-41-q3-2024-mti-advance-estimates-4672826 2 The Straits Times, Unemployment rate in Singapore down across the board in June: MOM report, https://www.straitstimes.com/singapore/jobs/unemployment- rate-in-singapore-down-across-the-board-in-june-mom-report 3 Ministry of Manpower, Statistical Table: Job Vacancy, https://stats.mom",77
Reinventing with a Digital Core | Tech Infrastructure | Accenture,"er, expectations for gen AI are exceeding their current digital core capabilities",50% of executives believe that they can scale gen AI enterprise-wide in 6 to 12 months,,,unclear,0.96,needs_review,"RESEARCH REPORT Reinventing with a digital core Chapter 1: How to accelerate growth through change 5-MINUTE READ July 16, 2024 RESEARCH REPORT Chapter 1: How to accelerate growth through change 5-MINUTE READ July 16, 2024 How can companies grow through constant change? This question is on the minds of executives as they face unprecedented disruption in their business environment. Technology is now ranked the #1 most disruptive force today (up from #6 from a few years ago)—largely due to the rapi",
Reinventing with a Digital Core | Tech Infrastructure | Accenture,"level, on its own, has many benefits",20% higher revenue growth rate 30% increase in profitability 54% strongly agreed their enterprise systems help them diversify into other geographies and industries 2X greater integration and end-to-end engineering and operations visibility (i,,,unclear,0.96,needs_review,"RESEARCH REPORT Reinventing with a digital core Chapter 1: How to accelerate growth through change 5-MINUTE READ July 16, 2024 RESEARCH REPORT Chapter 1: How to accelerate growth through change 5-MINUTE READ July 16, 2024 How can companies grow through constant change? This question is on the minds of executives as they face unprecedented disruption in their business environment. Technology is now ranked the #1 most disruptive force today (up from #6 from a few years ago)—largely due to the rapi",
Reinventing with a Digital Core | Tech Infrastructure | Accenture,rategic shift towards reinvention has created an enormous need for a digital core,"one that amplifies machines, humans and the interaction between the two in new and significant ways",,,unclear,0.96,needs_review,"RESEARCH REPORT Reinventing with a digital core Chapter 1: How to accelerate growth through change 5-MINUTE READ July 16, 2024 RESEARCH REPORT Chapter 1: How to accelerate growth through change 5-MINUTE READ July 16, 2024 How can companies grow through constant change? This question is on the minds of executives as they face unprecedented disruption in their business environment. Technology is now ranked the #1 most disruptive force today (up from #6 from a few years ago)—largely due to the rapi",
Reinventing with a Digital Core | Tech Infrastructure | Accenture,RESEARCH REPORT Reinventing with a digital core Chapter 1,"How to accelerate growth through change 5-MINUTE READ July 16, 2024 RESEARCH REPORT Chapter 1: How to accelerate growth through change 5-MINUTE READ July 16, 2024 How can companies grow through constant change? This question is on the minds of executives as they face unprecedented disruption in their business environment",,,unclear,0.96,needs_review,"RESEARCH REPORT Reinventing with a digital core Chapter 1: How to accelerate growth through change 5-MINUTE READ July 16, 2024 RESEARCH REPORT Chapter 1: How to accelerate growth through change 5-MINUTE READ July 16, 2024 How can companies grow through constant change? This question is on the minds of executives as they face unprecedented disruption in their business environment. Technology is now ranked the #1 most disruptive force today (up from #6 from a few years ago)—largely due to the rapi",
Reinventing with a Digital Core | Tech Infrastructure | Accenture,that companies must follow to achieve reinvention readiness with the digital core,60% higher revenue growth rate (from 7,,,unclear,0.96,needs_review,"RESEARCH REPORT Reinventing with a digital core Chapter 1: How to accelerate growth through change 5-MINUTE READ July 16, 2024 RESEARCH REPORT Chapter 1: How to accelerate growth through change 5-MINUTE READ July 16, 2024 How can companies grow through constant change? This question is on the minds of executives as they face unprecedented disruption in their business environment. Technology is now ranked the #1 most disruptive force today (up from #6 from a few years ago)—largely due to the rapi",
Reinventing with a Digital Core | Tech Infrastructure | Accenture,"This starts at the team level, and many companies are making great strides","68% report building strong capabilities around dynamic teams, where team members can rotate on and off based on project needs 67% are developing strong multi-disciplinary teams that are cross-functional and integrate technology and other skills 60% of companies in the top quartile of our Digital Core Index design talent capabilities and technology solutions to enable continuous change (vs",,,unclear,0.96,needs_review,"RESEARCH REPORT Reinventing with a digital core Chapter 1: How to accelerate growth through change 5-MINUTE READ July 16, 2024 RESEARCH REPORT Chapter 1: How to accelerate growth through change 5-MINUTE READ July 16, 2024 How can companies grow through constant change? This question is on the minds of executives as they face unprecedented disruption in their business environment. Technology is now ranked the #1 most disruptive force today (up from #6 from a few years ago)—largely due to the rapi",
Research and development expenditure by the UK government - Office for National Statistics,me are available in our Research and development expenditure by the UK government,2021 bulletin,,,unclear,0.96,needs_review,"the devolved administrations, UKRI, and the higher education funding bodies are still comparable with previous periods. Therefore, time series comparisons for all elements, excluding defence R&D, are still possible. Further details about changes to the defence statistics that affected comparability over time are available in our Research and development expenditure by the UK government: 2021 bulletin. Quality More quality and methodology information (QMI) on uses and users of the data and how th",
Research and development expenditure by the UK government - Office for National Statistics,me are available in our Research and development expenditure by the UK government,2021 bulletin,,census,obtainable,1,needs_review,"1. Main points The UK government's net expenditure on research and development (R&D) rose to £20.4 billion in 2024, which is up from £18.3 billion in 2023 and is an increase of 11.6%. UK Research and Innovation (UKRI), excluding Research England, contributed the most to net expenditure on R&D, increasing £484 million to £6.8 billion in 2024, which was 33.2% of total net government expenditure on R&D. Civil departments' total net expenditure on R&D was the second largest contributor to the total,",
SINGAPORE DIGITAL ECONOMY REPORT,"According to Enterprise Singapore (EnterpriseSG), tech startup","an enterprise that (i) has been registered in the past 10 years, (ii) not a subsidiary of a corporate entity at point of incorporation, and (iii) develops or possesses innovation",,"DOS FIGURE 23: NUMBER OF TECH STARTUPS, 2018 AND 2022 3,590 4,890 2018 2022 10,880 6",unclear,1,pending_high_confidence,"Tech Startups 21 SINGAPORE DIGITAL ECONOMY REPORT 2024 The number of digital tech startups in Singapore has been rising over the years. Specifically, the number of digital tech startups in 2022 was around 2,600, representing 53% of the total number of tech startups in Singapore in 2022. The number of digital tech startups has increased at a CAGR of 7.7% p.a. between 2018 and 2022 [Fig 23]. Digital tech startups contributed much to employment among the tech startups, accounting for an average of ",21
SINGAPORE DIGITAL ECONOMY REPORT,BERD in Digital Innovation,the sum of two components: 1) BERD in I&C sector and 2) BERD in Info-communication & Media (ICM) technology in the rest of the economy (i,,,unclear,0.91,pending_high_confidence,"5 SINGAPORE DIGITAL ECONOMY REPORT 2024 Tech Jobs Continue To Grow and Pay Well Conclusion Demand for tech professionals7 continued to rise in 2023. Despite the more cautious tech hiring taking place globally as well as in Singapore, tech jobs increased by 3.4% year-on-year to reach 208,300, from 201,400 in 2022. Tech professionals continued to account for 5.2% of total employment, similar to that in 2022. The growth in tech jobs was largely driven by the non-I&C sector (i.e. the horizontal pill",5
SINGAPORE DIGITAL ECONOMY REPORT,BERD in Digital Innovation is defined as the sum of two components,1) BERD in I&C sector and 2) BERD in Info-communication & Media (ICM) technology in the rest of the economy (i,,,unclear,0.91,pending_high_confidence,"5 SINGAPORE DIGITAL ECONOMY REPORT 2024 Tech Jobs Continue To Grow and Pay Well Conclusion Demand for tech professionals7 continued to rise in 2023. Despite the more cautious tech hiring taking place globally as well as in Singapore, tech jobs increased by 3.4% year-on-year to reach 208,300, from 201,400 in 2022. Tech professionals continued to account for 5.2% of total employment, similar to that in 2022. The growth in tech jobs was largely driven by the non-I&C sector (i.e. the horizontal pill",5
SINGAPORE DIGITAL ECONOMY REPORT,"C Sector employment 14,150","DOS, MOM FIGURE 24: NUMBER OF EMPLOYEES IN DIGITAL TECH STARTUPS, 2018 AND 2022 2018 2022",,"DOS FIGURE 23: NUMBER OF TECH STARTUPS, 2018 AND 2022 3,590 4,890 2018 2022 10,880 6",unclear,1,pending_high_confidence,"Tech Startups 21 SINGAPORE DIGITAL ECONOMY REPORT 2024 The number of digital tech startups in Singapore has been rising over the years. Specifically, the number of digital tech startups in 2022 was around 2,600, representing 53% of the total number of tech startups in Singapore in 2022. The number of digital tech startups has increased at a CAGR of 7.7% p.a. between 2018 and 2022 [Fig 23]. Digital tech startups contributed much to employment among the tech startups, accounting for an average of ",21
SINGAPORE DIGITAL ECONOMY REPORT,C sectors,A*STAR Source: IMDA and A*STAR 25,,A*STAR Source: IMDA and A*STAR 25,unclear,1,pending_high_confidence,"19 SINGAPORE DIGITAL ECONOMY REPORT 2024 Based on this definition, BERD in Digital Innovation almost doubled from S$535 million in 2018 to S$1,058 million in 202131, with a CAGR of 25.5% p.a.. This growth was faster than the growth of BERD in the overall economy (CAGR of 8.9% p.a.) [Fig 19]. The share of BERD in Digital Innovation out of BERD in overall economy rose from 9.8% in 2018 to 14.9% in 2021. FIGURE 19: BERD IN OVERALL ECONOMY AND IN DIGITAL INNOVATION, 2018 AND 2021 31 Based on latest ",19
SINGAPORE DIGITAL ECONOMY REPORT,C sectors),Firms in non-I&C sectors may also undertake R&D in digital-related technologies,,survey,unclear,1,pending_high_confidence,"18 SINGAPORE DIGITAL ECONOMY REPORT 2024 DIGITAL INNOVATION Innovation in the digital economy (referred to as “Digital Innovation” in this report) is key to our competitiveness. Digital Innovation brings about development of new technologies and products as well as improvement in business processes, which in turn contribute to the growth of the digital economy. There is no internationally agreed standard to define and measure Digital Innovation, and a lack of international studies on Digital Inn",18
SINGAPORE DIGITAL ECONOMY REPORT,FIGURE 1,"I&C SECTOR’S NOMINAL VA AND ANNUAL SECTORAL REAL VA GROWTH17 COMPOSITION OF SINGAPORE’S DIGITAL ECONOMY SIZE (% OF GDP), 2023 5",,DOS 17,unclear,1,pending_high_confidence,"7 SINGAPORE DIGITAL ECONOMY REPORT 2024 Similar to 2022, the I&C sector accounted for around one third of Singapore’s DE, with the remaining two thirds attributed to the VA arising from digitalisation in the rest of the economy15. FIGURE 1: I&C SECTOR’S NOMINAL VA AND ANNUAL SECTORAL REAL VA GROWTH17 COMPOSITION OF SINGAPORE’S DIGITAL ECONOMY SIZE (% OF GDP), 2023 5.7% I&C Sector 12.0% Digitalisation in the rest of the economy The I&C sector is one of the key growth engines of the Singapore econ",7
SINGAPORE DIGITAL ECONOMY REPORT,FIGURE 10,"SMEs’ ADOPTION OF DIGITAL SOLUTIONS FOR GENERAL BUSINESS FUNCTIONS BY FIRM AGE, 2023 FIGURE 11: SMEs’ ADOPTION OF AT LEAST ONE SECTOR-SPECIFIC DIGITAL SOLUTION, 2021 AND 2023 Up to 1 year old 2023 1 - 10 years old 2021 More than 10 years old 84% 85% 91% 61% 79% Among the digital solutions for general business functions, resource management functions such as Accounting Management and Document Management were more commonly adopted",,,unclear,0.96,pending_high_confidence,"13 SINGAPORE DIGITAL ECONOMY REPORT 2024 Diving deeper, the rate of adoption varied by firm age [Fig 10]. About nine in ten SMEs which are less than one year old adopted at least one digital solution for general business functions, which suggests that these younger firms are likely digital natives. About eight in ten SMEs that are older adopted at least one such digital solution, indicating an opportunity to improve the adoption among this segment. Beyond these solutions that address general bus",13
SINGAPORE DIGITAL ECONOMY REPORT,FIGURE 12,"PERCENTAGE OF SMEs THAT ADOPTED AT LEAST ONE SECTOR-SPECIFIC SOLUTION FOR SELECTED SECTORS, 2021 AND 202326 Professional Services Construction Wholesale Trade Transportation & Storage Retail Trade Accomodation & Food Services Admin & Support Services 97% 76% 93% 93% 91% 88% 86% 76% 53% 85% 72% 44% 50% 61% 2023 2021 Across sectors, the adoption of sector-specific digital solutions by SMEs increased from 2021 to 2023, with Professional Services seeing the highest adoption and Wholesale Trade regis",,survey,unclear,1,pending_high_confidence,"14 SINGAPORE DIGITAL ECONOMY REPORT 2024 26 IDPs are only available for selected industries, which constitute a subset of the broader economic sectors listed in Figure 12. For example, the Professional Services sector in this analysis only refers to the Accountancy industry which has an IDP. In addition, there is no IDP available for the Finance and Real Estate sectors. The Manufacturing sector is not included in the analysis as the relevant IDPs were launched after the 2021 survey. 27 Based on ",14
SINGAPORE DIGITAL ECONOMY REPORT,FIGURE 19,"BERD IN OVERALL ECONOMY AND IN DIGITAL INNOVATION, 2018 AND 2021 31 Based on latest available data on BERD from A*STAR (i",,A*STAR Source: IMDA and A*STAR 25,unclear,1,pending_high_confidence,"19 SINGAPORE DIGITAL ECONOMY REPORT 2024 Based on this definition, BERD in Digital Innovation almost doubled from S$535 million in 2018 to S$1,058 million in 202131, with a CAGR of 25.5% p.a.. This growth was faster than the growth of BERD in the overall economy (CAGR of 8.9% p.a.) [Fig 19]. The share of BERD in Digital Innovation out of BERD in overall economy rose from 9.8% in 2018 to 14.9% in 2021. FIGURE 19: BERD IN OVERALL ECONOMY AND IN DIGITAL INNOVATION, 2018 AND 2021 31 Based on latest ",19
SINGAPORE DIGITAL ECONOMY REPORT,FIGURE 20,"BERD IN DIGITAL INNOVATION, 2018 AND 2021 S$241",,A*STAR Source: IMDA and A*STAR 25,unclear,1,pending_high_confidence,"19 SINGAPORE DIGITAL ECONOMY REPORT 2024 Based on this definition, BERD in Digital Innovation almost doubled from S$535 million in 2018 to S$1,058 million in 202131, with a CAGR of 25.5% p.a.. This growth was faster than the growth of BERD in the overall economy (CAGR of 8.9% p.a.) [Fig 19]. The share of BERD in Digital Innovation out of BERD in overall economy rose from 9.8% in 2018 to 14.9% in 2021. FIGURE 19: BERD IN OVERALL ECONOMY AND IN DIGITAL INNOVATION, 2018 AND 2021 31 Based on latest ",19
SINGAPORE DIGITAL ECONOMY REPORT,FIGURE 21,"CONTRIBUTION OF BERD IN ICM TECHNOLOGY BY NON-I&C SECTORS, 2018 AND 2021 32 BERD in ICM technology accounted for 5",,,unclear,0.96,pending_high_confidence,"20 SINGAPORE DIGITAL ECONOMY REPORT 2024 The remaining one-third of BERD in Digital Innovation was driven by non-I&C firms investing in BERD in ICM technology32. Among the non-I&C sectors, the Finance & Insurance sector was the largest contributor. Its share of total BERD in ICM technology grew considerably from 23.4% in 2018 to 45.9% in 2021, reflecting an increasing focus on Digital Innovation within the sector. Other sectors such as Professional Services, Manufacturing, and Wholesale & Retail",20
SINGAPORE DIGITAL ECONOMY REPORT,FIGURE 5,"DIGITAL ADOPTION INTENSITY FOR ALL ENTERPRISES BY SECTORS, 2022 AND 2023 Finance & Insurance Professional Services Admin & Support Services Accommodation & Food Services Manufacturing Retail Trade Wholesale Trade Transportation & Storage Real Estate Construction 2",,IMDA 1,unclear,1,pending_high_confidence,"10 SINGAPORE DIGITAL ECONOMY REPORT 2024 The digital adoption intensity improved across all sectors in 2023 compared to 2022 [Fig 5]. Sectors like Finance & Insurance and Professional Services adopted relatively more digital areas on average, as compared to sectors like Construction, Real Estate and Transportation & Storage. FIGURE 5: DIGITAL ADOPTION INTENSITY FOR ALL ENTERPRISES BY SECTORS, 2022 AND 2023 Finance & Insurance Professional Services Admin & Support Services Accommodation & Food Se",10
SINGAPORE DIGITAL ECONOMY REPORT,FIGURE 6,"NUMBER OF ENTITIES22 THAT ADOPTED DIGITAL UTILITIES, 2021 AND 2023 FIGURE 7: ADOPTION RATES OF SELECTED DIGITAL AREAS BY SMEs AND NON-SMEs, 2018 AND 2023 554,000 332,000 50,000 607,000 4",,survey,unclear,1,pending_high_confidence,"11 SINGAPORE DIGITAL ECONOMY REPORT 2024 Digital Utilities (DUs), which refer to certain foundational functionalities brought by digital technologies, are essential to broad-based digitalisation. DUs, such as digital identity, e-payment and e-invoicing, serve as the soft digital infrastructure to enable interoperable digital transactions as well as trust and security. Today, the adoption of DUs has been encouraging. For instance, by 2023, Corppass and PayNow Corporate, Singapore’s major digital ",11
SINGAPORE DIGITAL ECONOMY REPORT,FIGURE 9,"SMEs’ ADOPTION OF SELECTED DIGITAL SOLUTIONS FOR GENERAL BUSINESS FUNCTIONS BY SOLUTION TYPES, 2023 Accounting Management Digital Marketing Sales Management Customer Relationship Management Document Management Human Resources Management Inventory Management Resource Management Functions Revenue Generation Functions 47% 31% 24% 16% 16% 14% 13% Source: IMDA Source: IMDA Source: IMDA",,,unclear,0.96,pending_high_confidence,"13 SINGAPORE DIGITAL ECONOMY REPORT 2024 Diving deeper, the rate of adoption varied by firm age [Fig 10]. About nine in ten SMEs which are less than one year old adopted at least one digital solution for general business functions, which suggests that these younger firms are likely digital natives. About eight in ten SMEs that are older adopted at least one such digital solution, indicating an opportunity to improve the adoption among this segment. Beyond these solutions that address general bus",13
SINGAPORE DIGITAL ECONOMY REPORT,Firms with New Digital Products and Services FIGURE 22,"SHARE OF FIRMS INTRODUCING NEW DIGITAL PRODUCTS OR SERVICES BY KEY SECTORS, 2018 AND 2023 39% 47% Information & Communications 17% 39% Manufacturing 19% 32% Wholesale & Retail Trade 13% 19% Financial Services 22% 38% Professional Services 2018 2023 Source: IMDA Source: A*STAR",,,unclear,0.96,pending_high_confidence,"20 SINGAPORE DIGITAL ECONOMY REPORT 2024 The remaining one-third of BERD in Digital Innovation was driven by non-I&C firms investing in BERD in ICM technology32. Among the non-I&C sectors, the Finance & Insurance sector was the largest contributor. Its share of total BERD in ICM technology grew considerably from 23.4% in 2018 to 45.9% in 2021, reflecting an increasing focus on Digital Innovation within the sector. Other sectors such as Professional Services, Manufacturing, and Wholesale & Retail",20
SINGAPORE DIGITAL ECONOMY REPORT,Food Services SMEs Non-SMEs,IMDA Source: IMDA Singapore is committed to leverage AI in the next bound of our Smart Nation journey,,IMDA Source: IMDA Singapore is committed to leverage AI in the next bound of our Smart Nation journey,unclear,1,pending_high_confidence,"15 SINGAPORE DIGITAL ECONOMY REPORT 2024 Generally, the overall adoption rate of AI has been rising over the 2018 - 2023 period, although there was significant variation in adoption levels across different firm types [Fig 13]. Specifically, 44.0% of non-SME firms adopted AI in 2023, more than doubling from 16.7% in 2018. AI uptake among SMEs stood modest at 4.2%, a slight improvement from the 3.5% in 2018. AI adoption differed significantly across sectors [Fig 14]. Notably, the I&C and Finance &",15
SINGAPORE DIGITAL ECONOMY REPORT,Innovation,"the development, production or commercialisation of tech products services or platform; or holding of a patent registered with an approved national IP institution; or having an ongoing research collaboration with a research institution (contract of services is not considered to be research collaboration)",,"DOS FIGURE 23: NUMBER OF TECH STARTUPS, 2018 AND 2022 3,590 4,890 2018 2022 10,880 6",unclear,1,pending_high_confidence,"Tech Startups 21 SINGAPORE DIGITAL ECONOMY REPORT 2024 The number of digital tech startups in Singapore has been rising over the years. Specifically, the number of digital tech startups in 2022 was around 2,600, representing 53% of the total number of tech startups in Singapore in 2022. The number of digital tech startups has increased at a CAGR of 7.7% p.a. between 2018 and 2022 [Fig 23]. Digital tech startups contributed much to employment among the tech startups, accounting for an average of ",21
SINGAPORE DIGITAL ECONOMY REPORT,"s Annual Survey of Infocomm Usage by Enterprises, Artificial Intelligence (AI)",a set of tools that enable computers or machines to perform tasks which typically require human intelligence,,survey,unclear,1,pending_high_confidence,"11 SINGAPORE DIGITAL ECONOMY REPORT 2024 Digital Utilities (DUs), which refer to certain foundational functionalities brought by digital technologies, are essential to broad-based digitalisation. DUs, such as digital identity, e-payment and e-invoicing, serve as the soft digital infrastructure to enable interoperable digital transactions as well as trust and security. Today, the adoption of DUs has been encouraging. For instance, by 2023, Corppass and PayNow Corporate, Singapore’s major digital ",11
SINGAPORE DIGITAL ECONOMY REPORT,s DE as comprising two components,11 The Singapore Digital Economy Report 2023 can be found on IMDA’s website: https://www,,estimated,unclear,1,pending_high_confidence,"6 SINGAPORE DIGITAL ECONOMY REPORT 2024 OVERVIEW OF SINGAPORE’S DIGITAL ECONOMY This annual report of Singapore Digital Economy seeks to provide a holistic analysis of the state of Singapore’s Digital Economy (DE). There is a lack of consensus internationally on how to define and measure the digital economy. Various countries, organisations and academics have used different definitions of digital economy, with different assumptions and methodologies. Therefore, estimates on the size of digital e",6
SINGAPORE DIGITAL ECONOMY REPORT,"s DE, namely","1 This report is published by Infocomm Media Development Authority (IMDA), with inputs and data support from Ministry of Digital Development and Information of Singapore (MDDI), Ministry of Trade and Industry (MTI), Ministry of Manpower (MOM), Singapore Department of Statistics (DOS), Economic Development Board (EDB), Building and Construction Authority (BCA), Monetary Authority of Singapore (MAS), Government Technology Agency (GovTech), Agency for Science Technology and Research (A*STAR), Enter",,estimated,unclear,1,pending_high_confidence,"3 SINGAPORE DIGITAL ECONOMY REPORT 2024 EXECUTIVE SUMMARY 01 02 03 This is the second edition of the Singapore Digital Economy Report (SGDE 2024), which aims to provide a holistic analysis of the state of Singapore’s Digital Economy (DE) in 20231. Similar to the inaugural Singapore Digital Economy Report published in Oct 2023 (SGDE 2023), this year’s report covers key aspects of Singapore’s DE, namely: 1 This report is published by Infocomm Media Development Authority (IMDA), with inputs and dat",3
SINGAPORE DIGITAL ECONOMY REPORT,SINGAPORE DIGITAL ECONOMY REPORT 2024 FIGURE 2,"NOMINAL VA FROM DIGITALISATION IN THE REST OF ECONOMY AND % SHARE OF GDP FIGURE 3: VA FROM DIGITALISATION FOR SELECTED SECTORS, 2018 AND 2023 The nominal VA from digitalisation in the rest of the economy came in at S$76",,estimated,unclear,1,pending_high_confidence,"8 SINGAPORE DIGITAL ECONOMY REPORT 2024 FIGURE 2: NOMINAL VA FROM DIGITALISATION IN THE REST OF ECONOMY AND % SHARE OF GDP FIGURE 3: VA FROM DIGITALISATION FOR SELECTED SECTORS, 2018 AND 2023 The nominal VA from digitalisation in the rest of the economy came in at S$76.9 billion in 2023, accounting for 12.0% of GDP. This was lower than the S$82.3 billion and 12.6% of GDP registered in 202218 [Fig 2]. The decline in nominal VA from digitalisation (i.e. returns to digital capital) came on the back",8
SINGAPORE DIGITAL ECONOMY REPORT,SMEs SMEs SMEs Non-SMEs Non-SMEs Non-SMEs Cloud Computing Data Analysis AI,"IMDA Source: GovTech, MAS, IMDA",,survey,unclear,1,pending_high_confidence,"11 SINGAPORE DIGITAL ECONOMY REPORT 2024 Digital Utilities (DUs), which refer to certain foundational functionalities brought by digital technologies, are essential to broad-based digitalisation. DUs, such as digital identity, e-payment and e-invoicing, serve as the soft digital infrastructure to enable interoperable digital transactions as well as trust and security. Today, the adoption of DUs has been encouraging. For instance, by 2023, Corppass and PayNow Corporate, Singapore’s major digital ",11
SINGAPORE DIGITAL ECONOMY REPORT,"Specifically, we will examine activities such as","Research & Development (R&D) Tech Startups in Singapore Research and Development (R&D) R&D, as measured by Business Expenditure in R&D (BERD), is a key component of Digital Innovation",,survey,unclear,1,pending_high_confidence,"18 SINGAPORE DIGITAL ECONOMY REPORT 2024 DIGITAL INNOVATION Innovation in the digital economy (referred to as “Digital Innovation” in this report) is key to our competitiveness. Digital Innovation brings about development of new technologies and products as well as improvement in business processes, which in turn contribute to the growth of the digital economy. There is no internationally agreed standard to define and measure Digital Innovation, and a lack of international studies on Digital Inn",18
SINGAPORE DIGITAL ECONOMY REPORT,STATE OF ARTIFICIAL INTELLIGENCE (AI) ADOPTION AMONG ENTERPRISES z FIGURE 13,"PERCENTAGES OF SMEs AND NON-SMEs THAT ADOPTED AI, 2018 – 2023 FIGURE 14: PERCENTAGE OF ALL ENTERPRISES THAT ADOPTED AI BY SECTORS, 2023 3",,IMDA Source: IMDA Singapore is committed to leverage AI in the next bound of our Smart Nation journey,unclear,1,pending_high_confidence,"15 SINGAPORE DIGITAL ECONOMY REPORT 2024 Generally, the overall adoption rate of AI has been rising over the 2018 - 2023 period, although there was significant variation in adoption levels across different firm types [Fig 13]. Specifically, 44.0% of non-SME firms adopted AI in 2023, more than doubling from 16.7% in 2018. AI uptake among SMEs stood modest at 4.2%, a slight improvement from the 3.5% in 2018. AI adoption differed significantly across sectors [Fig 14]. Notably, the I&C and Finance &",15
SINGAPORE DIGITAL ECONOMY REPORT,We define BERD in Digital Innovation as the sum of two components,BERD in I&C sector: This reflects the total spending on R&D by firms in the I&C sector,,survey,unclear,1,pending_high_confidence,"18 SINGAPORE DIGITAL ECONOMY REPORT 2024 DIGITAL INNOVATION Innovation in the digital economy (referred to as “Digital Innovation” in this report) is key to our competitiveness. Digital Innovation brings about development of new technologies and products as well as improvement in business processes, which in turn contribute to the growth of the digital economy. There is no internationally agreed standard to define and measure Digital Innovation, and a lack of international studies on Digital Inn",18
The 2024 AI Index Report | Stanford HAI,It draws upon several data sources,"longitudinal survey data from Ipsos profiling global AI attitudes over time, survey data from the University of Toronto exploring public perception of ChatGPT, and data from Pew examining American attitudes regarding AI",,survey,unclear,1,needs_review,"hard time understanding and tracking progress across the field. This chapter studies trends in AI research and development. It begins by examining trends in AI publications and patents, and then examines trends in notable This chapter studies trends in AI research and development. It begins by examining trends in AI publications and patents, and then examines trends in notable This chapter studies trends in AI research and development. It begins by examining trends in AI publications and patents",
The UK Innovation Report 2023 - Cambridge Industrial Innovation Policy,in three of them,"artificial intelligence, quantum technologies and engineering biology",,,unclear,0.96,needs_review,"Cambridge Industrial Innovation Policy The UK Innovation Report 2023 What makes this report different? While numerous sources of data on the topic of innovation exist, the UK Innovation Report aims to make a contribution by bringing together, in a single place, innovation and value-added indicators in a concise and accessible format. The report seeks to demonstrate the value of combining different types of indicator and data sets to facilitate policy discussions on innovation and industrial perf",
"Toward Globalization 2.0: A New Trade Policy Framework for Advanced-Industry Leadership and National Power | Reports & Briefings | Mar 24, 2025 | ITIF",AG Merrick Garland,But the trust department always liked more money,,,unclear,0.91,pending_high_confidence,"(IGCC, Working paper no 5, July 2024), https://ucigcc.org/wp-content/uploads/2024/07/2024_wp5_goodrich_v1-FINAL-2.pdf. [126]. Robert D. Atkinson and Meghan Ostertag, “The EU Has Been Taking Advantage of America’s Effort to Combat Chinese Economic Mercantilism” (ITIF, January 2025), https://itif.org/publications/2025/01/15/the-eu-has-been-taking-advantage-of-americas-effort-to-combat-chinese-mercantilism/. [127]. Willy Shih, “Supply Chain Disruptions Should Remind Leaders to Keep Up With Allies,”",
"Toward Globalization 2.0: A New Trade Policy Framework for Advanced-Industry Leadership and National Power | Reports & Briefings | Mar 24, 2025 | ITIF","American Compass, March 2022), https",//americancompass,,,unclear,0.91,pending_high_confidence,"Policies Harm US Companies and Workers” (ITIF, August 2024), https://itif.org/publications/2024/08/12/us-development-financing-stop-rewarding-nations-policies-harm-us-companies/. [70]. USTR, “USTR Releases 2023 National Trade Estimate Report on Foreign Trade Barriers” (SUTR, March 2023), https://ustr.gov/about-us/policy-offices/press-office/press-releases/2023/march/ustr-releases-2023-national-trade-estimate-report-foreign-trade-barriers. [71]. Congressional Research Service (CRS), “Trade Adjust",
"Toward Globalization 2.0: A New Trade Policy Framework for Advanced-Industry Leadership and National Power | Reports & Briefings | Mar 24, 2025 | ITIF","American Compass, March 2022), https",//americancompass,,,unclear,0.99,pending_high_confidence,"Free Press, 2010), 94. [15]. Andrew Bacevich, American Empire: The Realities and Consequences of U.S. Diplomacy (Cambridge, MA: Harvard University Press, 2002). [16]. Steven Erlanger and David E. Sanger, “On Global Stage, Clinton Finds Balance as Leader,” The New York Times, July 29, 1996, https://archive.nytimes.com/www.nytimes.com/library/politics/0729clinton-foreign-policy.html. [17]. Manak and Kopans-Johnson, “The Progressive Case for Globalization.” [18]. Robert D. Atkinson and Ian Tufts, “",
"Toward Globalization 2.0: A New Trade Policy Framework for Advanced-Industry Leadership and National Power | Reports & Briefings | Mar 24, 2025 | ITIF","And for many, those emotions lead to a dictate that America decouple from China",no more investment and little or no trade,,,unclear,0.91,pending_high_confidence,"the U.S. government needs to focus on preventing the degradation of American advanced industry capabilities. Besides a national advanced industry strategy, this means blocking virtually all Chinese inward foreign direct investment (FDI) as well as limiting Chinese imports in industries where China does not play by the rules. Principle 6: Pressure Allies to Clean Up Their Act and Align With the United States Against Chinese Innovation Mercantilism While the goal should be America together with ou",
"Toward Globalization 2.0: A New Trade Policy Framework for Advanced-Industry Leadership and National Power | Reports & Briefings | Mar 24, 2025 | ITIF","Andrew Bacevich, American Empire",The Realities and Consequences of U,,,unclear,0.99,pending_high_confidence,"Free Press, 2010), 94. [15]. Andrew Bacevich, American Empire: The Realities and Consequences of U.S. Diplomacy (Cambridge, MA: Harvard University Press, 2002). [16]. Steven Erlanger and David E. Sanger, “On Global Stage, Clinton Finds Balance as Leader,” The New York Times, July 29, 1996, https://archive.nytimes.com/www.nytimes.com/library/politics/0729clinton-foreign-policy.html. [17]. Manak and Kopans-Johnson, “The Progressive Case for Globalization.” [18]. Robert D. Atkinson and Ian Tufts, “",
"Toward Globalization 2.0: A New Trade Policy Framework for Advanced-Industry Leadership and National Power | Reports & Briefings | Mar 24, 2025 | ITIF","Andrew Bacevich, American Empire",The Realities and Consequences of U,,,unclear,0.99,pending_high_confidence,"contracts around the world, DOJ fined it over $1 billion, amounting to almost one-quarter of its R&D budget.[157] In its final decision, DOJ made no mention of Ericsson’s battle with China’s Huawei. As such, Congress should allow any U.S. or allied firm to engage in bribery and similar activities in foreign nations if it is competing against Chinese firms. Opposition to Globalization 2.0 and Next Steps There will be opposition to Globalization 2.0. It is not the autarkic agenda the Trump adminis",
"Toward Globalization 2.0: A New Trade Policy Framework for Advanced-Industry Leadership and National Power | Reports & Briefings | Mar 24, 2025 | ITIF",Argument,Globalization 1,,,unclear,0.91,pending_high_confidence,"the federal government with a valuable weapon to punish adversaries. Indeed, Australia’s Lowy Institute uses this as one measure of its Asia Power Index.[82] This is why many U.S. policymakers, especially those in foreign and defense policy, so strongly defend a strong dollar, ignoring its more long-term corrosive effect on the U.S. defense industrial base. Globalists Dismissed the Importance of the Trade Deficit In the original vision of Globalization 1.0, America should prosper and, because of",
"Toward Globalization 2.0: A New Trade Policy Framework for Advanced-Industry Leadership and National Power | Reports & Briefings | Mar 24, 2025 | ITIF",As French economist Henri Hauser wrote in 1915,Germany made war in the midst of peace with the instruments of peace,,,unclear,0.96,pending_high_confidence,"was a blip on the global economic radar screen—a desperately poor country that had little technological capability. As such, globalists assumed that, as it integrated into the global market, it would be a normal country: one that mostly practiced free trade, and whenever it succumbed to domestic protectionist forces here and there, these would be mostly disciplined by the WTO. Lawmakers need to understand that, for China, a desire to make money—the fundamental driver of trade and of capitalism—i",
"Toward Globalization 2.0: A New Trade Policy Framework for Advanced-Industry Leadership and National Power | Reports & Briefings | Mar 24, 2025 | ITIF",As he wrote,The Kennedy Round produced a major reduction in the high tariffs that were the major tool of protection in the early postwar period,,sample,unclear,1,pending_high_confidence,"the WTO and over 350 rulings have been issued, with nearly 90 percent of governments complying with its decisions.[46] However, the entry of a nation into the WTO that unrepentantly pursues mercantilist trade and economic policies that are directly antithetical to the WTO’s fundamental principles of market-oriented policies enacted on the basis of national treatment, reciprocity, and non-discrimination foundationally challenges this system, especially when it has become the world’s largest trade",
"Toward Globalization 2.0: A New Trade Policy Framework for Advanced-Industry Leadership and National Power | Reports & Briefings | Mar 24, 2025 | ITIF","As Hirschman wrote, there were schools of thought",The writers who had aroused the public to the dangers of “silent economic penetration” were ardent advocates of preparing defensive or offensive weapons from the arsenal of economic nationalism,,,unclear,0.96,pending_high_confidence,"was a blip on the global economic radar screen—a desperately poor country that had little technological capability. As such, globalists assumed that, as it integrated into the global market, it would be a normal country: one that mostly practiced free trade, and whenever it succumbed to domestic protectionist forces here and there, these would be mostly disciplined by the WTO. Lawmakers need to understand that, for China, a desire to make money—the fundamental driver of trade and of capitalism—i",
"Toward Globalization 2.0: A New Trade Policy Framework for Advanced-Industry Leadership and National Power | Reports & Briefings | Mar 24, 2025 | ITIF","As such, there are two key mortal sins","1) anything that limits unfettered globalization (what they disparagingly call “protectionism”) and 2) industrial policy, which is pretty much any and all government actions to alter market-based outcomes for particular industries",,imf,obtainable,1,pending_high_confidence,"and Globalization 1.0 went hand in glove for the simple reason that followers of the neoclassical doctrine held that unfettered market forces optimized outcomes, and a core component of unfettered markets was a borderless world for trade and investment. Indeed, globalists cheered the emergence of an integrated world market because they believed that it handcuffed governments from doing industrial policy and other “stupid” policy interventions. Libertarian Alan Greenspan spoke for many when he st",
"Toward Globalization 2.0: A New Trade Policy Framework for Advanced-Industry Leadership and National Power | Reports & Briefings | Mar 24, 2025 | ITIF",As Wu wrote,Optimists paint the growing number,,imf,obtainable,1,pending_high_confidence,"and Globalization 1.0 went hand in glove for the simple reason that followers of the neoclassical doctrine held that unfettered market forces optimized outcomes, and a core component of unfettered markets was a borderless world for trade and investment. Indeed, globalists cheered the emergence of an integrated world market because they believed that it handcuffed governments from doing industrial policy and other “stupid” policy interventions. Libertarian Alan Greenspan spoke for many when he st",
"Toward Globalization 2.0: A New Trade Policy Framework for Advanced-Industry Leadership and National Power | Reports & Briefings | Mar 24, 2025 | ITIF",As Wu wrote,Optimists paint the growing number of China-related [WTO] cases in a positive light,,sample,unclear,1,pending_high_confidence,"the WTO and over 350 rulings have been issued, with nearly 90 percent of governments complying with its decisions.[46] However, the entry of a nation into the WTO that unrepentantly pursues mercantilist trade and economic policies that are directly antithetical to the WTO’s fundamental principles of market-oriented policies enacted on the basis of national treatment, reciprocity, and non-discrimination foundationally challenges this system, especially when it has become the world’s largest trade",
"Toward Globalization 2.0: A New Trade Policy Framework for Advanced-Industry Leadership and National Power | Reports & Briefings | Mar 24, 2025 | ITIF","Atkinson and Ezell, Innovation Economics",The Race for Global Advantage,,,unclear,0.91,pending_high_confidence,"Policies Harm US Companies and Workers” (ITIF, August 2024), https://itif.org/publications/2024/08/12/us-development-financing-stop-rewarding-nations-policies-harm-us-companies/. [70]. USTR, “USTR Releases 2023 National Trade Estimate Report on Foreign Trade Barriers” (SUTR, March 2023), https://ustr.gov/about-us/policy-offices/press-office/press-releases/2023/march/ustr-releases-2023-national-trade-estimate-report-foreign-trade-barriers. [71]. Congressional Research Service (CRS), “Trade Adjust",
"Toward Globalization 2.0: A New Trade Policy Framework for Advanced-Industry Leadership and National Power | Reports & Briefings | Mar 24, 2025 | ITIF","Atkinson and Ezell, Innovation Economics",The Race for Global Advantage,,,unclear,0.99,pending_high_confidence,"Free Press, 2010), 94. [15]. Andrew Bacevich, American Empire: The Realities and Consequences of U.S. Diplomacy (Cambridge, MA: Harvard University Press, 2002). [16]. Steven Erlanger and David E. Sanger, “On Global Stage, Clinton Finds Balance as Leader,” The New York Times, July 29, 1996, https://archive.nytimes.com/www.nytimes.com/library/politics/0729clinton-foreign-policy.html. [17]. Manak and Kopans-Johnson, “The Progressive Case for Globalization.” [18]. Robert D. Atkinson and Ian Tufts, “",
"Toward Globalization 2.0: A New Trade Policy Framework for Advanced-Industry Leadership and National Power | Reports & Briefings | Mar 24, 2025 | ITIF","Atkinson, Meeting the Offshoring Challenge (Washington, DC","Progressive Policy Institute, July 2004), 10",,,unclear,0.99,pending_high_confidence,"Free Press, 2010), 94. [15]. Andrew Bacevich, American Empire: The Realities and Consequences of U.S. Diplomacy (Cambridge, MA: Harvard University Press, 2002). [16]. Steven Erlanger and David E. Sanger, “On Global Stage, Clinton Finds Balance as Leader,” The New York Times, July 29, 1996, https://archive.nytimes.com/www.nytimes.com/library/politics/0729clinton-foreign-policy.html. [17]. Manak and Kopans-Johnson, “The Progressive Case for Globalization.” [18]. Robert D. Atkinson and Ian Tufts, “",
"Toward Globalization 2.0: A New Trade Policy Framework for Advanced-Industry Leadership and National Power | Reports & Briefings | Mar 24, 2025 | ITIF","avid Ricardo, On the Principles of Political Economy and Taxation (United Kingdom","John Murray, 1817)",,,unclear,0.99,pending_high_confidence,"Free Press, 2010), 94. [15]. Andrew Bacevich, American Empire: The Realities and Consequences of U.S. Diplomacy (Cambridge, MA: Harvard University Press, 2002). [16]. Steven Erlanger and David E. Sanger, “On Global Stage, Clinton Finds Balance as Leader,” The New York Times, July 29, 1996, https://archive.nytimes.com/www.nytimes.com/library/politics/0729clinton-foreign-policy.html. [17]. Manak and Kopans-Johnson, “The Progressive Case for Globalization.” [18]. Robert D. Atkinson and Ian Tufts, “",
"Toward Globalization 2.0: A New Trade Policy Framework for Advanced-Industry Leadership and National Power | Reports & Briefings | Mar 24, 2025 | ITIF","avid Ricardo, On the Principles of Political Economy and Taxation (United Kingdom","John Murray, 1817)",,,unclear,0.91,pending_high_confidence,"Policies Harm US Companies and Workers” (ITIF, August 2024), https://itif.org/publications/2024/08/12/us-development-financing-stop-rewarding-nations-policies-harm-us-companies/. [70]. USTR, “USTR Releases 2023 National Trade Estimate Report on Foreign Trade Barriers” (SUTR, March 2023), https://ustr.gov/about-us/policy-offices/press-office/press-releases/2023/march/ustr-releases-2023-national-trade-estimate-report-foreign-trade-barriers. [71]. Congressional Research Service (CRS), “Trade Adjust",
"Toward Globalization 2.0: A New Trade Policy Framework for Advanced-Industry Leadership and National Power | Reports & Briefings | Mar 24, 2025 | ITIF",Box 1,Semiconductors and Global Scale Most advanced industries continue to improve the larger the market,,,unclear,0.91,pending_high_confidence,"the full embrace of Globalization 1.0 in the 1980s and 1990s, the critics’ case deserves to be considered. Consider that there could have been two different scenarios in Globalization 1.0, at least conceptually. The first is what actually occurred, with the U.S. trade deficit exploding and the United States experiencing slow or negative output growth in most manufacturing industries. In this scenario, many other nations did not trade fairly. The United States did not establish a national manufac",
"Toward Globalization 2.0: A New Trade Policy Framework for Advanced-Industry Leadership and National Power | Reports & Briefings | Mar 24, 2025 | ITIF",Box 2,"Employing Defensive Measures to Protect Allied Advanced Technology Capabilities; The Case of Electronic Displays In recent years, Chinese manufacturers have rapidly captured global market share in the display sector as a result of concerted and largely mercantilist Chinese government strategies to gain global dominance in advanced technology sectors",,,unclear,0.99,pending_high_confidence,"Every dollar of sales to China of commercial airplanes, drugs, cars, semiconductors, Internet services, and more are sales that American companies and their workers get, and sales that Chinese companies do not get. And in a global competition for more sales of low marginal cost goods and services, Chinese sales are key. Moreover, a key to Xi Jinping’s dual circulation strategy is precisely to reduce the importance of imports to the Chinese economy so that Chinse firms get more market share, both",
"Toward Globalization 2.0: A New Trade Policy Framework for Advanced-Industry Leadership and National Power | Reports & Briefings | Mar 24, 2025 | ITIF",But the alternative should not be the opposite,cutting off America from trade and rolling back globalization,,oecd,obtainable,1,pending_high_confidence,"Bank (EXIM) content requirements more flexible for high value-added goods produced with Mexico and Canada. 7. Develop and promote an “Innovation Trade Agreement” that would have zero tariffs on goods across all high-tech industries. In the original 1996 ITA, 83 countries came together to eliminate tariffs on trade in hundreds of IT products, with 53 countries agreeing to a 2015 expansion that added over 200 more products to the agreement. In 1995, 22 counties agreed to the Pharmaceutical Tariff ",
"Toward Globalization 2.0: A New Trade Policy Framework for Advanced-Industry Leadership and National Power | Reports & Briefings | Mar 24, 2025 | ITIF","Carnegie Endowment for International Peace, September 2020), https",//carnegieendowment,,,unclear,0.91,pending_high_confidence,"Policies Harm US Companies and Workers” (ITIF, August 2024), https://itif.org/publications/2024/08/12/us-development-financing-stop-rewarding-nations-policies-harm-us-companies/. [70]. USTR, “USTR Releases 2023 National Trade Estimate Report on Foreign Trade Barriers” (SUTR, March 2023), https://ustr.gov/about-us/policy-offices/press-office/press-releases/2023/march/ustr-releases-2023-national-trade-estimate-report-foreign-trade-barriers. [71]. Congressional Research Service (CRS), “Trade Adjust",
"Toward Globalization 2.0: A New Trade Policy Framework for Advanced-Industry Leadership and National Power | Reports & Briefings | Mar 24, 2025 | ITIF","Clyde Prestowitz, The Betrayal of American Prosperity","Free Market Delusions, America’s Decline, and How We Must Compete in the Post- Dollar Era (New York: Free Press, 2010), 94",,,unclear,0.99,pending_high_confidence,"contracts around the world, DOJ fined it over $1 billion, amounting to almost one-quarter of its R&D budget.[157] In its final decision, DOJ made no mention of Ericsson’s battle with China’s Huawei. As such, Congress should allow any U.S. or allied firm to engage in bribery and similar activities in foreign nations if it is competing against Chinese firms. Opposition to Globalization 2.0 and Next Steps There will be opposition to Globalization 2.0. It is not the autarkic agenda the Trump adminis",
"Toward Globalization 2.0: A New Trade Policy Framework for Advanced-Industry Leadership and National Power | Reports & Briefings | Mar 24, 2025 | ITIF",CNBC Transcript,"Treasury Secretary Steven Mnuchin Speaks with CNBC’s ‘Squawk Box’ From Davos Today,” CNBC news release, January 23, 2020, https://www",,,unclear,0.91,pending_high_confidence,"Policies Harm US Companies and Workers” (ITIF, August 2024), https://itif.org/publications/2024/08/12/us-development-financing-stop-rewarding-nations-policies-harm-us-companies/. [70]. USTR, “USTR Releases 2023 National Trade Estimate Report on Foreign Trade Barriers” (SUTR, March 2023), https://ustr.gov/about-us/policy-offices/press-office/press-releases/2023/march/ustr-releases-2023-national-trade-estimate-report-foreign-trade-barriers. [71]. Congressional Research Service (CRS), “Trade Adjust",
"Toward Globalization 2.0: A New Trade Policy Framework for Advanced-Industry Leadership and National Power | Reports & Briefings | Mar 24, 2025 | ITIF",competitive liberalization,"Even without any additional configurations, over 60 percent of international commerce now takes place within existing or planned free trade regimes",,sample,unclear,1,pending_high_confidence,"the WTO and over 350 rulings have been issued, with nearly 90 percent of governments complying with its decisions.[46] However, the entry of a nation into the WTO that unrepentantly pursues mercantilist trade and economic policies that are directly antithetical to the WTO’s fundamental principles of market-oriented policies enacted on the basis of national treatment, reciprocity, and non-discrimination foundationally challenges this system, especially when it has become the world’s largest trade",
"Toward Globalization 2.0: A New Trade Policy Framework for Advanced-Industry Leadership and National Power | Reports & Briefings | Mar 24, 2025 | ITIF",Competitive Liberalization and Global Free Trade,"A Vision for the Early 21st Century - The March Toward Free Trade” (PIIE, January 1996), https://www",,,unclear,0.99,pending_high_confidence,"Free Press, 2010), 94. [15]. Andrew Bacevich, American Empire: The Realities and Consequences of U.S. Diplomacy (Cambridge, MA: Harvard University Press, 2002). [16]. Steven Erlanger and David E. Sanger, “On Global Stage, Clinton Finds Balance as Leader,” The New York Times, July 29, 1996, https://archive.nytimes.com/www.nytimes.com/library/politics/0729clinton-foreign-policy.html. [17]. Manak and Kopans-Johnson, “The Progressive Case for Globalization.” [18]. Robert D. Atkinson and Ian Tufts, “",
"Toward Globalization 2.0: A New Trade Policy Framework for Advanced-Industry Leadership and National Power | Reports & Briefings | Mar 24, 2025 | ITIF",Congresswoman DeLauro,Do you have enough personnel to take on this issue and resources in a more robust way? I said $3,,,unclear,0.91,pending_high_confidence,"(IGCC, Working paper no 5, July 2024), https://ucigcc.org/wp-content/uploads/2024/07/2024_wp5_goodrich_v1-FINAL-2.pdf. [126]. Robert D. Atkinson and Meghan Ostertag, “The EU Has Been Taking Advantage of America’s Effort to Combat Chinese Economic Mercantilism” (ITIF, January 2025), https://itif.org/publications/2025/01/15/the-eu-has-been-taking-advantage-of-americas-effort-to-combat-chinese-mercantilism/. [127]. Willy Shih, “Supply Chain Disruptions Should Remind Leaders to Keep Up With Allies,”",
"Toward Globalization 2.0: A New Trade Policy Framework for Advanced-Industry Leadership and National Power | Reports & Briefings | Mar 24, 2025 | ITIF","December 2024), https",//selectcommitteeontheccp,,,unclear,0.91,pending_high_confidence,"(IGCC, Working paper no 5, July 2024), https://ucigcc.org/wp-content/uploads/2024/07/2024_wp5_goodrich_v1-FINAL-2.pdf. [126]. Robert D. Atkinson and Meghan Ostertag, “The EU Has Been Taking Advantage of America’s Effort to Combat Chinese Economic Mercantilism” (ITIF, January 2025), https://itif.org/publications/2025/01/15/the-eu-has-been-taking-advantage-of-americas-effort-to-combat-chinese-mercantilism/. [127]. Willy Shih, “Supply Chain Disruptions Should Remind Leaders to Keep Up With Allies,”",
"Toward Globalization 2.0: A New Trade Policy Framework for Advanced-Industry Leadership and National Power | Reports & Briefings | Mar 24, 2025 | ITIF",D Investors,"Accounting for Size and Sector Heterogeneity with Quantile Estimations,” Research Policy Vol",,,unclear,0.91,pending_high_confidence,"Policies Harm US Companies and Workers” (ITIF, August 2024), https://itif.org/publications/2024/08/12/us-development-financing-stop-rewarding-nations-policies-harm-us-companies/. [70]. USTR, “USTR Releases 2023 National Trade Estimate Report on Foreign Trade Barriers” (SUTR, March 2023), https://ustr.gov/about-us/policy-offices/press-office/press-releases/2023/march/ustr-releases-2023-national-trade-estimate-report-foreign-trade-barriers. [71]. Congressional Research Service (CRS), “Trade Adjust",
"Toward Globalization 2.0: A New Trade Policy Framework for Advanced-Industry Leadership and National Power | Reports & Briefings | Mar 24, 2025 | ITIF","Diplomacy (Cambridge, MA","Harvard University Press, 2002)",,,unclear,0.99,pending_high_confidence,"Free Press, 2010), 94. [15]. Andrew Bacevich, American Empire: The Realities and Consequences of U.S. Diplomacy (Cambridge, MA: Harvard University Press, 2002). [16]. Steven Erlanger and David E. Sanger, “On Global Stage, Clinton Finds Balance as Leader,” The New York Times, July 29, 1996, https://archive.nytimes.com/www.nytimes.com/library/politics/0729clinton-foreign-policy.html. [17]. Manak and Kopans-Johnson, “The Progressive Case for Globalization.” [18]. Robert D. Atkinson and Ian Tufts, “",
"Toward Globalization 2.0: A New Trade Policy Framework for Advanced-Industry Leadership and National Power | Reports & Briefings | Mar 24, 2025 | ITIF","Diplomacy (Cambridge, MA","Harvard University Press, 2002)",,,unclear,0.99,pending_high_confidence,"contracts around the world, DOJ fined it over $1 billion, amounting to almost one-quarter of its R&D budget.[157] In its final decision, DOJ made no mention of Ericsson’s battle with China’s Huawei. As such, Congress should allow any U.S. or allied firm to engage in bribery and similar activities in foreign nations if it is competing against Chinese firms. Opposition to Globalization 2.0 and Next Steps There will be opposition to Globalization 2.0. It is not the autarkic agenda the Trump adminis",
"Toward Globalization 2.0: A New Trade Policy Framework for Advanced-Industry Leadership and National Power | Reports & Briefings | Mar 24, 2025 | ITIF","dvocating for techno nationalism, Alan Tonelson laid out the case globalists make","Techno-globalists repeatedly argue that, to a great extent, multinationals’ operations are already mocking the idea of national boundaries because the new realities of international business leave them no choice",,,unclear,0.91,pending_high_confidence,"the full embrace of Globalization 1.0 in the 1980s and 1990s, the critics’ case deserves to be considered. Consider that there could have been two different scenarios in Globalization 1.0, at least conceptually. The first is what actually occurred, with the U.S. trade deficit exploding and the United States experiencing slow or negative output growth in most manufacturing industries. In this scenario, many other nations did not trade fairly. The United States did not establish a national manufac",
"Toward Globalization 2.0: A New Trade Policy Framework for Advanced-Industry Leadership and National Power | Reports & Briefings | Mar 24, 2025 | ITIF",Enough Is Enough,"Confronting Chinese Innovation Mercantilism” (ITIF, February 2012), http://www2",,,unclear,0.91,pending_high_confidence,"Policies Harm US Companies and Workers” (ITIF, August 2024), https://itif.org/publications/2024/08/12/us-development-financing-stop-rewarding-nations-policies-harm-us-companies/. [70]. USTR, “USTR Releases 2023 National Trade Estimate Report on Foreign Trade Barriers” (SUTR, March 2023), https://ustr.gov/about-us/policy-offices/press-office/press-releases/2023/march/ustr-releases-2023-national-trade-estimate-report-foreign-trade-barriers. [71]. Congressional Research Service (CRS), “Trade Adjust",
"Toward Globalization 2.0: A New Trade Policy Framework for Advanced-Industry Leadership and National Power | Reports & Briefings | Mar 24, 2025 | ITIF","er of France, gave a speech at the Paris Economic Conference at which he declared",No theory can prevail over the facts … you will be less attentive to the traditional theoretical doctrines and to old customs than to the new realities which are imposing themselves upon us,,,unclear,0.96,pending_high_confidence,"was a blip on the global economic radar screen—a desperately poor country that had little technological capability. As such, globalists assumed that, as it integrated into the global market, it would be a normal country: one that mostly practiced free trade, and whenever it succumbed to domestic protectionist forces here and there, these would be mostly disciplined by the WTO. Lawmakers need to understand that, for China, a desire to make money—the fundamental driver of trade and of capitalism—i",
"Toward Globalization 2.0: A New Trade Policy Framework for Advanced-Industry Leadership and National Power | Reports & Briefings | Mar 24, 2025 | ITIF",False Promises,"The Yawning Gap Between China’s WTO Commitments and Practices” (ITIF, September 2015), https://itif",,,unclear,0.99,pending_high_confidence,"contracts around the world, DOJ fined it over $1 billion, amounting to almost one-quarter of its R&D budget.[157] In its final decision, DOJ made no mention of Ericsson’s battle with China’s Huawei. As such, Congress should allow any U.S. or allied firm to engage in bribery and similar activities in foreign nations if it is competing against Chinese firms. Opposition to Globalization 2.0 and Next Steps There will be opposition to Globalization 2.0. It is not the autarkic agenda the Trump adminis",
"Toward Globalization 2.0: A New Trade Policy Framework for Advanced-Industry Leadership and National Power | Reports & Briefings | Mar 24, 2025 | ITIF",False Promises II,The Continuing Gap Between China’s WTO Commitments and Its Practices,,,unclear,0.99,pending_high_confidence,"Free Press, 2010), 94. [15]. Andrew Bacevich, American Empire: The Realities and Consequences of U.S. Diplomacy (Cambridge, MA: Harvard University Press, 2002). [16]. Steven Erlanger and David E. Sanger, “On Global Stage, Clinton Finds Balance as Leader,” The New York Times, July 29, 1996, https://archive.nytimes.com/www.nytimes.com/library/politics/0729clinton-foreign-policy.html. [17]. Manak and Kopans-Johnson, “The Progressive Case for Globalization.” [18]. Robert D. Atkinson and Ian Tufts, “",
"Toward Globalization 2.0: A New Trade Policy Framework for Advanced-Industry Leadership and National Power | Reports & Briefings | Mar 24, 2025 | ITIF",False Promises II,"The Continuing Gap Between China’s WTO Commitments and Its Practices” (ITIF, July 2021), https://itif",,,unclear,0.99,pending_high_confidence,"contracts around the world, DOJ fined it over $1 billion, amounting to almost one-quarter of its R&D budget.[157] In its final decision, DOJ made no mention of Ericsson’s battle with China’s Huawei. As such, Congress should allow any U.S. or allied firm to engage in bribery and similar activities in foreign nations if it is competing against Chinese firms. Opposition to Globalization 2.0 and Next Steps There will be opposition to Globalization 2.0. It is not the autarkic agenda the Trump adminis",
"Toward Globalization 2.0: A New Trade Policy Framework for Advanced-Industry Leadership and National Power | Reports & Briefings | Mar 24, 2025 | ITIF","Foreign Policy, July 2022, https",//foreignpolicy,,,unclear,0.91,pending_high_confidence,"Policies Harm US Companies and Workers” (ITIF, August 2024), https://itif.org/publications/2024/08/12/us-development-financing-stop-rewarding-nations-policies-harm-us-companies/. [70]. USTR, “USTR Releases 2023 National Trade Estimate Report on Foreign Trade Barriers” (SUTR, March 2023), https://ustr.gov/about-us/policy-offices/press-office/press-releases/2023/march/ustr-releases-2023-national-trade-estimate-report-foreign-trade-barriers. [71]. Congressional Research Service (CRS), “Trade Adjust",
"Toward Globalization 2.0: A New Trade Policy Framework for Advanced-Industry Leadership and National Power | Reports & Briefings | Mar 24, 2025 | ITIF","Francis Fukuyama, The End of History and the Last Man (New York","Free Press, 1992, 2006), https://www",,,unclear,0.99,pending_high_confidence,"contracts around the world, DOJ fined it over $1 billion, amounting to almost one-quarter of its R&D budget.[157] In its final decision, DOJ made no mention of Ericsson’s battle with China’s Huawei. As such, Congress should allow any U.S. or allied firm to engage in bribery and similar activities in foreign nations if it is competing against Chinese firms. Opposition to Globalization 2.0 and Next Steps There will be opposition to Globalization 2.0. It is not the autarkic agenda the Trump adminis",
"Toward Globalization 2.0: A New Trade Policy Framework for Advanced-Industry Leadership and National Power | Reports & Briefings | Mar 24, 2025 | ITIF","g as the United States stays a capitalist nation (and it must), CEOs have one job",maximize shareholder value (ideally in net present value terms),,"based where if we lose some production, we can easily get it back even if imports are limited",unclear,1,pending_high_confidence,"been a prominent feature of German policies in the ‘thirties? Or should we rather endeavor to build a new framework of international relations in which this use of foreign trade for purposes of national power would encounter more difficulties than hitherto? And how could this end be achieved?[115] Hirschman favored the latter. Indeed, he argued: If we want to turn from the sterile alternatives between autarky and economic penetration to the achievement of international economic collaboration, th",
"Toward Globalization 2.0: A New Trade Policy Framework for Advanced-Industry Leadership and National Power | Reports & Briefings | Mar 24, 2025 | ITIF",Global Semiconductor Supply Chain,"Key Inputs,” https://bbnc",,,unclear,0.91,pending_high_confidence,"Policies Harm US Companies and Workers” (ITIF, August 2024), https://itif.org/publications/2024/08/12/us-development-financing-stop-rewarding-nations-policies-harm-us-companies/. [70]. USTR, “USTR Releases 2023 National Trade Estimate Report on Foreign Trade Barriers” (SUTR, March 2023), https://ustr.gov/about-us/policy-offices/press-office/press-releases/2023/march/ustr-releases-2023-national-trade-estimate-report-foreign-trade-barriers. [71]. Congressional Research Service (CRS), “Trade Adjust",
"Toward Globalization 2.0: A New Trade Policy Framework for Advanced-Industry Leadership and National Power | Reports & Briefings | Mar 24, 2025 | ITIF",g one of the most active international dispute settlement mechanisms in the world,"631 disputes have been brought to the WTO and over 350 rulings have been issued, with nearly 90 percent of governments complying with its decisions",,imf,obtainable,1,pending_high_confidence,"and Globalization 1.0 went hand in glove for the simple reason that followers of the neoclassical doctrine held that unfettered market forces optimized outcomes, and a core component of unfettered markets was a borderless world for trade and investment. Indeed, globalists cheered the emergence of an integrated world market because they believed that it handcuffed governments from doing industrial policy and other “stupid” policy interventions. Libertarian Alan Greenspan spoke for many when he st",
"Toward Globalization 2.0: A New Trade Policy Framework for Advanced-Industry Leadership and National Power | Reports & Briefings | Mar 24, 2025 | ITIF",Go to the Mattresses,It’s Time to Reset U,,,unclear,0.99,pending_high_confidence,"Free Press, 2010), 94. [15]. Andrew Bacevich, American Empire: The Realities and Consequences of U.S. Diplomacy (Cambridge, MA: Harvard University Press, 2002). [16]. Steven Erlanger and David E. Sanger, “On Global Stage, Clinton Finds Balance as Leader,” The New York Times, July 29, 1996, https://archive.nytimes.com/www.nytimes.com/library/politics/0729clinton-foreign-policy.html. [17]. Manak and Kopans-Johnson, “The Progressive Case for Globalization.” [18]. Robert D. Atkinson and Ian Tufts, “",
"Toward Globalization 2.0: A New Trade Policy Framework for Advanced-Industry Leadership and National Power | Reports & Briefings | Mar 24, 2025 | ITIF",Go to the Mattresses,It’s Time to Reset U,,,unclear,0.91,pending_high_confidence,"Policies Harm US Companies and Workers” (ITIF, August 2024), https://itif.org/publications/2024/08/12/us-development-financing-stop-rewarding-nations-policies-harm-us-companies/. [70]. USTR, “USTR Releases 2023 National Trade Estimate Report on Foreign Trade Barriers” (SUTR, March 2023), https://ustr.gov/about-us/policy-offices/press-office/press-releases/2023/march/ustr-releases-2023-national-trade-estimate-report-foreign-trade-barriers. [71]. Congressional Research Service (CRS), “Trade Adjust",
"Toward Globalization 2.0: A New Trade Policy Framework for Advanced-Industry Leadership and National Power | Reports & Briefings | Mar 24, 2025 | ITIF","Hamilton Index, 2023","China Is Running Away With Strategic Industries” (ITIF, December 2023), https://itif",,,unclear,0.99,pending_high_confidence,"Free Press, 2010), 94. [15]. Andrew Bacevich, American Empire: The Realities and Consequences of U.S. Diplomacy (Cambridge, MA: Harvard University Press, 2002). [16]. Steven Erlanger and David E. Sanger, “On Global Stage, Clinton Finds Balance as Leader,” The New York Times, July 29, 1996, https://archive.nytimes.com/www.nytimes.com/library/politics/0729clinton-foreign-policy.html. [17]. Manak and Kopans-Johnson, “The Progressive Case for Globalization.” [18]. Robert D. Atkinson and Ian Tufts, “",
"Toward Globalization 2.0: A New Trade Policy Framework for Advanced-Industry Leadership and National Power | Reports & Briefings | Mar 24, 2025 | ITIF","Hamilton Index, 2023","China Is Running Away With Strategic Industries” (ITIF, December 2023), https://itif",,,unclear,0.99,pending_high_confidence,"contracts around the world, DOJ fined it over $1 billion, amounting to almost one-quarter of its R&D budget.[157] In its final decision, DOJ made no mention of Ericsson’s battle with China’s Huawei. As such, Congress should allow any U.S. or allied firm to engage in bribery and similar activities in foreign nations if it is competing against Chinese firms. Opposition to Globalization 2.0 and Next Steps There will be opposition to Globalization 2.0. It is not the autarkic agenda the Trump adminis",
"Toward Globalization 2.0: A New Trade Policy Framework for Advanced-Industry Leadership and National Power | Reports & Briefings | Mar 24, 2025 | ITIF",Harvard International Law Journal 57 (2016),"1001–1063, https://papers",,,unclear,0.99,pending_high_confidence,"Free Press, 2010), 94. [15]. Andrew Bacevich, American Empire: The Realities and Consequences of U.S. Diplomacy (Cambridge, MA: Harvard University Press, 2002). [16]. Steven Erlanger and David E. Sanger, “On Global Stage, Clinton Finds Balance as Leader,” The New York Times, July 29, 1996, https://archive.nytimes.com/www.nytimes.com/library/politics/0729clinton-foreign-policy.html. [17]. Manak and Kopans-Johnson, “The Progressive Case for Globalization.” [18]. Robert D. Atkinson and Ian Tufts, “",
"Toward Globalization 2.0: A New Trade Policy Framework for Advanced-Industry Leadership and National Power | Reports & Briefings | Mar 24, 2025 | ITIF",h as the extreme ultraviolet lithography (EUV) machines that print semiconductors,"The laser alone in an EUV machine has 457,329 component",,,unclear,0.91,pending_high_confidence,"the full embrace of Globalization 1.0 in the 1980s and 1990s, the critics’ case deserves to be considered. Consider that there could have been two different scenarios in Globalization 1.0, at least conceptually. The first is what actually occurred, with the U.S. trade deficit exploding and the United States experiencing slow or negative output growth in most manufacturing industries. In this scenario, many other nations did not trade fairly. The United States did not establish a national manufac",
"Toward Globalization 2.0: A New Trade Policy Framework for Advanced-Industry Leadership and National Power | Reports & Briefings | Mar 24, 2025 | ITIF",h as the extreme ultraviolet lithography (EUV) machines that print semiconductors,"The laser alone in an EUV machine has 457,329 component parts, and the laser itself is just one of more than 100,000 parts in an EUV machine",,,unclear,0.91,pending_high_confidence,"require cotton and dye, but advanced industry products require thousands of parts, and it is unlikely that they can be made in any one country. This is the core case for globalization Manufacturing semiconductors is perhaps the most complex, expensive engineering task humanity undertakes. The newest, most-sophisticated semiconductor fabs can cost $30 billion or more to construct and advanced chips themselves can cost billions to design. Global markets allow firms to earn that investment back.[88",
"Toward Globalization 2.0: A New Trade Policy Framework for Advanced-Industry Leadership and National Power | Reports & Briefings | Mar 24, 2025 | ITIF",His books include Technology Fears and Scapegoats,"40 Myths About Privacy, Jobs, AI and Today’s Innovation Economy (Palgrave McMillian, 2024), Big Is Beautiful: Debunking the Myth of Small Business (MIT, 2018), Innovation Economics: The Race for Global Advantage (Yale, 2012), Supply-Side Follies: Why Conservative Economics Fails, Liberal Economics Falters, and Innovation Economics Is the Answer (Rowman Littlefield, 2007), and The Past and Future of America’s Economy: Long Waves of Innovation That Power Cycles of Growth (Edward Elgar, 2005)",,,unclear,0.99,pending_high_confidence,"contracts around the world, DOJ fined it over $1 billion, amounting to almost one-quarter of its R&D budget.[157] In its final decision, DOJ made no mention of Ericsson’s battle with China’s Huawei. As such, Congress should allow any U.S. or allied firm to engage in bribery and similar activities in foreign nations if it is competing against Chinese firms. Opposition to Globalization 2.0 and Next Steps There will be opposition to Globalization 2.0. It is not the autarkic agenda the Trump adminis",
"Toward Globalization 2.0: A New Trade Policy Framework for Advanced-Industry Leadership and National Power | Reports & Briefings | Mar 24, 2025 | ITIF",How to Save Globalization,"Rebuilding America’s Ladder of Opportunity,” Foreign Affairs, October 2018, https://www",,,unclear,0.91,pending_high_confidence,"Policies Harm US Companies and Workers” (ITIF, August 2024), https://itif.org/publications/2024/08/12/us-development-financing-stop-rewarding-nations-policies-harm-us-companies/. [70]. USTR, “USTR Releases 2023 National Trade Estimate Report on Foreign Trade Barriers” (SUTR, March 2023), https://ustr.gov/about-us/policy-offices/press-office/press-releases/2023/march/ustr-releases-2023-national-trade-estimate-report-foreign-trade-barriers. [71]. Congressional Research Service (CRS), “Trade Adjust",
"Toward Globalization 2.0: A New Trade Policy Framework for Advanced-Industry Leadership and National Power | Reports & Briefings | Mar 24, 2025 | ITIF","In 2008, in the face of growing trade deficits, President Bush made it clear","“We’re strong dollar people in this administration, and have always been for a strong dollar",,imf,obtainable,1,pending_high_confidence,"those hurt by globalization. But since the rise of Globalization 1.0, words have not translated into action. For example, if EDA were funded at the same share of GDP as it was in 1979, it would receive $51 billion per year, compared with the $468 million it received in 2024. And while federal support for workers and firms hurt by trade was never very large to begin with, Congress began to phase out the TAA Act in 2022.[71] Globalists Dismissed the Negative Impact of Foreign Industrial Strategies",
"Toward Globalization 2.0: A New Trade Policy Framework for Advanced-Industry Leadership and National Power | Reports & Briefings | Mar 24, 2025 | ITIF","Indeed, he argued","If we want to turn from the sterile alternatives between autarky and economic penetration to the achievement of international economic collaboration, the exclusive power to organize, regulate, and interfere with trade must be taken away from the hands of single nations",,,unclear,0.96,pending_high_confidence,"was a blip on the global economic radar screen—a desperately poor country that had little technological capability. As such, globalists assumed that, as it integrated into the global market, it would be a normal country: one that mostly practiced free trade, and whenever it succumbed to domestic protectionist forces here and there, these would be mostly disciplined by the WTO. Lawmakers need to understand that, for China, a desire to make money—the fundamental driver of trade and of capitalism—i",
"Toward Globalization 2.0: A New Trade Policy Framework for Advanced-Industry Leadership and National Power | Reports & Briefings | Mar 24, 2025 | ITIF","Indeed, he argued","If we want to turn from the sterile alternatives between autarky and economic penetration to the achievement of international economic collaboration, the exclusive power to organize, regulate, and interfere with trade must be taken away from the hands of single nations",,"based where if we lose some production, we can easily get it back even if imports are limited",unclear,1,pending_high_confidence,"been a prominent feature of German policies in the ‘thirties? Or should we rather endeavor to build a new framework of international relations in which this use of foreign trade for purposes of national power would encounter more difficulties than hitherto? And how could this end be achieved?[115] Hirschman favored the latter. Indeed, he argued: If we want to turn from the sterile alternatives between autarky and economic penetration to the achievement of international economic collaboration, th",
"Toward Globalization 2.0: A New Trade Policy Framework for Advanced-Industry Leadership and National Power | Reports & Briefings | Mar 24, 2025 | ITIF","ists who claim the global revolution is just around the corner, Clinton was right","maybe China’s gains from trade will eventually lead it—as the gains did in Japan, Taiwan, and South Korea—to democracy",,,unclear,0.91,pending_high_confidence,"Taiwan. Yet, while the United States has made such deals with geopolitical concerns top of mind, China and other nations have focused squarely on gaining economic advantage, especially in strategic, targeted industries such as civil aviation, which they parlay into military advantage. Indeed, months before the United States agreed to provide China with technical assistance in developing a commercial jetliner, in a speech titled “Let the Large Aircraft of China Fly in the Blue Sky,” Chinese prime",
"Toward Globalization 2.0: A New Trade Policy Framework for Advanced-Industry Leadership and National Power | Reports & Briefings | Mar 24, 2025 | ITIF",It is worth reviewing his thoughts,"What are the conclusions which can be drawn from this experience when the present war will be won by the United Nations? Should we, because of its evil potentialities, try to limit international intercourse? Should special safeguard or boycott measures be erected against German trade once the war is over? Should we be content with prohibiting certain practices and technical devices, such as buy lateral clearings, differential exchange rates, etcetera, which have been a prominent feature of Germa",,,unclear,0.96,pending_high_confidence,"was a blip on the global economic radar screen—a desperately poor country that had little technological capability. As such, globalists assumed that, as it integrated into the global market, it would be a normal country: one that mostly practiced free trade, and whenever it succumbed to domestic protectionist forces here and there, these would be mostly disciplined by the WTO. Lawmakers need to understand that, for China, a desire to make money—the fundamental driver of trade and of capitalism—i",
"Toward Globalization 2.0: A New Trade Policy Framework for Advanced-Industry Leadership and National Power | Reports & Briefings | Mar 24, 2025 | ITIF","Judith Stein, Pivotal Decade","How the United States Traded Factories for Finance in the Seventies (New Haven, CT: Yale University Press, 2010), 255",,,unclear,0.99,pending_high_confidence,"contracts around the world, DOJ fined it over $1 billion, amounting to almost one-quarter of its R&D budget.[157] In its final decision, DOJ made no mention of Ericsson’s battle with China’s Huawei. As such, Congress should allow any U.S. or allied firm to engage in bribery and similar activities in foreign nations if it is competing against Chinese firms. Opposition to Globalization 2.0 and Next Steps There will be opposition to Globalization 2.0. It is not the autarkic agenda the Trump adminis",
"Toward Globalization 2.0: A New Trade Policy Framework for Advanced-Industry Leadership and National Power | Reports & Briefings | Mar 24, 2025 | ITIF",Just imagine this,"had socialism failed in China, had our communist party collapsed like the party in the Soviet Union, then global socialism would lapse into a long dark age",,,unclear,0.91,pending_high_confidence,"Taiwan. Yet, while the United States has made such deals with geopolitical concerns top of mind, China and other nations have focused squarely on gaining economic advantage, especially in strategic, targeted industries such as civil aviation, which they parlay into military advantage. Indeed, months before the United States agreed to provide China with technical assistance in developing a commercial jetliner, in a speech titled “Let the Large Aircraft of China Fly in the Blue Sky,” Chinese prime",
"Toward Globalization 2.0: A New Trade Policy Framework for Advanced-Industry Leadership and National Power | Reports & Briefings | Mar 24, 2025 | ITIF",Just imagine this,"had socialism failed in China, had our communist party collapsed like the party in the Soviet Union, then global socialism would lapse into a long dark age’” Twitter, December 2024, https://x",,,unclear,0.99,pending_high_confidence,"Free Press, 2010), 94. [15]. Andrew Bacevich, American Empire: The Realities and Consequences of U.S. Diplomacy (Cambridge, MA: Harvard University Press, 2002). [16]. Steven Erlanger and David E. Sanger, “On Global Stage, Clinton Finds Balance as Leader,” The New York Times, July 29, 1996, https://archive.nytimes.com/www.nytimes.com/library/politics/0729clinton-foreign-policy.html. [17]. Manak and Kopans-Johnson, “The Progressive Case for Globalization.” [18]. Robert D. Atkinson and Ian Tufts, “",
"Toward Globalization 2.0: A New Trade Policy Framework for Advanced-Industry Leadership and National Power | Reports & Briefings | Mar 24, 2025 | ITIF",led globalization was like the Borg from Star Trek,"You shall be incorporated and, in so doing, become a democratic, market-based economy",,,unclear,0.91,pending_high_confidence,"Taiwan. Yet, while the United States has made such deals with geopolitical concerns top of mind, China and other nations have focused squarely on gaining economic advantage, especially in strategic, targeted industries such as civil aviation, which they parlay into military advantage. Indeed, months before the United States agreed to provide China with technical assistance in developing a commercial jetliner, in a speech titled “Let the Large Aircraft of China Fly in the Blue Sky,” Chinese prime",
"Toward Globalization 2.0: A New Trade Policy Framework for Advanced-Industry Leadership and National Power | Reports & Briefings | Mar 24, 2025 | ITIF",Localization Barriers to Trade,"Threat to the Global Innovation Economy” (ITIF, September 2013), https://www2",,,unclear,0.99,pending_high_confidence,"Free Press, 2010), 94. [15]. Andrew Bacevich, American Empire: The Realities and Consequences of U.S. Diplomacy (Cambridge, MA: Harvard University Press, 2002). [16]. Steven Erlanger and David E. Sanger, “On Global Stage, Clinton Finds Balance as Leader,” The New York Times, July 29, 1996, https://archive.nytimes.com/www.nytimes.com/library/politics/0729clinton-foreign-policy.html. [17]. Manak and Kopans-Johnson, “The Progressive Case for Globalization.” [18]. Robert D. Atkinson and Ian Tufts, “",
"Toward Globalization 2.0: A New Trade Policy Framework for Advanced-Industry Leadership and National Power | Reports & Briefings | Mar 24, 2025 | ITIF",Made in China,"2025” program, even if public usage of the term has stopped",,,unclear,0.99,pending_high_confidence,"Every dollar of sales to China of commercial airplanes, drugs, cars, semiconductors, Internet services, and more are sales that American companies and their workers get, and sales that Chinese companies do not get. And in a global competition for more sales of low marginal cost goods and services, Chinese sales are key. Moreover, a key to Xi Jinping’s dual circulation strategy is precisely to reduce the importance of imports to the Chinese economy so that Chinse firms get more market share, both",
"Toward Globalization 2.0: A New Trade Policy Framework for Advanced-Industry Leadership and National Power | Reports & Briefings | Mar 24, 2025 | ITIF",May 2024,"Sharp will restructure its display fabs in Japan in September 2024,” Omdia, May 30, 2024,",,,unclear,0.91,pending_high_confidence,"Policies Harm US Companies and Workers” (ITIF, August 2024), https://itif.org/publications/2024/08/12/us-development-financing-stop-rewarding-nations-policies-harm-us-companies/. [70]. USTR, “USTR Releases 2023 National Trade Estimate Report on Foreign Trade Barriers” (SUTR, March 2023), https://ustr.gov/about-us/policy-offices/press-office/press-releases/2023/march/ustr-releases-2023-national-trade-estimate-report-foreign-trade-barriers. [71]. Congressional Research Service (CRS), “Trade Adjust",
"Toward Globalization 2.0: A New Trade Policy Framework for Advanced-Industry Leadership and National Power | Reports & Briefings | Mar 24, 2025 | ITIF",May 2024,"Sharp will restructure its display fabs in Japan in September 2024,” Omdia, May 30, 2024, https://omdia",,,unclear,0.91,pending_high_confidence,"(IGCC, Working paper no 5, July 2024), https://ucigcc.org/wp-content/uploads/2024/07/2024_wp5_goodrich_v1-FINAL-2.pdf. [126]. Robert D. Atkinson and Meghan Ostertag, “The EU Has Been Taking Advantage of America’s Effort to Combat Chinese Economic Mercantilism” (ITIF, January 2025), https://itif.org/publications/2025/01/15/the-eu-has-been-taking-advantage-of-americas-effort-to-combat-chinese-mercantilism/. [127]. Willy Shih, “Supply Chain Disruptions Should Remind Leaders to Keep Up With Allies,”",
"Toward Globalization 2.0: A New Trade Policy Framework for Advanced-Industry Leadership and National Power | Reports & Briefings | Mar 24, 2025 | ITIF",may simply have to accept the inevitable,convincing most people of the value of free trade is a losing fight” because the masses are too dumb to understand the notion of comparative advantage,,,unclear,0.91,pending_high_confidence,"require cotton and dye, but advanced industry products require thousands of parts, and it is unlikely that they can be made in any one country. This is the core case for globalization Manufacturing semiconductors is perhaps the most complex, expensive engineering task humanity undertakes. The newest, most-sophisticated semiconductor fabs can cost $30 billion or more to construct and advanced chips themselves can cost billions to design. Global markets allow firms to earn that investment back.[88",
"Toward Globalization 2.0: A New Trade Policy Framework for Advanced-Industry Leadership and National Power | Reports & Briefings | Mar 24, 2025 | ITIF","Mexico News Daily, July 2023, https",//mexiconewsdaily,,,unclear,0.91,pending_high_confidence,"Policies Harm US Companies and Workers” (ITIF, August 2024), https://itif.org/publications/2024/08/12/us-development-financing-stop-rewarding-nations-policies-harm-us-companies/. [70]. USTR, “USTR Releases 2023 National Trade Estimate Report on Foreign Trade Barriers” (SUTR, March 2023), https://ustr.gov/about-us/policy-offices/press-office/press-releases/2023/march/ustr-releases-2023-national-trade-estimate-report-foreign-trade-barriers. [71]. Congressional Research Service (CRS), “Trade Adjust",
"Toward Globalization 2.0: A New Trade Policy Framework for Advanced-Industry Leadership and National Power | Reports & Briefings | Mar 24, 2025 | ITIF","M Law Review Vol 5, Issue 2 (May 2018), https",//scholarship,,,unclear,0.91,pending_high_confidence,"(IGCC, Working paper no 5, July 2024), https://ucigcc.org/wp-content/uploads/2024/07/2024_wp5_goodrich_v1-FINAL-2.pdf. [126]. Robert D. Atkinson and Meghan Ostertag, “The EU Has Been Taking Advantage of America’s Effort to Combat Chinese Economic Mercantilism” (ITIF, January 2025), https://itif.org/publications/2025/01/15/the-eu-has-been-taking-advantage-of-americas-effort-to-combat-chinese-mercantilism/. [127]. Willy Shih, “Supply Chain Disruptions Should Remind Leaders to Keep Up With Allies,”",
"Toward Globalization 2.0: A New Trade Policy Framework for Advanced-Industry Leadership and National Power | Reports & Briefings | Mar 24, 2025 | ITIF",New Challenges to the Free Economy (from Left and Right,"Session 2: Resisting the Protectionist Tide)” (CATO Institute Event, October 2022), https://www",,,unclear,0.99,pending_high_confidence,"contracts around the world, DOJ fined it over $1 billion, amounting to almost one-quarter of its R&D budget.[157] In its final decision, DOJ made no mention of Ericsson’s battle with China’s Huawei. As such, Congress should allow any U.S. or allied firm to engage in bribery and similar activities in foreign nations if it is competing against Chinese firms. Opposition to Globalization 2.0 and Next Steps There will be opposition to Globalization 2.0. It is not the autarkic agenda the Trump adminis",
"Toward Globalization 2.0: A New Trade Policy Framework for Advanced-Industry Leadership and National Power | Reports & Briefings | Mar 24, 2025 | ITIF",Obama administration was not much different,Traditional national security officials ran the show,,,unclear,0.91,pending_high_confidence,"example of the United States favoring its geopolitical interests over its economic interests came in the trade conflicts with Japan in the late 1970s and 1980s, as Japan pursued a mercantilist, export-led economic growth strategy (just as South Korea did later and China does today). Japan had implemented a number of policies designed to skew trade in its favor and to limit U.S. companies’ access to Japanese markets, including imposing high tariffs, import quotas, and onerous regulations, inspect",
"Toward Globalization 2.0: A New Trade Policy Framework for Advanced-Industry Leadership and National Power | Reports & Briefings | Mar 24, 2025 | ITIF",Office of Public Affairs,"Department of Justice, January 2023), https://www",,,unclear,0.91,pending_high_confidence,"(IGCC, Working paper no 5, July 2024), https://ucigcc.org/wp-content/uploads/2024/07/2024_wp5_goodrich_v1-FINAL-2.pdf. [126]. Robert D. Atkinson and Meghan Ostertag, “The EU Has Been Taking Advantage of America’s Effort to Combat Chinese Economic Mercantilism” (ITIF, January 2025), https://itif.org/publications/2025/01/15/the-eu-has-been-taking-advantage-of-americas-effort-to-combat-chinese-mercantilism/. [127]. Willy Shih, “Supply Chain Disruptions Should Remind Leaders to Keep Up With Allies,”",
"Toward Globalization 2.0: A New Trade Policy Framework for Advanced-Industry Leadership and National Power | Reports & Briefings | Mar 24, 2025 | ITIF",Potato Chips,The Case for a U,,,unclear,0.91,pending_high_confidence,"Policies Harm US Companies and Workers” (ITIF, August 2024), https://itif.org/publications/2024/08/12/us-development-financing-stop-rewarding-nations-policies-harm-us-companies/. [70]. USTR, “USTR Releases 2023 National Trade Estimate Report on Foreign Trade Barriers” (SUTR, March 2023), https://ustr.gov/about-us/policy-offices/press-office/press-releases/2023/march/ustr-releases-2023-national-trade-estimate-report-foreign-trade-barriers. [71]. Congressional Research Service (CRS), “Trade Adjust",
"Toward Globalization 2.0: A New Trade Policy Framework for Advanced-Industry Leadership and National Power | Reports & Briefings | Mar 24, 2025 | ITIF",Prevalence of Dumping in International Trade,"I,” Journal of Political Economy 30, no",,,unclear,0.91,pending_high_confidence,"Policies Harm US Companies and Workers” (ITIF, August 2024), https://itif.org/publications/2024/08/12/us-development-financing-stop-rewarding-nations-policies-harm-us-companies/. [70]. USTR, “USTR Releases 2023 National Trade Estimate Report on Foreign Trade Barriers” (SUTR, March 2023), https://ustr.gov/about-us/policy-offices/press-office/press-releases/2023/march/ustr-releases-2023-national-trade-estimate-report-foreign-trade-barriers. [71]. Congressional Research Service (CRS), “Trade Adjust",
"Toward Globalization 2.0: A New Trade Policy Framework for Advanced-Industry Leadership and National Power | Reports & Briefings | Mar 24, 2025 | ITIF",Principle 1,China Changes Everything When Globalization 1,,imf,obtainable,1,pending_high_confidence,"high-fixed-cost industries is win-lose. Every sale of a single-aisle passenger jet China’s state-owned COMAC makes is one less sale for Airbus or Boeing.[104] The Chinese government is willing to limit foreign market sales in its own economy and subsidize the capture of market share outside China because it knows that every product it sells at a loss structurally sets back foreign competitors while advancing Chinse firms. Ensuring the largest possible markets for high-fixed-cost, strategic indus",
"Toward Globalization 2.0: A New Trade Policy Framework for Advanced-Industry Leadership and National Power | Reports & Briefings | Mar 24, 2025 | ITIF",Principle 10,Fight Back Against Advanced Industry Mercantilism Effectively defending advanced industries will require our own action,,,unclear,0.99,pending_high_confidence,"Every dollar of sales to China of commercial airplanes, drugs, cars, semiconductors, Internet services, and more are sales that American companies and their workers get, and sales that Chinese companies do not get. And in a global competition for more sales of low marginal cost goods and services, Chinese sales are key. Moreover, a key to Xi Jinping’s dual circulation strategy is precisely to reduce the importance of imports to the Chinese economy so that Chinse firms get more market share, both",
"Toward Globalization 2.0: A New Trade Policy Framework for Advanced-Industry Leadership and National Power | Reports & Briefings | Mar 24, 2025 | ITIF",Principle 11,"Expand Trade Rules to Cover More Behind-the-Border Issues For too long, trade agreements have focused on reducing tariffs and obvious “behind-the-border” distortions such as export subsidies and local production requirements",,,unclear,0.91,pending_high_confidence,"free or discounted land and utilities, and state-provided financing for hiring foreign talent. For example, local government subsidies can cover up to 85 percent of the costs of building a display facility in China.[127] Chinese display producers have also benefited from extensive foreign IP theft. In July 2023, South Korea’s Supreme Court found executives and employees of Toptec, a key input supplier to the display industry, guilty of leaking key technological assets to BOE. In July 2024, a for",
"Toward Globalization 2.0: A New Trade Policy Framework for Advanced-Industry Leadership and National Power | Reports & Briefings | Mar 24, 2025 | ITIF",Principle 12,Provide Better Support to Places and Workers Hurt by Trade Disruption Despite defenders of Globalization 1,,,unclear,0.91,pending_high_confidence,"free or discounted land and utilities, and state-provided financing for hiring foreign talent. For example, local government subsidies can cover up to 85 percent of the costs of building a display facility in China.[127] Chinese display producers have also benefited from extensive foreign IP theft. In July 2023, South Korea’s Supreme Court found executives and employees of Toptec, a key input supplier to the display industry, guilty of leaking key technological assets to BOE. In July 2024, a for",
"Toward Globalization 2.0: A New Trade Policy Framework for Advanced-Industry Leadership and National Power | Reports & Briefings | Mar 24, 2025 | ITIF",Principle 2,Embrace a National Advanced-Industry Strategy to Bolster U,,"based where if we lose some production, we can easily get it back even if imports are limited",unclear,1,pending_high_confidence,"been a prominent feature of German policies in the ‘thirties? Or should we rather endeavor to build a new framework of international relations in which this use of foreign trade for purposes of national power would encounter more difficulties than hitherto? And how could this end be achieved?[115] Hirschman favored the latter. Indeed, he argued: If we want to turn from the sterile alternatives between autarky and economic penetration to the achievement of international economic collaboration, th",
"Toward Globalization 2.0: A New Trade Policy Framework for Advanced-Industry Leadership and National Power | Reports & Briefings | Mar 24, 2025 | ITIF",Principle 3,"Trade Should Be a Component of That National Advanced-Industry Strategy Since we were all to be living on a peaceful, harmonious planet by now, free of longstanding geopolitical rivalries, Globalization 1",,"based where if we lose some production, we can easily get it back even if imports are limited",unclear,1,pending_high_confidence,"been a prominent feature of German policies in the ‘thirties? Or should we rather endeavor to build a new framework of international relations in which this use of foreign trade for purposes of national power would encounter more difficulties than hitherto? And how could this end be achieved?[115] Hirschman favored the latter. Indeed, he argued: If we want to turn from the sterile alternatives between autarky and economic penetration to the achievement of international economic collaboration, th",
"Toward Globalization 2.0: A New Trade Policy Framework for Advanced-Industry Leadership and National Power | Reports & Briefings | Mar 24, 2025 | ITIF",Principle 4,"America First, But Not Alone President Trump is right: for too long, U",,,unclear,0.91,pending_high_confidence,"and maintenance. If China stopped its subsidies, there is no guarantee that the U.S. EV industry would return, because of very high entry costs and the significant amount of tacit knowledge needed to build an auto industry. The same is true for all advanced industries from software to aerospace to pharmaceuticals. There is another reason for U.S. trade policy to be laser focused on advanced industries, including industries requiring global market sales. The lumber and wood products industry does",
"Toward Globalization 2.0: A New Trade Policy Framework for Advanced-Industry Leadership and National Power | Reports & Briefings | Mar 24, 2025 | ITIF",Principle 5,"Engage in Free Trade With Allies, Pragmatic Trade With Others, and Strategic Trade With Our Adversaries Globalization 1",,,unclear,0.91,pending_high_confidence,"and maintenance. If China stopped its subsidies, there is no guarantee that the U.S. EV industry would return, because of very high entry costs and the significant amount of tacit knowledge needed to build an auto industry. The same is true for all advanced industries from software to aerospace to pharmaceuticals. There is another reason for U.S. trade policy to be laser focused on advanced industries, including industries requiring global market sales. The lumber and wood products industry does",
"Toward Globalization 2.0: A New Trade Policy Framework for Advanced-Industry Leadership and National Power | Reports & Briefings | Mar 24, 2025 | ITIF",Principle 6,"Pressure Allies to Clean Up Their Act and Align With the United States Against Chinese Innovation Mercantilism While the goal should be America together with our allies, that will first require allies to roll back their unfair practices targeting U",,,unclear,0.91,pending_high_confidence,"the U.S. government needs to focus on preventing the degradation of American advanced industry capabilities. Besides a national advanced industry strategy, this means blocking virtually all Chinese inward foreign direct investment (FDI) as well as limiting Chinese imports in industries where China does not play by the rules. Principle 6: Pressure Allies to Clean Up Their Act and Align With the United States Against Chinese Innovation Mercantilism While the goal should be America together with ou",
"Toward Globalization 2.0: A New Trade Policy Framework for Advanced-Industry Leadership and National Power | Reports & Briefings | Mar 24, 2025 | ITIF",Principle 6,"Pressure Allies to Clean Up Their Act and Align With the United States Against Chinese Innovation Mercantilism While the goal should be America together with our allies, that will first require allies to roll back their unfair practices targeting U",,,unclear,0.91,pending_high_confidence,"and maintenance. If China stopped its subsidies, there is no guarantee that the U.S. EV industry would return, because of very high entry costs and the significant amount of tacit knowledge needed to build an auto industry. The same is true for all advanced industries from software to aerospace to pharmaceuticals. There is another reason for U.S. trade policy to be laser focused on advanced industries, including industries requiring global market sales. The lumber and wood products industry does",
"Toward Globalization 2.0: A New Trade Policy Framework for Advanced-Industry Leadership and National Power | Reports & Briefings | Mar 24, 2025 | ITIF",Principle 7,Establish a Process and Institution That Can Effectively Adjudicate Disputes Among Free-Trading Nations The past two decades have demonstrated that the WTO cannot effectively limit China’s destructive power trade,,,unclear,0.91,pending_high_confidence,"the U.S. government needs to focus on preventing the degradation of American advanced industry capabilities. Besides a national advanced industry strategy, this means blocking virtually all Chinese inward foreign direct investment (FDI) as well as limiting Chinese imports in industries where China does not play by the rules. Principle 6: Pressure Allies to Clean Up Their Act and Align With the United States Against Chinese Innovation Mercantilism While the goal should be America together with ou",
"Toward Globalization 2.0: A New Trade Policy Framework for Advanced-Industry Leadership and National Power | Reports & Briefings | Mar 24, 2025 | ITIF",Principle 8,Don’t Decouple From China The animus toward China is severe,,,unclear,0.91,pending_high_confidence,"the U.S. government needs to focus on preventing the degradation of American advanced industry capabilities. Besides a national advanced industry strategy, this means blocking virtually all Chinese inward foreign direct investment (FDI) as well as limiting Chinese imports in industries where China does not play by the rules. Principle 6: Pressure Allies to Clean Up Their Act and Align With the United States Against Chinese Innovation Mercantilism While the goal should be America together with ou",
"Toward Globalization 2.0: A New Trade Policy Framework for Advanced-Industry Leadership and National Power | Reports & Briefings | Mar 24, 2025 | ITIF",Principle 9,"Insist on Floatable Currencies, Especially the U",,,unclear,0.99,pending_high_confidence,"Every dollar of sales to China of commercial airplanes, drugs, cars, semiconductors, Internet services, and more are sales that American companies and their workers get, and sales that Chinese companies do not get. And in a global competition for more sales of low marginal cost goods and services, Chinese sales are key. Moreover, a key to Xi Jinping’s dual circulation strategy is precisely to reduce the importance of imports to the Chinese economy so that Chinse firms get more market share, both",
"Toward Globalization 2.0: A New Trade Policy Framework for Advanced-Industry Leadership and National Power | Reports & Briefings | Mar 24, 2025 | ITIF",question thus arises,"why not eliminate all trade barriers throughout the world?[49] Bergsten elaborated on exactly how this process would unfold, with tariffs first being reduced and then the nontariff barriers being addressed",,sample,unclear,1,pending_high_confidence,"the WTO and over 350 rulings have been issued, with nearly 90 percent of governments complying with its decisions.[46] However, the entry of a nation into the WTO that unrepentantly pursues mercantilist trade and economic policies that are directly antithetical to the WTO’s fundamental principles of market-oriented policies enacted on the basis of national treatment, reciprocity, and non-discrimination foundationally challenges this system, especially when it has become the world’s largest trade",
"Toward Globalization 2.0: A New Trade Policy Framework for Advanced-Industry Leadership and National Power | Reports & Briefings | Mar 24, 2025 | ITIF",Real Purpose of Trade Policy,"How Biden Internationalized ‘Middle-Out Economics’,”Foreign Affairs, January 2025, https://www",,,unclear,0.91,pending_high_confidence,"Policies Harm US Companies and Workers” (ITIF, August 2024), https://itif.org/publications/2024/08/12/us-development-financing-stop-rewarding-nations-policies-harm-us-companies/. [70]. USTR, “USTR Releases 2023 National Trade Estimate Report on Foreign Trade Barriers” (SUTR, March 2023), https://ustr.gov/about-us/policy-offices/press-office/press-releases/2023/march/ustr-releases-2023-national-trade-estimate-report-foreign-trade-barriers. [71]. Congressional Research Service (CRS), “Trade Adjust",
"Toward Globalization 2.0: A New Trade Policy Framework for Advanced-Industry Leadership and National Power | Reports & Briefings | Mar 24, 2025 | ITIF",reason is simple,"while some traded-sector industries do not need global scale to succeed, virtually all advanced industries do, and by failing to lead on global trade and market opening for these industries, the administration is consigning America’s technology industries to a slow decline",,,unclear,0.91,pending_high_confidence,"workers (e.g., the middle class). But they could not get very far in crafting even significant reforms to Globalization 1.0, much less constructing a Globalization 2.0 framework. They start with an attack on the critique by claiming that the impacts of trade and manufacturing loss on the middle class were overblown. And of course, the call for more domestic policy efforts to help the losers from trade and more trade agreements. To its credit, the report does edge its way toward a revised framewo",
"Toward Globalization 2.0: A New Trade Policy Framework for Advanced-Industry Leadership and National Power | Reports & Briefings | Mar 24, 2025 | ITIF","Recommendations September 3, 2012 Innovation Economics","The Race for Global Advantage April 27, 2021 The Global Third Way on “Power Trade” Related August 13, 2025 Time for Globalization 2",,,unclear,0.91,pending_high_confidence,"(IGCC, Working paper no 5, July 2024), https://ucigcc.org/wp-content/uploads/2024/07/2024_wp5_goodrich_v1-FINAL-2.pdf. [126]. Robert D. Atkinson and Meghan Ostertag, “The EU Has Been Taking Advantage of America’s Effort to Combat Chinese Economic Mercantilism” (ITIF, January 2025), https://itif.org/publications/2025/01/15/the-eu-has-been-taking-advantage-of-americas-effort-to-combat-chinese-mercantilism/. [127]. Willy Shih, “Supply Chain Disruptions Should Remind Leaders to Keep Up With Allies,”",
"Toward Globalization 2.0: A New Trade Policy Framework for Advanced-Industry Leadership and National Power | Reports & Briefings | Mar 24, 2025 | ITIF",Resolutions of trade disputes would be largely amiable and equitable,"“And if [the country] continues to break an agreement, it should offer compensation or face a suitable response that has some bite—although this is not actually a punishment: it’s a ‘remedy’, the ultimate goal being for the country to comply with the ruling",,imf,obtainable,1,pending_high_confidence,"and Globalization 1.0 went hand in glove for the simple reason that followers of the neoclassical doctrine held that unfettered market forces optimized outcomes, and a core component of unfettered markets was a borderless world for trade and investment. Indeed, globalists cheered the emergence of an integrated world market because they believed that it handcuffed governments from doing industrial policy and other “stupid” policy interventions. Libertarian Alan Greenspan spoke for many when he st",
"Toward Globalization 2.0: A New Trade Policy Framework for Advanced-Industry Leadership and National Power | Reports & Briefings | Mar 24, 2025 | ITIF","rman John Moolenaar to Defense Secretary Lloyd Austin (September 24, 2024), https",//selectcommitteeontheccp,,,unclear,0.91,pending_high_confidence,"(IGCC, Working paper no 5, July 2024), https://ucigcc.org/wp-content/uploads/2024/07/2024_wp5_goodrich_v1-FINAL-2.pdf. [126]. Robert D. Atkinson and Meghan Ostertag, “The EU Has Been Taking Advantage of America’s Effort to Combat Chinese Economic Mercantilism” (ITIF, January 2025), https://itif.org/publications/2025/01/15/the-eu-has-been-taking-advantage-of-americas-effort-to-combat-chinese-mercantilism/. [127]. Willy Shih, “Supply Chain Disruptions Should Remind Leaders to Keep Up With Allies,”",
"Toward Globalization 2.0: A New Trade Policy Framework for Advanced-Industry Leadership and National Power | Reports & Briefings | Mar 24, 2025 | ITIF","Robert Reich, December 2015), https",//robertreich,,,unclear,0.99,pending_high_confidence,"Free Press, 2010), 94. [15]. Andrew Bacevich, American Empire: The Realities and Consequences of U.S. Diplomacy (Cambridge, MA: Harvard University Press, 2002). [16]. Steven Erlanger and David E. Sanger, “On Global Stage, Clinton Finds Balance as Leader,” The New York Times, July 29, 1996, https://archive.nytimes.com/www.nytimes.com/library/politics/0729clinton-foreign-policy.html. [17]. Manak and Kopans-Johnson, “The Progressive Case for Globalization.” [18]. Robert D. Atkinson and Ian Tufts, “",
"Toward Globalization 2.0: A New Trade Policy Framework for Advanced-Industry Leadership and National Power | Reports & Briefings | Mar 24, 2025 | ITIF",s become a power at least as formidable as military Germany and of the same order,a power of domination and conquest,,,unclear,0.96,pending_high_confidence,"was a blip on the global economic radar screen—a desperately poor country that had little technological capability. As such, globalists assumed that, as it integrated into the global market, it would be a normal country: one that mostly practiced free trade, and whenever it succumbed to domestic protectionist forces here and there, these would be mostly disciplined by the WTO. Lawmakers need to understand that, for China, a desire to make money—the fundamental driver of trade and of capitalism—i",
"Toward Globalization 2.0: A New Trade Policy Framework for Advanced-Industry Leadership and National Power | Reports & Briefings | Mar 24, 2025 | ITIF","Seattle Times, September 2011, http",//seattletimes,,,unclear,0.91,pending_high_confidence,"Policies Harm US Companies and Workers” (ITIF, August 2024), https://itif.org/publications/2024/08/12/us-development-financing-stop-rewarding-nations-policies-harm-us-companies/. [70]. USTR, “USTR Releases 2023 National Trade Estimate Report on Foreign Trade Barriers” (SUTR, March 2023), https://ustr.gov/about-us/policy-offices/press-office/press-releases/2023/march/ustr-releases-2023-national-trade-estimate-report-foreign-trade-barriers. [71]. Congressional Research Service (CRS), “Trade Adjust",
"Toward Globalization 2.0: A New Trade Policy Framework for Advanced-Industry Leadership and National Power | Reports & Briefings | Mar 24, 2025 | ITIF",Security,"Office of Congressional and Public Affairs, July 2021), https://www",,,unclear,0.91,pending_high_confidence,"(IGCC, Working paper no 5, July 2024), https://ucigcc.org/wp-content/uploads/2024/07/2024_wp5_goodrich_v1-FINAL-2.pdf. [126]. Robert D. Atkinson and Meghan Ostertag, “The EU Has Been Taking Advantage of America’s Effort to Combat Chinese Economic Mercantilism” (ITIF, January 2025), https://itif.org/publications/2025/01/15/the-eu-has-been-taking-advantage-of-americas-effort-to-combat-chinese-mercantilism/. [127]. Willy Shih, “Supply Chain Disruptions Should Remind Leaders to Keep Up With Allies,”",
"Toward Globalization 2.0: A New Trade Policy Framework for Advanced-Industry Leadership and National Power | Reports & Briefings | Mar 24, 2025 | ITIF",See below House testimony from April 2024,"AG Merrick Garland: You put your finger on an important risk to our economy, which is fraudulent traded goods",,,unclear,0.91,pending_high_confidence,"(IGCC, Working paper no 5, July 2024), https://ucigcc.org/wp-content/uploads/2024/07/2024_wp5_goodrich_v1-FINAL-2.pdf. [126]. Robert D. Atkinson and Meghan Ostertag, “The EU Has Been Taking Advantage of America’s Effort to Combat Chinese Economic Mercantilism” (ITIF, January 2025), https://itif.org/publications/2025/01/15/the-eu-has-been-taking-advantage-of-americas-effort-to-combat-chinese-mercantilism/. [127]. Willy Shih, “Supply Chain Disruptions Should Remind Leaders to Keep Up With Allies,”",
"Toward Globalization 2.0: A New Trade Policy Framework for Advanced-Industry Leadership and National Power | Reports & Briefings | Mar 24, 2025 | ITIF","Sharon Eicher, Corruption in International Business","The Challenge of Cultural and Legal Diversity (Corporate Social Responsibility) (Routledge, January 2009), https://www",,,unclear,0.91,pending_high_confidence,"(IGCC, Working paper no 5, July 2024), https://ucigcc.org/wp-content/uploads/2024/07/2024_wp5_goodrich_v1-FINAL-2.pdf. [126]. Robert D. Atkinson and Meghan Ostertag, “The EU Has Been Taking Advantage of America’s Effort to Combat Chinese Economic Mercantilism” (ITIF, January 2025), https://itif.org/publications/2025/01/15/the-eu-has-been-taking-advantage-of-americas-effort-to-combat-chinese-mercantilism/. [127]. Willy Shih, “Supply Chain Disruptions Should Remind Leaders to Keep Up With Allies,”",
"Toward Globalization 2.0: A New Trade Policy Framework for Advanced-Industry Leadership and National Power | Reports & Briefings | Mar 24, 2025 | ITIF",s most cherished values,economic freedom,,,unclear,0.91,pending_high_confidence,"Taiwan. Yet, while the United States has made such deals with geopolitical concerns top of mind, China and other nations have focused squarely on gaining economic advantage, especially in strategic, targeted industries such as civil aviation, which they parlay into military advantage. Indeed, months before the United States agreed to provide China with technical assistance in developing a commercial jetliner, in a speech titled “Let the Large Aircraft of China Fly in the Blue Sky,” Chinese prime",
"Toward Globalization 2.0: A New Trade Policy Framework for Advanced-Industry Leadership and National Power | Reports & Briefings | Mar 24, 2025 | ITIF",s Next Giant,"South Korea and Late Industrialization (Oxford, England: Oxford University Press, 1992); Joe Studwell, How Asia Works (New York, New York: Grove Press, 2014)",,,unclear,0.91,pending_high_confidence,"Policies Harm US Companies and Workers” (ITIF, August 2024), https://itif.org/publications/2024/08/12/us-development-financing-stop-rewarding-nations-policies-harm-us-companies/. [70]. USTR, “USTR Releases 2023 National Trade Estimate Report on Foreign Trade Barriers” (SUTR, March 2023), https://ustr.gov/about-us/policy-offices/press-office/press-releases/2023/march/ustr-releases-2023-national-trade-estimate-report-foreign-trade-barriers. [71]. Congressional Research Service (CRS), “Trade Adjust",
"Toward Globalization 2.0: A New Trade Policy Framework for Advanced-Industry Leadership and National Power | Reports & Briefings | Mar 24, 2025 | ITIF",s Next Giant,"South Korea and Late Industrialization (Oxford,",,,unclear,0.99,pending_high_confidence,"Free Press, 2010), 94. [15]. Andrew Bacevich, American Empire: The Realities and Consequences of U.S. Diplomacy (Cambridge, MA: Harvard University Press, 2002). [16]. Steven Erlanger and David E. Sanger, “On Global Stage, Clinton Finds Balance as Leader,” The New York Times, July 29, 1996, https://archive.nytimes.com/www.nytimes.com/library/politics/0729clinton-foreign-policy.html. [17]. Manak and Kopans-Johnson, “The Progressive Case for Globalization.” [18]. Robert D. Atkinson and Ian Tufts, “",
"Toward Globalization 2.0: A New Trade Policy Framework for Advanced-Industry Leadership and National Power | Reports & Briefings | Mar 24, 2025 | ITIF","sumed that, as it integrated into the global market, it would be a normal country","one that mostly practiced free trade, and whenever it succumbed to domestic protectionist forces here and there, these would be mostly disciplined by the WTO",,imf,obtainable,1,pending_high_confidence,"high-fixed-cost industries is win-lose. Every sale of a single-aisle passenger jet China’s state-owned COMAC makes is one less sale for Airbus or Boeing.[104] The Chinese government is willing to limit foreign market sales in its own economy and subsidize the capture of market share outside China because it knows that every product it sells at a loss structurally sets back foreign competitors while advancing Chinse firms. Ensuring the largest possible markets for high-fixed-cost, strategic indus",
"Toward Globalization 2.0: A New Trade Policy Framework for Advanced-Industry Leadership and National Power | Reports & Briefings | Mar 24, 2025 | ITIF","sumed that, as it integrated into the global market, it would be a normal country","one that mostly practiced free trade, and whenever it succumbed to domestic protectionist forces here and there, these would be mostly disciplined by the WTO",,,unclear,0.96,pending_high_confidence,"was a blip on the global economic radar screen—a desperately poor country that had little technological capability. As such, globalists assumed that, as it integrated into the global market, it would be a normal country: one that mostly practiced free trade, and whenever it succumbed to domestic protectionist forces here and there, these would be mostly disciplined by the WTO. Lawmakers need to understand that, for China, a desire to make money—the fundamental driver of trade and of capitalism—i",
"Toward Globalization 2.0: A New Trade Policy Framework for Advanced-Industry Leadership and National Power | Reports & Briefings | Mar 24, 2025 | ITIF",Summer 1995),"31–38, https://www",,,unclear,0.91,pending_high_confidence,"Policies Harm US Companies and Workers” (ITIF, August 2024), https://itif.org/publications/2024/08/12/us-development-financing-stop-rewarding-nations-policies-harm-us-companies/. [70]. USTR, “USTR Releases 2023 National Trade Estimate Report on Foreign Trade Barriers” (SUTR, March 2023), https://ustr.gov/about-us/policy-offices/press-office/press-releases/2023/march/ustr-releases-2023-national-trade-estimate-report-foreign-trade-barriers. [71]. Congressional Research Service (CRS), “Trade Adjust",
"Toward Globalization 2.0: A New Trade Policy Framework for Advanced-Industry Leadership and National Power | Reports & Briefings | Mar 24, 2025 | ITIF",t Clinton reflected this view when he spoke in his 1996 State of the Union speech,“A hundred years ago we moved from farm to factory,,,unclear,0.91,pending_high_confidence,"consumers believe that their discrete, short-term economic interests, not some vague sense of economic patriotism, should determine where to locate production and where to source consumption. It’s never been this way in America. Six decades ago, Charlie Wilson did not say that what’s good for General Motors was good for Michigan, where GM is headquartered. By that time, GM had significantly expanded its production operations outside Michigan; it had already located some of its production in lowe",
"Toward Globalization 2.0: A New Trade Policy Framework for Advanced-Industry Leadership and National Power | Reports & Briefings | Mar 24, 2025 | ITIF",These can be organized into four main areas,"1) organizational strategy, 2) market opening, 3) trade enforcement, and 4) export promotion",,,unclear,0.91,pending_high_confidence,"to Places and Workers Hurt by Trade Disruption Despite defenders of Globalization 1.0 having long argued for more support for workers hurt by trade, existing support has actually been cut. They have been less vocal on the importance of regional development programs to help certain areas and towns hurt by trade. One advantage of a Globalization 2.0 framework is that American workers and regions would benefit more from trade and so the needs for such compensatory measures would be less. But some i",
"Toward Globalization 2.0: A New Trade Policy Framework for Advanced-Industry Leadership and National Power | Reports & Briefings | Mar 24, 2025 | ITIF",This gets to the core question,"How do we craft a global trading system with China being a growing power trader? Hirschman grappled with this question as to how the postwar trading system should be constructed, in light of the 50-year tradition of Germany being a power trader",,,unclear,0.96,pending_high_confidence,"was a blip on the global economic radar screen—a desperately poor country that had little technological capability. As such, globalists assumed that, as it integrated into the global market, it would be a normal country: one that mostly practiced free trade, and whenever it succumbed to domestic protectionist forces here and there, these would be mostly disciplined by the WTO. Lawmakers need to understand that, for China, a desire to make money—the fundamental driver of trade and of capitalism—i",
"Toward Globalization 2.0: A New Trade Policy Framework for Advanced-Industry Leadership and National Power | Reports & Briefings | Mar 24, 2025 | ITIF",This would entail the following,▪ America would embrace global integration only where and when it is in immediate and direct U,,oecd,obtainable,1,pending_high_confidence,"Toward Globalization 2.0: A New Trade Policy Framework for Advanced-Industry Leadership and National Power Globalization 1.0 has failed, but protectionist autarky cannot be its replacement. Instead, it is past time to craft a new kind of globalization that advances U.S. interests in key industries and prevents China from becoming the dominant techno-economic power. KEY TAKEAWAYS Key Takeaways Contents The Defense of Globalization 1.0. 5 What Went Wrong: Why Did So Many Become So Skeptical of Tra",
"Toward Globalization 2.0: A New Trade Policy Framework for Advanced-Industry Leadership and National Power | Reports & Briefings | Mar 24, 2025 | ITIF",title gives away the story,globalization and U,,,unclear,0.91,pending_high_confidence,"require cotton and dye, but advanced industry products require thousands of parts, and it is unlikely that they can be made in any one country. This is the core case for globalization Manufacturing semiconductors is perhaps the most complex, expensive engineering task humanity undertakes. The newest, most-sophisticated semiconductor fabs can cost $30 billion or more to construct and advanced chips themselves can cost billions to design. Global markets allow firms to earn that investment back.[88",
"Toward Globalization 2.0: A New Trade Policy Framework for Advanced-Industry Leadership and National Power | Reports & Briefings | Mar 24, 2025 | ITIF",Trade Adjustment Assistance for Workers,"Background and Current Status” (CRS, July 2023), https://crsreports",,,unclear,0.99,pending_high_confidence,"Free Press, 2010), 94. [15]. Andrew Bacevich, American Empire: The Realities and Consequences of U.S. Diplomacy (Cambridge, MA: Harvard University Press, 2002). [16]. Steven Erlanger and David E. Sanger, “On Global Stage, Clinton Finds Balance as Leader,” The New York Times, July 29, 1996, https://archive.nytimes.com/www.nytimes.com/library/politics/0729clinton-foreign-policy.html. [17]. Manak and Kopans-Johnson, “The Progressive Case for Globalization.” [18]. Robert D. Atkinson and Ian Tufts, “",
"Toward Globalization 2.0: A New Trade Policy Framework for Advanced-Industry Leadership and National Power | Reports & Briefings | Mar 24, 2025 | ITIF",Trade Adjustment Assistance for Workers,"Background and Current Status” (CRS, July 2023), https://crsreports",,,unclear,0.91,pending_high_confidence,"Policies Harm US Companies and Workers” (ITIF, August 2024), https://itif.org/publications/2024/08/12/us-development-financing-stop-rewarding-nations-policies-harm-us-companies/. [70]. USTR, “USTR Releases 2023 National Trade Estimate Report on Foreign Trade Barriers” (SUTR, March 2023), https://ustr.gov/about-us/policy-offices/press-office/press-releases/2023/march/ustr-releases-2023-national-trade-estimate-report-foreign-trade-barriers. [71]. Congressional Research Service (CRS), “Trade Adjust",
"Toward Globalization 2.0: A New Trade Policy Framework for Advanced-Industry Leadership and National Power | Reports & Briefings | Mar 24, 2025 | ITIF",Trade Imbalance Index,"Where the Trump Administration Should Take Action to Address Trade Distortions” (ITIF, March 2025), https://itif",,,unclear,0.91,pending_high_confidence,"(IGCC, Working paper no 5, July 2024), https://ucigcc.org/wp-content/uploads/2024/07/2024_wp5_goodrich_v1-FINAL-2.pdf. [126]. Robert D. Atkinson and Meghan Ostertag, “The EU Has Been Taking Advantage of America’s Effort to Combat Chinese Economic Mercantilism” (ITIF, January 2025), https://itif.org/publications/2025/01/15/the-eu-has-been-taking-advantage-of-americas-effort-to-combat-chinese-mercantilism/. [127]. Willy Shih, “Supply Chain Disruptions Should Remind Leaders to Keep Up With Allies,”",
"Toward Globalization 2.0: A New Trade Policy Framework for Advanced-Industry Leadership and National Power | Reports & Briefings | Mar 24, 2025 | ITIF",Trade Policy and the Global Battle Over Advanced Industries,"Time for a Strategic Approach At the end of the day, differences over optimal U",,,unclear,0.91,pending_high_confidence,"workers (e.g., the middle class). But they could not get very far in crafting even significant reforms to Globalization 1.0, much less constructing a Globalization 2.0 framework. They start with an attack on the critique by claiming that the impacts of trade and manufacturing loss on the middle class were overblown. And of course, the call for more domestic policy efforts to help the losers from trade and more trade agreements. To its credit, the report does edge its way toward a revised framewo",
"Toward Globalization 2.0: A New Trade Policy Framework for Advanced-Industry Leadership and National Power | Reports & Briefings | Mar 24, 2025 | ITIF",Trade Policy and the Global Battle Over Advanced Industries,Time for a Strategic Approach,,oecd,obtainable,1,pending_high_confidence,"Toward Globalization 2.0: A New Trade Policy Framework for Advanced-Industry Leadership and National Power Globalization 1.0 has failed, but protectionist autarky cannot be its replacement. Instead, it is past time to craft a new kind of globalization that advances U.S. interests in key industries and prevents China from becoming the dominant techno-economic power. KEY TAKEAWAYS Key Takeaways Contents The Defense of Globalization 1.0. 5 What Went Wrong: Why Did So Many Become So Skeptical of Tra",
"Toward Globalization 2.0: A New Trade Policy Framework for Advanced-Industry Leadership and National Power | Reports & Briefings | Mar 24, 2025 | ITIF",trade policy needs to embrace if it is to win in advanced technology sectors,limiting the sales of Chinese high-fixed-cost industries,,,unclear,0.91,pending_high_confidence,"that rejects outdated “Ricardoism,” which holds that any exports must be based on U.S. comparative advantage and therefore in the national economic interest.[101] While this simple model might hold for low-wage, natural resource economies (e.g., Ricardo’s example of wine from Portugal), it was never true for advanced industrial economies engaging in complex cross-border investment where competitive advantage is shaped, not revealed. There is no God-given, natural reason why Germany is good at ma",
"Toward Globalization 2.0: A New Trade Policy Framework for Advanced-Industry Leadership and National Power | Reports & Briefings | Mar 24, 2025 | ITIF",Understanding the WTO,"Developing Countries,” https://www",,,unclear,0.99,pending_high_confidence,"Free Press, 2010), 94. [15]. Andrew Bacevich, American Empire: The Realities and Consequences of U.S. Diplomacy (Cambridge, MA: Harvard University Press, 2002). [16]. Steven Erlanger and David E. Sanger, “On Global Stage, Clinton Finds Balance as Leader,” The New York Times, July 29, 1996, https://archive.nytimes.com/www.nytimes.com/library/politics/0729clinton-foreign-policy.html. [17]. Manak and Kopans-Johnson, “The Progressive Case for Globalization.” [18]. Robert D. Atkinson and Ian Tufts, “",
"Toward Globalization 2.0: A New Trade Policy Framework for Advanced-Industry Leadership and National Power | Reports & Briefings | Mar 24, 2025 | ITIF",use of nontariff measures,About 26 percent of world trade is covered by climate-change-related nontariff trade measures,,sample,unclear,1,pending_high_confidence,"the WTO and over 350 rulings have been issued, with nearly 90 percent of governments complying with its decisions.[46] However, the entry of a nation into the WTO that unrepentantly pursues mercantilist trade and economic policies that are directly antithetical to the WTO’s fundamental principles of market-oriented policies enacted on the basis of national treatment, reciprocity, and non-discrimination foundationally challenges this system, especially when it has become the world’s largest trade",
"Toward Globalization 2.0: A New Trade Policy Framework for Advanced-Industry Leadership and National Power | Reports & Briefings | Mar 24, 2025 | ITIF",utopia of the 1950s would return,little foreign competition enabling high corporate taxes and high unionization and wages,,,unclear,0.91,pending_high_confidence,"workers (e.g., the middle class). But they could not get very far in crafting even significant reforms to Globalization 1.0, much less constructing a Globalization 2.0 framework. They start with an attack on the critique by claiming that the impacts of trade and manufacturing loss on the middle class were overblown. And of course, the call for more domestic policy efforts to help the losers from trade and more trade agreements. To its credit, the report does edge its way toward a revised framewo",
"Toward Globalization 2.0: A New Trade Policy Framework for Advanced-Industry Leadership and National Power | Reports & Briefings | Mar 24, 2025 | ITIF",Von der Leyen now looks east,"India and China as alternatives to Trump’s America,” EU News, January 21, 2025, https://www",,,unclear,0.91,pending_high_confidence,"Policies Harm US Companies and Workers” (ITIF, August 2024), https://itif.org/publications/2024/08/12/us-development-financing-stop-rewarding-nations-policies-harm-us-companies/. [70]. USTR, “USTR Releases 2023 National Trade Estimate Report on Foreign Trade Barriers” (SUTR, March 2023), https://ustr.gov/about-us/policy-offices/press-office/press-releases/2023/march/ustr-releases-2023-national-trade-estimate-report-foreign-trade-barriers. [71]. Congressional Research Service (CRS), “Trade Adjust",
"Toward Globalization 2.0: A New Trade Policy Framework for Advanced-Industry Leadership and National Power | Reports & Briefings | Mar 24, 2025 | ITIF","Warren for Senate, July 2019), https",//elizabethwarren,,,unclear,0.99,pending_high_confidence,"Free Press, 2010), 94. [15]. Andrew Bacevich, American Empire: The Realities and Consequences of U.S. Diplomacy (Cambridge, MA: Harvard University Press, 2002). [16]. Steven Erlanger and David E. Sanger, “On Global Stage, Clinton Finds Balance as Leader,” The New York Times, July 29, 1996, https://archive.nytimes.com/www.nytimes.com/library/politics/0729clinton-foreign-policy.html. [17]. Manak and Kopans-Johnson, “The Progressive Case for Globalization.” [18]. Robert D. Atkinson and Ian Tufts, “",
"Toward Globalization 2.0: A New Trade Policy Framework for Advanced-Industry Leadership and National Power | Reports & Briefings | Mar 24, 2025 | ITIF",What Went Wrong,Why Did So Many Become So Skeptical of Trade? 6 Autarky and Protectionism Cannot Be the Answer 19 Globalists Fight a Rearguard Action to Preserve Globalization 1,,oecd,obtainable,1,pending_high_confidence,"Toward Globalization 2.0: A New Trade Policy Framework for Advanced-Industry Leadership and National Power Globalization 1.0 has failed, but protectionist autarky cannot be its replacement. Instead, it is past time to craft a new kind of globalization that advances U.S. interests in key industries and prevents China from becoming the dominant techno-economic power. KEY TAKEAWAYS Key Takeaways Contents The Defense of Globalization 1.0. 5 What Went Wrong: Why Did So Many Become So Skeptical of Tra",
"Toward Globalization 2.0: A New Trade Policy Framework for Advanced-Industry Leadership and National Power | Reports & Briefings | Mar 24, 2025 | ITIF",What Went Wrong,"Why Did So Many Become So Skeptical of Trade? The goal of globalization was not wrong, but the means by which U",,,unclear,0.91,pending_high_confidence,"equal to computer chips, and therefore the focus should be on market expansion for key U.S. industries that must have global scale to thrive. ▪ America would embrace integration with allies and nations that largely play by the rules, but treats China and other adversaries fundamentally differently. ▪ Trade policy would focus on more than just opening markets; it also would entail robust enforcement, coupled with a national advanced-industry strategy to help companies in America gain global marke",
"Toward Globalization 2.0: A New Trade Policy Framework for Advanced-Industry Leadership and National Power | Reports & Briefings | Mar 24, 2025 | ITIF","White House, January 1996), https",//clintonwhitehouse4,,,unclear,0.99,pending_high_confidence,"Free Press, 2010), 94. [15]. Andrew Bacevich, American Empire: The Realities and Consequences of U.S. Diplomacy (Cambridge, MA: Harvard University Press, 2002). [16]. Steven Erlanger and David E. Sanger, “On Global Stage, Clinton Finds Balance as Leader,” The New York Times, July 29, 1996, https://archive.nytimes.com/www.nytimes.com/library/politics/0729clinton-foreign-policy.html. [17]. Manak and Kopans-Johnson, “The Progressive Case for Globalization.” [18]. Robert D. Atkinson and Ian Tufts, “",
"Toward Globalization 2.0: A New Trade Policy Framework for Advanced-Industry Leadership and National Power | Reports & Briefings | Mar 24, 2025 | ITIF",will have to emerge from patriotic pragmatists,"individuals who put America first, but not alone",,,unclear,0.99,pending_high_confidence,"contracts around the world, DOJ fined it over $1 billion, amounting to almost one-quarter of its R&D budget.[157] In its final decision, DOJ made no mention of Ericsson’s battle with China’s Huawei. As such, Congress should allow any U.S. or allied firm to engage in bribery and similar activities in foreign nations if it is competing against Chinese firms. Opposition to Globalization 2.0 and Next Steps There will be opposition to Globalization 2.0. It is not the autarkic agenda the Trump adminis",
"Toward Globalization 2.0: A New Trade Policy Framework for Advanced-Industry Leadership and National Power | Reports & Briefings | Mar 24, 2025 | ITIF",World Trade Organization,"An Optimistic Pre-mortem in Hopes of Resurrection” (August 2020, Lowy Institute), https://www",,,unclear,0.99,pending_high_confidence,"Free Press, 2010), 94. [15]. Andrew Bacevich, American Empire: The Realities and Consequences of U.S. Diplomacy (Cambridge, MA: Harvard University Press, 2002). [16]. Steven Erlanger and David E. Sanger, “On Global Stage, Clinton Finds Balance as Leader,” The New York Times, July 29, 1996, https://archive.nytimes.com/www.nytimes.com/library/politics/0729clinton-foreign-policy.html. [17]. Manak and Kopans-Johnson, “The Progressive Case for Globalization.” [18]. Robert D. Atkinson and Ian Tufts, “",
"Toward Globalization 2.0: A New Trade Policy Framework for Advanced-Industry Leadership and National Power | Reports & Briefings | Mar 24, 2025 | ITIF",Xi Jinping,‘China’s success proves that socialism is not dead,,,unclear,0.99,pending_high_confidence,"Free Press, 2010), 94. [15]. Andrew Bacevich, American Empire: The Realities and Consequences of U.S. Diplomacy (Cambridge, MA: Harvard University Press, 2002). [16]. Steven Erlanger and David E. Sanger, “On Global Stage, Clinton Finds Balance as Leader,” The New York Times, July 29, 1996, https://archive.nytimes.com/www.nytimes.com/library/politics/0729clinton-foreign-policy.html. [17]. Manak and Kopans-Johnson, “The Progressive Case for Globalization.” [18]. Robert D. Atkinson and Ian Tufts, “",
"Toward Globalization 2.0: A New Trade Policy Framework for Advanced-Industry Leadership and National Power | Reports & Briefings | Mar 24, 2025 | ITIF","Yet, Clinton went on to predict",By joining the W,,,unclear,0.91,pending_high_confidence,"Taiwan. Yet, while the United States has made such deals with geopolitical concerns top of mind, China and other nations have focused squarely on gaining economic advantage, especially in strategic, targeted industries such as civil aviation, which they parlay into military advantage. Indeed, months before the United States agreed to provide China with technical assistance in developing a commercial jetliner, in a speech titled “Let the Large Aircraft of China Fly in the Blue Sky,” Chinese prime",
UK Innovation Report 2024 - Cambridge Industrial Innovation Policy,"emphasises the delivery, development and deployment of five critical technologies","AI, engineering biology, future telecommunications, semiconductors and quantum technologies",,,unclear,0.96,needs_review,"Cambridge Industrial Innovation Policy UK Innovation Report 2024 What makes this report different? The aim of the UK Innovation Report is to facilitate policy discussions on innovation and industrial performance – and the interplay between them. While numerous sources of data on the topic of innovation exist, the aim of the UK Innovation Report is to make a contribution by bringing together, in a single place, innovation and value-added indicators in a concise and accessible format. Instead of s",
UK Innovation Report 2024 - Cambridge Industrial Innovation Policy,It presents a deep dive into a different sector,the machinery and equipment manufacturing sector,,,unclear,0.96,needs_review,"Cambridge Industrial Innovation Policy UK Innovation Report 2024 What makes this report different? The aim of the UK Innovation Report is to facilitate policy discussions on innovation and industrial performance – and the interplay between them. While numerous sources of data on the topic of innovation exist, the aim of the UK Innovation Report is to make a contribution by bringing together, in a single place, innovation and value-added indicators in a concise and accessible format. Instead of s",
UK Innovation Report 2024 - Cambridge Industrial Innovation Policy,report is organised as follows,- Section 1 reviews the UK’s sectoral productivity and economic restructuring during the COVID-19 pandemic and its aftermath,,,unclear,0.96,needs_review,"Cambridge Industrial Innovation Policy UK Innovation Report 2024 What makes this report different? The aim of the UK Innovation Report is to facilitate policy discussions on innovation and industrial performance – and the interplay between them. While numerous sources of data on the topic of innovation exist, the aim of the UK Innovation Report is to make a contribution by bringing together, in a single place, innovation and value-added indicators in a concise and accessible format. Instead of s",
UK Innovation Report 2024 - Cambridge Industrial Innovation Policy,s report highlighted the establishment of two pivotal new departments,"the Department for Business and Trade (DBT) and the Department for Science, Innovation and Technology (DSIT)",,,unclear,0.96,needs_review,"Cambridge Industrial Innovation Policy UK Innovation Report 2024 What makes this report different? The aim of the UK Innovation Report is to facilitate policy discussions on innovation and industrial performance – and the interplay between them. While numerous sources of data on the topic of innovation exist, the aim of the UK Innovation Report is to make a contribution by bringing together, in a single place, innovation and value-added indicators in a concise and accessible format. Instead of s",
UK Innovation Report 2025 - Cambridge Industrial Innovation Policy,"development of sector plans for eight priority growth sectors, which include","advanced manufacturing, clean energy industries, creative industries, defence, digital and technology, financial services, life sciences, and professional and business services",,official statistics,obtainable,1,needs_review,"Cambridge Industrial Innovation Policy UK Innovation Report 2025 What makes this report different? The aim of the UK Innovation Report is to facilitate policy discussions on innovation and industrial performance – and the interplay between them. While numerous sources of data on the topic of innovation exist, the UK Innovation Report makes a contribution by bringing together, in a single place, innovation and value-added indicators in a concise and accessible format. Instead of structuring the r",
UK Innovation Report 2025 - Cambridge Industrial Innovation Policy,report is organised as follows,"- Section 1 examines changes in the UK’s economic structure, with a focus on the contribution of the manufacturing sector",,official statistics,obtainable,1,needs_review,"Cambridge Industrial Innovation Policy UK Innovation Report 2025 What makes this report different? The aim of the UK Innovation Report is to facilitate policy discussions on innovation and industrial performance – and the interplay between them. While numerous sources of data on the topic of innovation exist, the UK Innovation Report makes a contribution by bringing together, in a single place, innovation and value-added indicators in a concise and accessible format. Instead of structuring the r",
United States Investment Outcomes Monitor Emerging Trends and Dynamic Landscape 2025,Figure 10,Life Sciences VC Exit Activity EXIT VALUE EXIT VALUE ($ Billion) ($ Billion) EXIT COUNT EXIT COUNT (#) (#) $120 300 $100 250 $80 200 $60 150 $40 100 $20 50 2015 2015 2016 2016 2017 2017 2018 2018 2019 2019 2020 2020 2021 2021 2022 2022 2023 2023 2024 2024 2025* 2025* VALUE VALUE $30,,,unclear,0.91,pending_high_confidence,Figure 10: Life Sciences VC Exit Activity EXIT VALUE EXIT VALUE ($ Billion) ($ Billion) EXIT COUNT EXIT COUNT (#) (#) $120 300 $100 250 $80 200 $60 150 $40 100 $20 50 2015 2015 2016 2016 2017 2017 2018 2018 2019 2019 2020 2020 2021 2021 2022 2022 2023 2023 2024 2024 2025* 2025* VALUE VALUE $30.6 $30.6 $25.0 $25.0 $23.2 $23.2 $48.0 $48.0 $48.2 $48.2 $56.7 $56.7 $104.0 $104.0 $21.2 $21.2 $21.6 $21.6 $31.1 $31.1 $19.2 $19.2 COUNT COUNT 158 158 135 135 131 131 178 178 185 185 196 196 281 281 139 139,11
United States Investment Outcomes Monitor Emerging Trends and Dynamic Landscape 2025,Figure 3,"Median VC Time (Years) to Exit by Type ACQUISITION ACQUISITION BUYOUT BUYOUT PUBLIC LISTING PUBLIC LISTING 9 8 7 6 5 4 3 2 1 2015 2015 2016 2016 2017 2017 2018 2018 2019 2019 2020 2020 2021 2021 2022 2022 2023 2023 2024 2024 2025* 2025* *As of 9/24/2025 After two years of heavy valuation pressure, the venture market is showing early signs of stabilization",,,unclear,0.91,pending_high_confidence,"Figure 3: Median VC Time (Years) to Exit by Type ACQUISITION ACQUISITION BUYOUT BUYOUT PUBLIC LISTING PUBLIC LISTING 9 8 7 6 5 4 3 2 1 2015 2015 2016 2016 2017 2017 2018 2018 2019 2019 2020 2020 2021 2021 2022 2022 2023 2023 2024 2024 2025* 2025* *As of 9/24/2025 After two years of heavy valuation pressure, the venture market is showing early signs of stabilization. Down rounds have fallen sharply, dropping from 15.3% of United States VC activity in 2024 to just 6.4% YTD. This apparent rebound i",6
United States Investment Outcomes Monitor Emerging Trends and Dynamic Landscape 2025,Figure 8,"PE Exit Activity EXIT VALUE EXIT VALUE ($ Billion) ($ Billion) EXIT COUNT EXIT COUNT (#) (#) $1,000 2,500 $900 2,250 $800 2,000 $700 1,750 $600 1,500 $500 1,250 $400 1,000 $300 750 $200 500 $100 250 2015 2015 2016 2016 2017 2017 2018 2018 2019 2019 2020 2020 2021 2021 2022 2022 2023 2023 2024 2024 2025* 2025* VALUE VALUE $354",,,unclear,0.91,pending_high_confidence,"Figure 8: PE Exit Activity EXIT VALUE EXIT VALUE ($ Billion) ($ Billion) EXIT COUNT EXIT COUNT (#) (#) $1,000 2,500 $900 2,250 $800 2,000 $700 1,750 $600 1,500 $500 1,250 $400 1,000 $300 750 $200 500 $100 250 2015 2015 2016 2016 2017 2017 2018 2018 2019 2019 2020 2020 2021 2021 2022 2022 2023 2023 2024 2024 2025* 2025* VALUE VALUE $354.4 $354.4 $328.4 $328.4 $355.8 $355.8 $396.9 $396.9 $315.1 $315.1 $392.1 $392.1 $872.2 $872.2 $338.7 $338.7 $269.3 $269.3 $327.7 $327.7 $421.6 $421.6 COUNT COUNT 1",9
United States Investment Outcomes Monitor Emerging Trends and Dynamic Landscape 2025,"Market Trends VALUATIONS PROVE RESILIENT, BUT EXIT PROSPECTS ARE UNEVEN Figure 1",Share of VC Deal Count by Valuation Change UPUP FLAT FLAT DOWN DOWN 100% 90% 80% 70% 60% 50% 40% 30% 20% 10% 2015 2015 2016 2016 2017 2017 2018 2018 2019 2019 2020 2020 2021 2021 2022 2022 2023 2023 2024 2024 2025* 2025* *As of 9/24/2025 Figure 2: Share of VC Deal Investors by Lead and Follow-On Participation ALL FOLLOW-ON LEAD INVESTORS ALL FOLLOW-ON LEAD INVESTORS AT LEAST ONE NEW LEAD AT LEAST ONE NEW LEAD SHARE OF INSIDER-LED DEALS SHARE OF INSIDER-LED DEALS 100% 10% 90% 9% 80% 8% 70% 7% 60%,,,unclear,0.91,pending_high_confidence,"SECTION TWO Investment & Market Trends VALUATIONS PROVE RESILIENT, BUT EXIT PROSPECTS ARE UNEVEN Figure 1: Share of VC Deal Count by Valuation Change UPUP FLAT FLAT DOWN DOWN 100% 90% 80% 70% 60% 50% 40% 30% 20% 10% 2015 2015 2016 2016 2017 2017 2018 2018 2019 2019 2020 2020 2021 2021 2022 2022 2023 2023 2024 2024 2025* 2025* *As of 9/24/2025 Figure 2: Share of VC Deal Investors by Lead and Follow-On Participation ALL FOLLOW-ON LEAD INVESTORS ALL FOLLOW-ON LEAD INVESTORS AT LEAST ONE NEW LEAD AT",5
United States Investment Outcomes Monitor Emerging Trends and Dynamic Landscape 2025,MOSS ADAMS X BAKER TILLY United States Investment Outcomes Monitor / Spotlight,Tech Outpaces Life Sciences in Uneven Recovery,,,unclear,0.91,pending_high_confidence,Figure 10: Life Sciences VC Exit Activity EXIT VALUE EXIT VALUE ($ Billion) ($ Billion) EXIT COUNT EXIT COUNT (#) (#) $120 300 $100 250 $80 200 $60 150 $40 100 $20 50 2015 2015 2016 2016 2017 2017 2018 2018 2019 2019 2020 2020 2021 2021 2022 2022 2023 2023 2024 2024 2025* 2025* VALUE VALUE $30.6 $30.6 $25.0 $25.0 $23.2 $23.2 $48.0 $48.0 $48.2 $48.2 $56.7 $56.7 $104.0 $104.0 $21.2 $21.2 $21.6 $21.6 $31.1 $31.1 $19.2 $19.2 COUNT COUNT 158 158 135 135 131 131 178 178 185 185 196 196 281 281 139 139,11
United States Investment Outcomes Monitor Emerging Trends and Dynamic Landscape 2025,MOSS ADAMS X BAKER TILLY United States Investment Outcomes Monitor / Spotlight,Tech Outpaces Life Sciences in Uneven Recovery,,,unclear,0.91,pending_high_confidence,"SECTION THREE Spotlight: Tech Outpaces Life Sciences in Uneven Recovery Figure 9: Share of VC Exit Count by Vertical SAAS SAAS AI & ML AI & ML FINTECH FINTECH HEALTHTECH HEALTHTECH MOBILE MOBILE BIG DATA BIG DATA TECHNOLOGY, MEDIA & TECHNOLOGY, MEDIA & TELECOMMUNICATIONS TELECOMMUNICATIONS E-COMMERCE E-COMMERCE LIFE SCIENCES LIFE SCIENCES LIFESTYLE OF HEALTH & LIFESTYLE OF HEALTH & SUSTAINABILITY SUSTAINABILITY 100% 90% 80% 70% 60% 50% 40% 30% 20% 10% 2015 2015 2016 2016 2017 2017 2018 2018 2019",10
United States Investment Outcomes Monitor Emerging Trends and Dynamic Landscape 2025,SECTION THREE Spotlight,"Tech Outpaces Life Sciences in Uneven Recovery Figure 9: Share of VC Exit Count by Vertical SAAS SAAS AI & ML AI & ML FINTECH FINTECH HEALTHTECH HEALTHTECH MOBILE MOBILE BIG DATA BIG DATA TECHNOLOGY, MEDIA & TECHNOLOGY, MEDIA & TELECOMMUNICATIONS TELECOMMUNICATIONS E-COMMERCE E-COMMERCE LIFE SCIENCES LIFE SCIENCES LIFESTYLE OF HEALTH & LIFESTYLE OF HEALTH & SUSTAINABILITY SUSTAINABILITY 100% 90% 80% 70% 60% 50% 40% 30% 20% 10% 2015 2015 2016 2016 2017 2017 2018 2018 2019 2019 2020 2020 2021 2021",,,unclear,0.91,pending_high_confidence,"SECTION THREE Spotlight: Tech Outpaces Life Sciences in Uneven Recovery Figure 9: Share of VC Exit Count by Vertical SAAS SAAS AI & ML AI & ML FINTECH FINTECH HEALTHTECH HEALTHTECH MOBILE MOBILE BIG DATA BIG DATA TECHNOLOGY, MEDIA & TECHNOLOGY, MEDIA & TELECOMMUNICATIONS TELECOMMUNICATIONS E-COMMERCE E-COMMERCE LIFE SCIENCES LIFE SCIENCES LIFESTYLE OF HEALTH & LIFESTYLE OF HEALTH & SUSTAINABILITY SUSTAINABILITY 100% 90% 80% 70% 60% 50% 40% 30% 20% 10% 2015 2015 2016 2016 2017 2017 2018 2018 2019",10
United States Investment Outcomes Monitor Emerging Trends and Dynamic Landscape 2025,s Exit Bottleneck Grows SECTION THREE Spotlight,"Tech Outpaces Life Sciences in Uneven Recovery 09 SECTION FOUR Methodology  11 The material appearing in this presentation is for informational purposes only and should not be construed as advice of any kind, including, without limitation, legal, accounting, or investment advice",,,unclear,0.96,pending_high_confidence,"CONTENTS By the Numbers 02 SECTION ONE United States Investor Outcomes Overview 03 SECTION TWO Investment & Market Trends  04 • Valuations Prove Resilient, but Exit Prospects are Uneven • VC Odds Are Increasingly Concentrated • PE’s Exit Bottleneck Grows SECTION THREE Spotlight: Tech Outpaces Life Sciences in Uneven Recovery 09 SECTION FOUR Methodology  11 The material appearing in this presentation is for informational purposes only and should not be construed as advice of any kind, includ",2
Venture Monitor The definitive review of the US venture capital ecosystem Q4 2025 Sponsored by,Additional contributors,"Pamela Aldsworth, Co-Head of Venture Capital Relationships, Carly Roddy, Co-Head of Venture Capital Relationships, and Andy Kelly, Managing Director, Venture Capital Relationships The clouds continue to lift across the venture ecosystem The venture backdrop continues to improve, with the past year defined by robust capital deployment and several exit-market bright spots",,pitchbook,private,1,pending_high_confidence,"PITCHBOOK-NVCA VENTURE MONITOR 13 Sponsored by Sponsored by A WORD FROM J.P. MORGAN Our views on venture Ginger Chambless Head of Market Insights, Commercial Banking, J.P. Morgan Ginger Chambless is a Managing Director and Head of Market Insights for JPMorgan Chase Commercial Banking. In this role, she produces curated thought leadership content for commercial banking clients and internal teams. Her content focuses on economic and market insights, industry trends, and the capital markets. Additi",13
Venture Monitor The definitive review of the US venture capital ecosystem Q4 2025 Sponsored by,AI is a primary driver of this divergence,A small cohort of Bay Area-based AI companies secured a significant share of total venture dollars in 2025,,pitchbook,private,1,pending_high_confidence,"PITCHBOOK-NVCA VENTURE MONITOR 10 Sponsored by Geographic concentration in deal activity also intensified in 2025. From 2022 to 2025, the West Coast’s share of US VC deal value rose from 48.6% to 64.5%, while its share of deal count remained relatively stable, indicating that more capital is consolidating within select ecosystems. This pattern is evident within the region as well. In 2025, the San Jose-San Francisco- Oakland combined statistical area (CSA) accounted for 52.4% of total US VC deal",10
Venture Monitor The definitive review of the US venture capital ecosystem Q4 2025 Sponsored by,billion early- stage round also stood out,"Founded less than a year ago, the company closed its first venture round with Jeff Bezos as both a co-founder and an investor",,pitchbook,private,1,pending_high_confidence,"PITCHBOOK-NVCA VENTURE MONITOR 9 Sponsored by strategic purposes. Collectively, these dynamics have propelled later-stage deal value upward despite broader market caution. AI continued to anchor total deal value in Q4. 11 rounds reached or exceeded $1 billion, and the eight largest deals were all AI related. The top 11 deals totaled $37.4 billion, representing 41% of quarterly deal value and underscoring the market’s continued concentration in a small set of high-profile raises. In 2025, AI acco",9
Venture Monitor The definitive review of the US venture capital ecosystem Q4 2025 Sponsored by,"changes to a few of those elements, effective for stock issued after July 4, 2025","• In order to get the full 100% gain exclusion, investors must now hold the investment for at least five years, eliminating the “and-a-day” requirement",,pitchbook,private,1,pending_high_confidence,"PITCHBOOK-NVCA VENTURE MONITOR 27 Sponsored by A WORD FROM EISNERAMPER A deeper dive into the OBBBA’s impact on the venture community and beyond On July 4, 2025, the One Big Beautiful Bill Act (OBBBA) became law, marking the largest tax package since 2017 and reshaping several provisions that will have a significant impact on venture investors and their portfolio companies. The most consequential elements for the venture ecosystem stem from the OBBBA’s extensions and expansions of the Tax Cuts a",27
Venture Monitor The definitive review of the US venture capital ecosystem Q4 2025 Sponsored by,Deals by sector,"AI & ML 16 Deals by sector: Life sciences 17 Female founders 18 A word from Dentons Global Venture Technology Group 20 Investor trends 23 Venture debt 25 A word from EisnerAmper 27 Exits 30 Fundraising and performance 33 Methodology 37 PitchBook Data, Inc",,pitchbook,private,1,pending_high_confidence,"PITCHBOOK-NVCA VENTURE MONITOR 2 Sponsored by Contents Sponsored by Market overview 4 NVCA policy highlights 7 Dealmaking 8 A word from J.P. Morgan 13 Regional spotlight 15 Deals by sector: AI & ML 16 Deals by sector: Life sciences 17 Female founders 18 A word from Dentons Global Venture Technology Group 20 Investor trends 23 Venture debt 25 A word from EisnerAmper 27 Exits 30 Fundraising and performance 33 Methodology 37 PitchBook Data, Inc. NIZAR TARHUNI Executive Vice President",2
Venture Monitor The definitive review of the US venture capital ecosystem Q4 2025 Sponsored by,Early stage,"Rounds are generally classified as Series A or B (which we typically aggregate together as early stage) either by the series of stock issued in the financing or, if that information is unavailable, by a series of factors, including the age of the company, prior financing history, company status, and participating investors",,pitchbook,private,1,pending_high_confidence,"PITCHBOOK-NVCA VENTURE MONITOR 37 Sponsored by Methodology Deals We include equity investments into startup companies from an outside source. Investment does not necessarily have to be taken from an institutional investor. This can include investment from individual angel investors, angel groups, seed funds, VC firms, corporate venture firms, corporate investors, and institutions, among others. Investments received as part of an accelerator program are not included; however, if the accelerator c",37
Venture Monitor The definitive review of the US venture capital ecosystem Q4 2025 Sponsored by,largest listings of 2025 shared a common thread,"alignment with the Trump administration’s priorities in sectors such as AI, space, crypto, fintech, and national security",,pitchbook,private,1,pending_high_confidence,"PITCHBOOK-NVCA VENTURE MONITOR 30 Sponsored by Exits 2025 had the fourth-highest exit value of the past decade VC exit activity $114.7 $99.4 $143.3 $171.8 $302.0 $340.0 $864.2 $150.7 $117.0 $154.5 $297.6 1,143 1,080 1,105 1,315 1,362 1,297 2,060 1,475 1,193 1,273 1,635 Exit value ($B) Exit count Estimated exit count 2015 2016 2017 2018 2019 2020 2021 2022 2023 2024 2025 PitchBook-NVCA Venture Monitor • As of December 31, 2025 Favorable policies for certain sectors propelled 2025 exits VC exit ac",30
Venture Monitor The definitive review of the US venture capital ecosystem Q4 2025 Sponsored by,Late stage,"Rounds are generally classified as Series C or D or later (which we typically aggregate together as late stage) either by the series of stock issued in the financing or, if that information is unavailable, by a series of factors, including the age of the company, prior financing history, company status, and participating investors",,pitchbook,private,1,pending_high_confidence,"PITCHBOOK-NVCA VENTURE MONITOR 37 Sponsored by Methodology Deals We include equity investments into startup companies from an outside source. Investment does not necessarily have to be taken from an institutional investor. This can include investment from individual angel investors, angel groups, seed funds, VC firms, corporate venture firms, corporate investors, and institutions, among others. Investments received as part of an accelerator program are not included; however, if the accelerator c",37
Venture Monitor The definitive review of the US venture capital ecosystem Q4 2025 Sponsored by,Log in today to,Fundraise faster,,pitchbook,private,1,pending_high_confidence,"A Perfect Partnership PitchBook and the National Venture Capital Association The PitchBook and National Venture Capital Association (NVCA) partnership utilizes the most accurate, most comprehensive data to advance the US venture capital community. The PitchBook-NVCA Venture Monitor PitchBook and NVCA partner quarterly to produce the Venture Monitor Report and webinar. The report provides a deep dive into venture capital activity, offering insights to help inform your investment strategy. NVCA Me",38
Venture Monitor The definitive review of the US venture capital ecosystem Q4 2025 Sponsored by,Nontraditional investors,“CVC” includes rounds executed by established CVC arms as well as direct equity investments by corporations into VC-backed companies,,pitchbook,private,1,pending_high_confidence,"PITCHBOOK-NVCA VENTURE MONITOR 37 Sponsored by Methodology Deals We include equity investments into startup companies from an outside source. Investment does not necessarily have to be taken from an institutional investor. This can include investment from individual angel investors, angel groups, seed funds, VC firms, corporate venture firms, corporate investors, and institutions, among others. Investments received as part of an accelerator program are not included; however, if the accelerator c",37
Venture Monitor The definitive review of the US venture capital ecosystem Q4 2025 Sponsored by,OBBBA modified the QOZ provisions as follows,"• The bill removed the 2026 sunset of the provision, now making it permanent law",,pitchbook,private,1,pending_high_confidence,"PITCHBOOK-NVCA VENTURE MONITOR 28 Sponsored by Sponsored by reducing the capital gain rate from 20% to 18%. • If the QOF investment was held for at least seven years, the original gain would have a basis step-up—effectively reducing the capital gain rate from 20% to 17%. • If the QOF investment was held for at least 10 years, the taxpayer could elect to increase their basis in the QOF to the fair market value the date the investment was sold, resulting in the entire gain being excluded from taxa",28
Venture Monitor The definitive review of the US venture capital ecosystem Q4 2025 Sponsored by,original provision included key beneficial tax features,"• If the QOF investment was held for at least five years, the original gain would have a basis step-up—effectively Navin Sethi Tax Partner, EisnerAmper Navin is a tax partner in the firm’s Financial Services Group",,pitchbook,private,1,pending_high_confidence,"PITCHBOOK-NVCA VENTURE MONITOR 27 Sponsored by A WORD FROM EISNERAMPER A deeper dive into the OBBBA’s impact on the venture community and beyond On July 4, 2025, the One Big Beautiful Bill Act (OBBBA) became law, marking the largest tax package since 2017 and reshaping several provisions that will have a significant impact on venture investors and their portfolio companies. The most consequential elements for the venture ecosystem stem from the OBBBA’s extensions and expansions of the Tax Cuts a",27
Venture Monitor The definitive review of the US venture capital ecosystem Q4 2025 Sponsored by,Pre-seed/seed,"When the investors and/or press release state that a round is a pre-seed or seed financing, it is tagged as such",,pitchbook,private,1,pending_high_confidence,"PITCHBOOK-NVCA VENTURE MONITOR 37 Sponsored by Methodology Deals We include equity investments into startup companies from an outside source. Investment does not necessarily have to be taken from an institutional investor. This can include investment from individual angel investors, angel groups, seed funds, VC firms, corporate venture firms, corporate investors, and institutions, among others. Investments received as part of an accelerator program are not included; however, if the accelerator c",37
Venture Monitor The definitive review of the US venture capital ecosystem Q4 2025 Sponsored by,ution to the macro and market environment has been significant on multiple fronts,"the capital flow into building datacenters, strong earnings growth of AI hyperscalers, and optimism around the potential benefits to labor productivity and economic growth over time",,pitchbook,private,1,pending_high_confidence,"PITCHBOOK-NVCA VENTURE MONITOR 13 Sponsored by Sponsored by A WORD FROM J.P. MORGAN Our views on venture Ginger Chambless Head of Market Insights, Commercial Banking, J.P. Morgan Ginger Chambless is a Managing Director and Head of Market Insights for JPMorgan Chase Commercial Banking. In this role, she produces curated thought leadership content for commercial banking clients and internal teams. Her content focuses on economic and market insights, industry trends, and the capital markets. Additi",13
Venture Monitor The definitive review of the US venture capital ecosystem Q4 2025 Sponsored by,Venture debt,"The venture debt dataset is inclusive of all types of debt products raised by VC-backed companies, regardless of the stage of company",,pitchbook,private,1,pending_high_confidence,"PITCHBOOK-NVCA VENTURE MONITOR 37 Sponsored by Methodology Deals We include equity investments into startup companies from an outside source. Investment does not necessarily have to be taken from an institutional investor. This can include investment from individual angel investors, angel groups, seed funds, VC firms, corporate venture firms, corporate investors, and institutions, among others. Investments received as part of an accelerator program are not included; however, if the accelerator c",37
"Venture Pulse Q4 2024 Global analysis of venture funding January 15, 2025",Acquisition Buyout Public listing,"Venture Pulse, Q4’24, Global Analysis of Venture Funding, KPMG Private Enterprise",,"Venture Pulse, Q4’24, Global Analysis of Venture Funding, KPMG Private Enterprise",unclear,1,pending_high_confidence,"15 © 2025 Copyright owned by one or more of the KPMG International entities. KPMG International entities provide no services to clients. All rights reserved. #Q4VC M&A remains the driver of counts, but IPOs have yet to boost exit value Global venture-backed exit activity (#) by type 2018–2024* 0 500 1,000 1,500 2,000 2,500 3,000 3,500 4,000 4,500 5,000 2018 2019 2020 2021 2022 2023 2024* Acquisition Buyout Public listing Global venture-backed exit activity ($B) by type 2018–2024* $0 $200 $400 $6",15
"Venture Pulse Q4 2024 Global analysis of venture funding January 15, 2025",Acquisition Buyout Public listing,"Venture Pulse, Q4’24, Global Analysis of Venture Funding, KPMG Private Enterprise",,"Venture Pulse, Q4’24, Global Analysis of Venture Funding, KPMG Private Enterprise",unclear,1,pending_high_confidence,"30 © 2025 Copyright owned by one or more of the KPMG International entities. KPMG International entities provide no services to clients. All rights reserved. #Q4VC M&A volume holds steady from 2023 Venture-backed exit activity (#) by type in the US 2018–2024* 0 500 1,000 1,500 2,000 2,500 2018 2019 2020 2021 2022 2023 2024* Acquisition Buyout Public listing Venture-backed exit activity ($B) by type in the US 2018–2024* $0 $100 $200 $300 $400 $500 $600 $700 $800 $900 2018 2019 2020 2021 2022 2023",30
"Venture Pulse Q4 2024 Global analysis of venture funding January 15, 2025",C B A Angel Seed Pre-seed,"Venture Pulse, Q4’24, Global Analysis of Venture Funding, KPMG Private Enterprise",,"Venture Pulse, Q4’24, Global Analysis of Venture Funding, KPMG Private Enterprise",unclear,1,pending_high_confidence,"26 © 2025 Copyright owned by one or more of the KPMG International entities. KPMG International entities provide no services to clients. All rights reserved. #Q4VC VC invested in mid-capital stack continues to swell Deal share by series in the US 2018–2024*, number of closed deals 0% 10% 20% 30% 40% 50% 60% 70% 80% 90% 100% 2018 2019 2020 2021 2022 2023 2024* D+ C B A Angel Seed Pre-seed Deal share by series in the US 2018–2024*, VC invested ($B) 0% 10% 20% 30% 40% 50% 60% 70% 80% 90% 100% 2018 ",26
"Venture Pulse Q4 2024 Global analysis of venture funding January 15, 2025",C B A Angel Seed Pre-seed,"Venture Pulse, Q4’24, Global Analysis of Venture Funding, KPMG Private Enterprise",,"Venture Pulse, Q4’24, Global Analysis of Venture Funding, KPMG Private Enterprise",unclear,1,pending_high_confidence,"41 © 2025 Copyright owned by one or more of the KPMG International entities. KPMG International entities provide no services to clients. All rights reserved. #Q4VC Capital concentrates in midstage rounds still Deal share by series in the Americas 2018–2024*, number of closed deals 0% 10% 20% 30% 40% 50% 60% 70% 80% 90% 100% 2018 2019 2020 2021 2022 2023 2024* D+ C B A Angel Seed Pre-seed Deal share by series in the Americas 2018–2024*, VC invested ($B) 0% 10% 20% 30% 40% 50% 60% 70% 80% 90% 100%",41
"Venture Pulse Q4 2024 Global analysis of venture funding January 15, 2025",C B A Angel Seed Pre-seed,"Venture Pulse, Q4’24, Global Analysis of Venture Funding, KPMG Private Enterprise",,"Venture Pulse, Q4’24, Global Analysis of Venture Funding, KPMG Private Enterprise",unclear,1,pending_high_confidence,"11 © 2025 Copyright owned by one or more of the KPMG International entities. KPMG International entities provide no services to clients. All rights reserved. #Q4VC Midstage rounds still dominate, but later rounds did see an uptick in VC invested Global deal share by series 2018–2024*, number of closed deals 0% 10% 20% 30% 40% 50% 60% 70% 80% 90% 100% 2018 2019 2020 2021 2022 2023 2024* D+ C B A Angel Seed Pre-seed Global deal share by series 2018–2024*, VC invested ($B) 0% 10% 20% 30% 40% 50% 60",11
"Venture Pulse Q4 2024 Global analysis of venture funding January 15, 2025",Corporate,Corporate rounds of funding for currently venture-backed startups that meet the criteria for other PitchBook venture financings are included in the Venture Pulse as of March 2018,,pitchbook,private,1,pending_high_confidence,"95 © 2025 Copyright owned by one or more of the KPMG International entities. KPMG International entities provide no services to clients. All rights reserved. #Q4VC About the report Methodology KPMG uses PitchBook as the provider of venture data for the Venture Pulse report Please note that the MESA and Africa regions are NOT broken out in this report. Accordingly, if you add up the Americas, Asia-Pacific and Europe regional totals, they will not match the global total, as the global total consid",95
"Venture Pulse Q4 2024 Global analysis of venture funding January 15, 2025",Corporate venture capital,Financings classified as corporate venture capital include rounds that saw both firms investing via established CVC arms or corporations making equity investments off balance sheets or whatever other non-CVC method is employed,,pitchbook,private,1,pending_high_confidence,"95 © 2025 Copyright owned by one or more of the KPMG International entities. KPMG International entities provide no services to clients. All rights reserved. #Q4VC About the report Methodology KPMG uses PitchBook as the provider of venture data for the Venture Pulse report Please note that the MESA and Africa regions are NOT broken out in this report. Accordingly, if you add up the Americas, Asia-Pacific and Europe regional totals, they will not match the global total, as the global total consid",95
"Venture Pulse Q4 2024 Global analysis of venture funding January 15, 2025",Deal count,"Venture Pulse, Q4’24, Global Analysis of Venture Funding, KPMG Private Enterprise",,"Venture Pulse, Q4’24, Global Analysis of Venture Funding, KPMG Private Enterprise",unclear,1,pending_high_confidence,"14 © 2025 Copyright owned by one or more of the KPMG International entities. KPMG International entities provide no services to clients. All rights reserved. #Q4VC Exits remain subdued, contributing to fundraising’s sluggishness Global unicorn rounds 2018–Q4’24 $21.1 $28.5 $23.4 $39.1 $22.5 $20.6 $29.4 $30.1 $17.7 $21.8 $30.9 $35.7 $62.0 $60.6 $72.9 $75.6 $54.3 $45.2 $19.4 $22.7 $31.3 $16.2 $18.1 $17.3 $20.0 $25.1 $22.4 $49.2 0 50 100 150 200 250 300 $0 $10 $20 $30 $40 $50 $60 $70 $80 Q1 Q2 Q3 Q",14
"Venture Pulse Q4 2024 Global analysis of venture funding January 15, 2025",Deal count,"Venture Pulse, Q4’24, Global Analysis of Venture Funding, KPMG Private Enterprise",,"Venture Pulse, Q4’24, Global Analysis of Venture Funding, KPMG Private Enterprise",unclear,1,pending_high_confidence,"43 © 2025 Copyright owned by one or more of the KPMG International entities. KPMG International entities provide no services to clients. All rights reserved. #Q4VC Canada sees a big H2 to close 2024 strong Venture financing in Canada 2018–Q4’24 $840.9 $1,417.5 $765.0 $935.9 $1,234.2 $1,131.1 $1,866.9 $1,446.2 $1,182.9 $1,011.6 $1,016.0 $1,214.5 $2,889.9 $5,090.1 $2,477.1 $3,182.2 $3,885.8 $2,174.7 $1,464.7 $2,206.2 $1,741.3 $1,933.6 $1,019.5 $2,010.7 $928.1 $1,428.1 $2,428.6 $2,538.7 0 50 100 15",43
"Venture Pulse Q4 2024 Global analysis of venture funding January 15, 2025",Deal count,"Venture Pulse, Q4’24, Global Analysis of Venture Funding, KPMG Private Enterprise",,"Venture Pulse, Q4’24, Global Analysis of Venture Funding, KPMG Private Enterprise",unclear,1,pending_high_confidence,"28 © 2025 Copyright owned by one or more of the KPMG International entities. KPMG International entities provide no services to clients. All rights reserved. #Q4VC 2024 sees first-time VC invested resurge Corporate participation in venture deals in the US 2018–Q4’24 $13.6 $16.8 $17.6 $25.5 $17.7 $18.8 $16.4 $14.5 $19.6 $19.6 $27.1 $23.6 $40.0 $42.4 $46.2 $49.8 $37.7 $39.0 $21.1 $17.8 $34.9 $15.3 $18.0 $16.4 $23.4 $28.0 $20.9 $35.2 0 200 400 600 800 1,000 1,200 1,400 $0 $10 $20 $30 $40 $50 $60 Q1",28
"Venture Pulse Q4 2024 Global analysis of venture funding January 15, 2025",Deal count,"Venture Pulse, Q4’24, Global Analysis of Venture Funding, KPMG Private Enterprise",,"Venture Pulse, Q4’24, Global Analysis of Venture Funding, KPMG Private Enterprise",unclear,1,pending_high_confidence,"44 © 2025 Copyright owned by one or more of the KPMG International entities. KPMG International entities provide no services to clients. All rights reserved. #Q4VC Mexico sees a healthy back-to-back quarter in VC invested Venture financing in Mexico 2018–Q4’24 $225.7 $77.3 $272.6 $83.6 $319.4 $1,149.7 $153.6 $285.1 $81.0 $57.0 $395.9 $637.2 $349.2 $1,307.9 $2,440.2 $550.3 $904.3 $970.6 $388.6 $239.9 $142.9 $108.7 $318.1 $158.7 $50.8 $288.6 $423.2 $440.1 0 10 20 30 40 50 60 70 80 $0 $500 $1,000 $",44
"Venture Pulse Q4 2024 Global analysis of venture funding January 15, 2025",Deal count,"Venture Pulse, Q4’24, Global Analysis of Venture Funding, KPMG Private Enterprise",,"Venture Pulse, Q4’24, Global Analysis of Venture Funding, KPMG Private Enterprise",unclear,1,pending_high_confidence,"45 © 2025 Copyright owned by one or more of the KPMG International entities. KPMG International entities provide no services to clients. All rights reserved. #Q4VC Brazil sees VC activity hold steady after variability in VC invested Venture financing in Brazil 2018–Q4’24 $422.0 $121.4 $286.7 $1,015.5 $125.4 $554.8 $1,035.1 $388.2 $689.9 $585.6 $588.4 $794.1 $1,005.7 $1,759.8 $2,342.3 $2,250.0 $1,858.2 $858.4 $894.7 $343.7 $361.4 $315.0 $529.7 $629.2 $449.8 $822.6 $484.0 $586.1 0 50 100 150 200 2",45
"Venture Pulse Q4 2024 Global analysis of venture funding January 15, 2025",Deal count,"Venture Pulse, Q4’24, Global Analysis of Venture Funding, KPMG Private Enterprise",,"Venture Pulse, Q4’24, Global Analysis of Venture Funding, KPMG Private Enterprise",unclear,1,pending_high_confidence,"13 © 2025 Copyright owned by one or more of the KPMG International entities. KPMG International entities provide no services to clients. All rights reserved. #Q4VC First-time financings outpace 2023, just barely, in VC invested Corporate VC participation in global venture deals 2018–Q4’24 $39.4 $55.4 $43.8 $48.2 $38.3 $36.4 $37.2 $51.1 $38.5 $39.7 $57.5 $62.7 $83.0 $86.2 $112.5 $115.3 $93.2 $77.9 $50.3 $49.6 $56.1 $40.7 $42.5 $38.7 $44.2 $48.5 $40.4 $51.9 0 500 1,000 1,500 2,000 2,500 3,000 3,50",13
"Venture Pulse Q4 2024 Global analysis of venture funding January 15, 2025",Deal count,"Venture Pulse, Q4’24, Global Analysis of Venture Funding, KPMG Private Enterprise",,"Venture Pulse, Q4’24, Global Analysis of Venture Funding, KPMG Private Enterprise",unclear,1,pending_high_confidence,"61 © 2025 Copyright owned by one or more of the KPMG International entities. KPMG International entities provide no services to clients. All rights reserved. #Q4VC A handful of larger deals ends 2024 on a good note Venture financing in the United Kingdom 2018–Q4’24 $3.1 $2.6 $3.0 $3.8 $4.3 $3.7 $3.3 $3.8 $3.3 $3.8 $4.4 $6.3 $8.5 $8.7 $10.0 $8.7 $10.8 $9.1 $6.1 $5.4 $4.1 $4.5 $6.8 $4.9 $3.2 $7.0 $3.8 $5.4 0 200 400 600 800 1,000 1,200 1,400 $0 $2 $4 $6 $8 $10 $12 Q1 Q2 Q3 Q4 Q1 Q2 Q3 Q4 Q1 Q2 Q3 ",61
"Venture Pulse Q4 2024 Global analysis of venture funding January 15, 2025",Deal count Pre-seed/Seed Early VC Later VC Venture growth,"Venture Pulse, Q4’24, Global Analysis of Venture Funding, KPMG Private Enterprise",,"Venture Pulse, Q4’24, Global Analysis of Venture Funding, KPMG Private Enterprise",unclear,1,pending_high_confidence,"22 © 2025 Copyright owned by one or more of the KPMG International entities. KPMG International entities provide no services to clients. All rights reserved. #Q4VC A huge surge in VC invested in Q4 signals guarded optimism Venture financing in the US 2018–Q4’24 $31.8 $31.9 $35.2 $47.8 $41.7 $38.6 $38.1 $35.5 $39.4 $38.9 $48.5 $47.9 $79.5 $84.2 $90.9 $100.0 $79.9 $75.3 $44.9 $38.1 $53.5 $35.7 $35.0 $37.9 $41.1 $49.5 $43.8 $74.6 0 1,000 2,000 3,000 4,000 5,000 6,000 $0 $20 $40 $60 $80 $100 $120 Q1",22
"Venture Pulse Q4 2024 Global analysis of venture funding January 15, 2025",Deal count Pre-seed/Seed Early VC Later VC Venture growth,"Venture Pulse, Q4’24, Global Analysis of Venture Funding, KPMG Private Enterprise",,"Venture Pulse, Q4’24, Global Analysis of Venture Funding, KPMG Private Enterprise",unclear,1,pending_high_confidence,"50 © 2025 Copyright owned by one or more of the KPMG International entities. KPMG International entities provide no services to clients. All rights reserved. #Q4VC Europe sees a steady level of VC activity continue Venture financing in Europe 2018–Q4’24 $10.2 $8.7 $9.2 $10.9 $12.0 $12.3 $11.3 $11.9 $11.5 $11.8 $18.0 $17.8 $27.5 $38.9 $30.2 $31.3 $36.9 $31.1 $20.4 $20.0 $14.5 $16.1 $21.1 $15.8 $15.4 $17.6 $13.7 $15.6 0 500 1,000 1,500 2,000 2,500 3,000 3,500 4,000 4,500 5,000 $0 $5 $10 $15 $20 $2",50
"Venture Pulse Q4 2024 Global analysis of venture funding January 15, 2025",Deal count Pre-seed/Seed Early VC Later VC Venture growth,"Venture Pulse, Q4’24, Global Analysis of Venture Funding, KPMG Private Enterprise",,"Venture Pulse, Q4’24, Global Analysis of Venture Funding, KPMG Private Enterprise",unclear,1,pending_high_confidence,"7 © 2025 Copyright owned by one or more of the KPMG International entities. KPMG International entities provide no services to clients. All rights reserved. #Q4VC The new normal sees a hint of optimism in mega-rounds Global venture financing 2018–Q4’24 $80.7 $90.9 $81.4 $97.6 $81.6 $74.6 $87.6 $95.3 $76.9 $78.2 $103.9 $117.6 $164.8 $175.5 $197.8 $213.3 $177.2 $150.5 $105.2 $94.4 $99.4 $85.3 $83.4 $81.4 $84.0 $91.2 $84.5 $108.6 0 2,000 4,000 6,000 8,000 10,000 12,000 14,000 16,000 18,000 $0 $50 $",7
"Venture Pulse Q4 2024 Global analysis of venture funding January 15, 2025",Deal count Pre-seed/Seed Early VC Later VC Venture growth,"Venture Pulse, Q4’24, Global Analysis of Venture Funding, KPMG Private Enterprise",,"Venture Pulse, Q4’24, Global Analysis of Venture Funding, KPMG Private Enterprise",unclear,1,pending_high_confidence,"37 © 2025 Copyright owned by one or more of the KPMG International entities. KPMG International entities provide no services to clients. All rights reserved. #Q4VC Dealmaking has established a healthy if not historic level Venture financing in the Americas 2018–Q4’24 $33.6 $33.6 $36.6 $50.0 $43.5 $41.5 $41.2 $37.9 $41.5 $40.7 $50.9 $50.7 $84.2 $93.2 $100.7 $107.7 $88.2 $80.4 $48.7 $41.3 $56.1 $38.5 $37.3 $41.1 $43.0 $52.6 $47.4 $78.7 0 1,000 2,000 3,000 4,000 5,000 6,000 7,000 $0 $20 $40 $60 $80",37
"Venture Pulse Q4 2024 Global analysis of venture funding January 15, 2025",Early-stage,"Rounds are generally classified as Series A or B (which we typically aggregate together as early-stage) either by the series of stock issued in the financing or, if that information is unavailable, by a series of factors including: the age of the company, prior financing history, company status, participating investors, and more",,pitchbook,private,1,pending_high_confidence,"95 © 2025 Copyright owned by one or more of the KPMG International entities. KPMG International entities provide no services to clients. All rights reserved. #Q4VC About the report Methodology KPMG uses PitchBook as the provider of venture data for the Venture Pulse report Please note that the MESA and Africa regions are NOT broken out in this report. Accordingly, if you add up the Americas, Asia-Pacific and Europe regional totals, they will not match the global total, as the global total consid",95
"Venture Pulse Q4 2024 Global analysis of venture funding January 15, 2025",Exit count,"Venture Pulse, Q4’24, Global Analysis of Venture Funding, KPMG Private Enterprise",,"Venture Pulse, Q4’24, Global Analysis of Venture Funding, KPMG Private Enterprise",unclear,1,pending_high_confidence,"29 © 2025 Copyright owned by one or more of the KPMG International entities. KPMG International entities provide no services to clients. All rights reserved. #Q4VC Exits have evened out into a subdued pace, even compared to pre-2020 Venture-backed exit activity in the US 2018–Q4'24 $40.4 $48.5 $42.4 $45.7 $64.3 $155.9 $55.4 $36.6 $27.5 $44.5 $111.8 $154.8 $132.2 $255.7 $235.6 $218.0 $53.1 $42.5 $31.1 $21.3 $24.0 $18.9 $50.8 $26.3 $37.5 $46.9 $27.8 $37.0 0 100 200 300 400 500 600 $0 $50 $100 $150",29
"Venture Pulse Q4 2024 Global analysis of venture funding January 15, 2025",Exit count Note,"Exit value for initial public offerings is based on pre-IPO valuation, not the size of the offering itself",,"Venture Pulse, Q4’24, Global Analysis of Venture Funding, KPMG Private Enterprise",unclear,1,pending_high_confidence,"14 © 2025 Copyright owned by one or more of the KPMG International entities. KPMG International entities provide no services to clients. All rights reserved. #Q4VC Exits remain subdued, contributing to fundraising’s sluggishness Global unicorn rounds 2018–Q4’24 $21.1 $28.5 $23.4 $39.1 $22.5 $20.6 $29.4 $30.1 $17.7 $21.8 $30.9 $35.7 $62.0 $60.6 $72.9 $75.6 $54.3 $45.2 $19.4 $22.7 $31.3 $16.2 $18.1 $17.3 $20.0 $25.1 $22.4 $49.2 0 50 100 150 200 250 300 $0 $10 $20 $30 $40 $50 $60 $70 $80 Q1 Q2 Q3 Q",14
"Venture Pulse Q4 2024 Global analysis of venture funding January 15, 2025",First-time Follow-on,"Venture Pulse, Q4’24, Global Analysis of Venture Funding, KPMG Private Enterprise",,"Venture Pulse, Q4’24, Global Analysis of Venture Funding, KPMG Private Enterprise",unclear,1,pending_high_confidence,33 © 2025 Copyright owned by one or more of the KPMG International entities. KPMG International entities provide no services to clients. All rights reserved. #Q4VC Allocators favored follow-on funds significantly last year First-time vs. follow-on funds (#) in the US 2018–2024* 0% 10% 20% 30% 40% 50% 60% 70% 80% 90% 100% 2018 2019 2020 2021 2022 2023 2024* First-time Follow-on First-time vs. follow-on funds ($B) in the US 2018–2024* 0% 10% 20% 30% 40% 50% 60% 70% 80% 90% 100% 2018 2019 2020 2021,33
"Venture Pulse Q4 2024 Global analysis of venture funding January 15, 2025",First-time Follow-on,"Venture Pulse, Q4’24, Global Analysis of Venture Funding, KPMG Private Enterprise",,"Venture Pulse, Q4’24, Global Analysis of Venture Funding, KPMG Private Enterprise",unclear,1,pending_high_confidence,17 © 2025 Copyright owned by one or more of the KPMG International entities. KPMG International entities provide no services to clients. All rights reserved. #Q4VC Fundraising tilted in count toward midsized vehicles Global venture fundraising (#) by size 2018–2024* 0% 10% 20% 30% 40% 50% 60% 70% 80% 90% 100% 2018 2019 2020 2021 2022 2023 2024* $1B+ $500M-$1B $250M-$500M $100M-$250M $50M-$100M Under $50M Global first-time vs. follow-on venture funds (#) 2018–2024* 0% 10% 20% 30% 40% 50% 60% 70% ,17
"Venture Pulse Q4 2024 Global analysis of venture funding January 15, 2025",following industries are excluded from growth equity financing calculations,"buildings and property, thrifts and mortgage finance, real estate investment trusts, and oil & gas equipment, utilities, exploration, production and refining",,pitchbook,private,1,pending_high_confidence,"95 © 2025 Copyright owned by one or more of the KPMG International entities. KPMG International entities provide no services to clients. All rights reserved. #Q4VC About the report Methodology KPMG uses PitchBook as the provider of venture data for the Venture Pulse report Please note that the MESA and Africa regions are NOT broken out in this report. Accordingly, if you add up the Americas, Asia-Pacific and Europe regional totals, they will not match the global total, as the global total consid",95
"Venture Pulse Q4 2024 Global analysis of venture funding January 15, 2025",Fund count,"Venture Pulse, Q4’24, Global Analysis of Venture Funding, KPMG Private Enterprise",,"Venture Pulse, Q4’24, Global Analysis of Venture Funding, KPMG Private Enterprise",unclear,1,pending_high_confidence,"31 © 2025 Copyright owned by one or more of the KPMG International entities. KPMG International entities provide no services to clients. All rights reserved. #Q4VC Fundraising finishes 2024 down from the peaks of 2021-2022 US venture fundraising 2018–2024* $70.0 $73.0 $96.2 $176.2 $188.5 $97.5 $76.1 0 200 400 600 800 1,000 1,200 1,400 1,600 1,800 $0 $20 $40 $60 $80 $100 $120 $140 $160 $180 $200 2018 2019 2020 2021 2022 2023 2024* Capital raised ($B) Fund count Source: Venture Pulse, Q4’24, Globa",31
"Venture Pulse Q4 2024 Global analysis of venture funding January 15, 2025",Fund count,"Venture Pulse, Q4’24, Global Analysis of Venture Funding, KPMG Private Enterprise",,"Venture Pulse, Q4’24, Global Analysis of Venture Funding, KPMG Private Enterprise",unclear,1,pending_high_confidence,"59 © 2025 Copyright owned by one or more of the KPMG International entities. KPMG International entities provide no services to clients. All rights reserved. #Q4VC Fundraising rallies in overall capital commitments to match 2023 European venture fundraising 2018–2024* $20.1 $26.8 $34.0 $40.0 $36.2 $22.6 $22.5 0 100 200 300 400 500 600 $0 $5 $10 $15 $20 $25 $30 $35 $40 $45 2018 2019 2020 2021 2022 2023 2024* Capital raised ($B) Fund count Source: Venture Pulse, Q4’24, Global Analysis of Venture F",59
"Venture Pulse Q4 2024 Global analysis of venture funding January 15, 2025",Fund count,"Venture Pulse, Q4’24, Global Analysis of Venture Funding, KPMG Private Enterprise",,"Venture Pulse, Q4’24, Global Analysis of Venture Funding, KPMG Private Enterprise",unclear,1,pending_high_confidence,"16 © 2025 Copyright owned by one or more of the KPMG International entities. KPMG International entities provide no services to clients. All rights reserved. #Q4VC LPs backed some large funds to boost VC raised, but counts remain down Global venture fundraising 2018–2024* $380.3 $274.6 $274.8 $404.4 $357.2 $213.8 $169.7 0 500 1,000 1,500 2,000 2,500 3,000 3,500 4,000 4,500 $0 $50 $100 $150 $200 $250 $300 $350 $400 $450 2018 2019 2020 2021 2022 2023 2024* Capital raised ($B) Fund count Source: Ve",16
"Venture Pulse Q4 2024 Global analysis of venture funding January 15, 2025",Growth,"Financings tagged as Series E or later or deals involving companies that are at least seven years old and have raised at least six VC rounds will be included in this category, as of the Q4 2022 edition of Venture Pulse released in January 2023",,pitchbook,private,1,pending_high_confidence,"95 © 2025 Copyright owned by one or more of the KPMG International entities. KPMG International entities provide no services to clients. All rights reserved. #Q4VC About the report Methodology KPMG uses PitchBook as the provider of venture data for the Venture Pulse report Please note that the MESA and Africa regions are NOT broken out in this report. Accordingly, if you add up the Americas, Asia-Pacific and Europe regional totals, they will not match the global total, as the global total consid",95
"Venture Pulse Q4 2024 Global analysis of venture funding January 15, 2025",Late-stage,"Rounds are generally classified as Series C or D or later (which we typically aggregate together as late-stage) either by the series of stock issued in the financing or, if that information is unavailable, by a series of factors including: the age of the company, prior financing history, company status, participating investors, and more",,pitchbook,private,1,pending_high_confidence,"95 © 2025 Copyright owned by one or more of the KPMG International entities. KPMG International entities provide no services to clients. All rights reserved. #Q4VC About the report Methodology KPMG uses PitchBook as the provider of venture data for the Venture Pulse report Please note that the MESA and Africa regions are NOT broken out in this report. Accordingly, if you add up the Americas, Asia-Pacific and Europe regional totals, they will not match the global total, as the global total consid",95
"Venture Pulse Q4 2024 Global analysis of venture funding January 15, 2025",Late-stage VC,"Venture Pulse, Q4’24, Global Analysis of Venture Funding, KPMG Private Enterprise",,"Venture Pulse, Q4’24, Global Analysis of Venture Funding, KPMG Private Enterprise",unclear,1,pending_high_confidence,"© 2025 Copyright owned by one or more of the KPMG International entities. KPMG International entities provide no services to clients. All rights reserved. AI continues to draw in the bulk of all top deals Top 10 financings in Q4’24 in Americas 8 7 7 6 1 2 4 9 5 3 1. Databricks — $10B, San Francisco, US — Business software — Series J 2. OpenAI — $6.6B, San Francisco, US — AI & ML — Series B 3. AI — $6B, Burlingame, US — AI & ML — Series C 4. Waymo — $5.6B, Mountain View, US — Autonomous driving —",46
"Venture Pulse Q4 2024 Global analysis of venture funding January 15, 2025",Pre-seed/seed,The pre-seed stage encompasses a collection of emergent startups receiving the first check from at least one institutional investor to fuel their development growth,,pitchbook,private,1,pending_high_confidence,"95 © 2025 Copyright owned by one or more of the KPMG International entities. KPMG International entities provide no services to clients. All rights reserved. #Q4VC About the report Methodology KPMG uses PitchBook as the provider of venture data for the Venture Pulse report Please note that the MESA and Africa regions are NOT broken out in this report. Accordingly, if you add up the Americas, Asia-Pacific and Europe regional totals, they will not match the global total, as the global total consid",95
"Venture Pulse Q4 2024 Global analysis of venture funding January 15, 2025",Series H,"Venture Pulse, Q4’24, Global Analysis of Venture Funding, KPMG Private Enterprise",,"Venture Pulse, Q4’24, Global Analysis of Venture Funding, KPMG Private Enterprise",unclear,1,pending_high_confidence,"© 2025 Copyright owned by one or more of the KPMG International entities. KPMG International entities provide no services to clients. All rights reserved. AI & AI-driven platforms dominate, with a few exceptions Top 10 global financings in Q4’24 1 2 7 3 8 6 4 9 5 9 1. Databricks — $10B, San Francisco, US — Business software — Series J 2. OpenAI — $6.6B, San Francisco, US — AI & ML — Series B 3. xAI — $6B, Burlingame, US — AI & ML — Series C 4. Waymo — $5.6B, Mountain View, US — Autonomous drivin",18
Women in Business 2025 Impacting the missed generation,Chapter 5,Pressure from within – firms seize the opportunity 29 Grant Thornton Women in Business 2025 FOREWORD | CHAPTER ONE | CHAPTER TWO | CHAPTER THREE | CHAPTER FOUR | CHAPTER FIVE | CHAPTER SIX,,,unclear,0.91,pending_high_confidence,Chapter 5: Pressure from within – firms seize the opportunity 29 Grant Thornton Women in Business 2025 FOREWORD | CHAPTER ONE | CHAPTER TWO | CHAPTER THREE | CHAPTER FOUR | CHAPTER FIVE | CHAPTER SIX,29
Women in Business 2025 Impacting the missed generation,CHAPTER SIX,"Grant Thornton International Business Report (IBR) research BE BOLD, SET AMBITIOUS TARGETS Businesses must have a clear target on the percentage of women in senior management positions and consider going a step further and set targets on specific positions they would like to see women occupy",,,unclear,0.96,pending_high_confidence,"38 Grant Thornton Women in Business 2025 FOREWORD | CHAPTER ONE | CHAPTER TWO | CHAPTER THREE | CHAPTER FOUR | CHAPTER FIVE | CHAPTER SIX Source: Grant Thornton International Business Report (IBR) research BE BOLD, SET AMBITIOUS TARGETS Businesses must have a clear target on the percentage of women in senior management positions and consider going a step further and set targets on specific positions they would like to see women occupy. SUPPORT EVERY STAGE OF A WOMAN’S CAREER Firms need to put in",38
Women in Business 2025 Impacting the missed generation,CHAPTER SIX Global,Women in Business roles Chief Executive Officer / Managing Director Chief Operating Officer Chief Finance Officer Chief Information Officer Partner Chief Technology Officer Chairperson Human Resources Officer Chief Marketing Officer +1,,,unclear,0.96,pending_high_confidence,13 Grant Thornton Women in Business 2025 FOREWORD | CHAPTER ONE | CHAPTER TWO | CHAPTER THREE | CHAPTER FOUR | CHAPTER FIVE | CHAPTER SIX Global: Women in Business roles Chief Executive Officer / Managing Director Chief Operating Officer Chief Finance Officer Chief Information Officer Partner Chief Technology Officer Chairperson Human Resources Officer Chief Marketing Officer +1.6pp +5.7pp +2.8pp +2.6pp +8.4pp +0.2pp +2.3pp +1.9pp +5.1pp 11.2% 22.0% 8.1% 25.5% 21.7% 44.6% 47.6% 33.3% 22.8% 38.9%,13
Women in Business 2025 Impacting the missed generation,definition of mid-market varies across the world,"in mainland China, we interview businesses with USD 5 million to USD 500 million in revenue; in the United States, those with USD 100 million to USD 4 billion in annual revenues; in Europe, it’s commonly those with 50 to 500 employees",,survey,unclear,1,pending_high_confidence,"41 Grant Thornton Women in Business 2025 FOREWORD | CHAPTER ONE | CHAPTER TWO | CHAPTER THREE | CHAPTER FOUR | CHAPTER FIVE | CHAPTER SIX Methodology The International Business Report (IBR) is the world’s leading survey of mid-market companies. Launched in 1992, the IBR provides insights into the views and expectations of around 14,000 businesses. The research runs quarterly, interviewing senior leaders within mid-market organisations across 31 economies. Including chief executive officers, mana",41
Women in Business 2025 Impacting the missed generation,Grant Thornton Women in Business 2025,Grant Thornton International Business Report (IBR) research FOREWORD | CHAPTER ONE | CHAPTER TWO | CHAPTER THREE | CHAPTER FOUR | CHAPTER FIVE | CHAPTER SIX,,,unclear,0.96,pending_high_confidence,"FOREWORD | CHAPTER ONE | CHAPTER TWO | CHAPTER THREE | CHAPTER FOUR | CHAPTER FIVE | CHAPTER SIX The regional picture Percentage of senior management roles held by women in 2025, by geographical region South America 37.2% Global 34.0% Africa 36.6% Europe 34.9% Asia- Pacific 32.9% North America 34.0% 17 Grant Thornton Women in Business 2025 Source: Grant Thornton International Business Report (IBR) research FOREWORD | CHAPTER ONE | CHAPTER TWO | CHAPTER THREE | CHAPTER FOUR | CHAPTER FIVE | CHAPT",17
Women in Business 2025 Impacting the missed generation,impact of gender equality strategies businesses have put in place,Grant Thornton International Business Report (IBR) research 31,,Grant Thornton International Business Report (IBR) research 31,unclear,1,pending_high_confidence,"20 Grant Thornton Women in Business 2025 FOREWORD | CHAPTER ONE | CHAPTER TWO | CHAPTER THREE | CHAPTER FOUR | CHAPTER FIVE | CHAPTER SIX over the next 12 months. With a strong, diverse senior team in place, firms will be well placed to make the most of their investment. One in five (20.3%) say they have made their business attractive to prospective clients and investors. A similar proportion (19.3%) say equality strategies have led to better decision-making. These elements are crucial to the su",20
Women in Business 2025 Impacting the missed generation,"Jenn Barnett, Head of EDI and ESG, Grant Thornton UK, says","“If we are serious about tackling diversity, we have to work together",,,unclear,0.91,pending_high_confidence,"25 Grant Thornton Women in Business 2025 Mid-market businesses face significant pressure from external sources to improve their gender diversity. More than three-quarters (77.6%) of mid-market businesses have had a request from a client, investor, regulator, or another external source to see the gender balance of their senior management team or evidence of a commitment to a gender diversity program. And these pressures are powerful drivers of change. More than half (56.3%) of businesses who have",25
Women in Business 2025 Impacting the missed generation,Our Women in Business research demonstrates what many business leaders know,that gender balanced teams can bring better performance,,,unclear,0.91,pending_high_confidence,"4 Grant Thornton Women in Business 2025 FOREWORD | CHAPTER ONE | CHAPTER TWO | CHAPTER THREE | CHAPTER FOUR | CHAPTER FIVE | CHAPTER SIX Given that small and mid-market firms make up the largest part of the global economy, accounting for 90% of all businesses and creating two out of three jobs worldwide,2 there’s pressure and a responsibility to accelerate their action on gender. Our Women in Business research demonstrates what many business leaders know: that gender balanced teams can bring bet",4
Women in Business 2025 Impacting the missed generation,"rk capability, culture and corporate sustainability, Grant Thornton International",“We celebrate mid-market businesses for their agility and invention,,,unclear,0.91,pending_high_confidence,"37 Grant Thornton Women in Business 2025 FOREWORD | CHAPTER ONE | CHAPTER TWO | CHAPTER THREE | CHAPTER FOUR | CHAPTER FIVE | CHAPTER SIX Mid-market firms must act now to address the gender balance of their teams. The theme of this year’s International Women’s Day is ‘Accelerate Action’ and businesses must do this to avoid missing out on another generation of talent, investment, clients and, ultimately, the opportunity to grow. Karitha Ericson, Global leader, Network capability, culture and corp",37
Women in Business 2025 Impacting the missed generation,"rse range of opinions on the benefits of gender diversity, but one thing is clear",gender-balanced teams boost business performance and so action on diversity should be considered a business-critical priority,,Grant Thornton International Business Report (IBR) research 31,unclear,1,pending_high_confidence,"20 Grant Thornton Women in Business 2025 FOREWORD | CHAPTER ONE | CHAPTER TWO | CHAPTER THREE | CHAPTER FOUR | CHAPTER FIVE | CHAPTER SIX over the next 12 months. With a strong, diverse senior team in place, firms will be well placed to make the most of their investment. One in five (20.3%) say they have made their business attractive to prospective clients and investors. A similar proportion (19.3%) say equality strategies have led to better decision-making. These elements are crucial to the su",20
Women in Business 2025 Impacting the missed generation,s increased in the past 12 months 35 Grant Thornton Women in Business 2025,Grant Thornton International Business Report (IBR) research Source: Grant Thornton International Business Report (IBR) research Governance (Board appointments) 62,,Grant Thornton International Business Report (IBR) research Source: Grant Thornton International Business Report (IBR) research Governance (Board appointments) 62,unclear,1,pending_high_confidence,35 Grant Thornton Women in Business 2025 Top five gender equality targets mid-market businesses set Top five gender equality targets set where mid-market businesses say the percentage of women in senior leadership has increased in the past 12 months 35 Grant Thornton Women in Business 2025 Source: Grant Thornton International Business Report (IBR) research Source: Grant Thornton International Business Report (IBR) research Governance (Board appointments) 62.2% Networking opportunities 61.1% Exec,35
Women in Business 2025 Impacting the missed generation,s new equal pay law,a big step towards gender parity – International Bar Association 7,,,unclear,0.91,pending_high_confidence,"39 Grant Thornton Women in Business 2025 References 1. IWD 2025 campaign theme is ‘Accelerate Action’ – International Women’s Day 2. Small businesses are key to a more sustainable and inclusive world. Here’s why – World Economic Forum 3. The economic power of gender equality – European Investment Bank 4. The business case for diversity in the workplace is now overwhelming – World Economic Forum 5. In previous years, we have used the term Latin America to refer to the countries we now term as ",39
Women in Business 2025 Impacting the missed generation,s report,"Be bold, set ambitious targets on senior positions",,,unclear,0.91,pending_high_confidence,"5 Grant Thornton Women in Business 2025 FOREWORD | CHAPTER ONE | CHAPTER TWO | CHAPTER THREE | CHAPTER FOUR | CHAPTER FIVE | CHAPTER SIX To help mid-market firms, we’ve identified three key drivers of diversity in this year’s report: Be bold, set ambitious targets on senior positions. Businesses must have a clear target on the percentage of women in senior management positions and consider going a step further and set targets on specific positions they would like to see women occupy. Commit to",5
,"Agentic AI adoption varies, too",51% of firms in North America are experimenting with or deploying agents versus 45% in Asia-Pacific and 41% in Europe,,,unclear,0.91,pending_high_confidence,"BOSTON CONSULTING GROUP THE WIDENING AI VALUE GAP 8 AI Maturity Varies by Sector and Region AI maturity, which we define as the ability to create value at scale, varies by sector. Maturity has advanced across most industries—but not evenly. New front-runners have emerged, legacy sectors continue to struggle, and sharp contrasts are visible in both capability adoption and workforce readiness. And though maturity varies across sectors, companies in each one have made cutting-edge progress. Softwar",8
,"ame from 68 countries in Asia, Europe, and North America and from nine industries","consumer goods; energy; financial services; health care; industrial goods; insurance; public sector; technology, media, and telecommunications; and travel, cities, and infrastructure",,"BCG Build for the Future 2025 Global Study (n = 1,250)",unclear,1,pending_high_confidence,"BOSTON CONSULTING GROUP THE WIDENING AI VALUE GAP 20 Next, we sorted the weighted scores into four numerical ranges: • Stagnating: 0–25 • Emerging: >25–50 • Scaling: >50–75 • Future-built: >75–100 Our survey asked 1,250 CxOs and senior executives who are AI decision makers across more than 25 sectors to estimate their companies’ AI maturity along all 41 capabilities, including outcomes in customer experience and operations in response to sector-specific questions. We drew insights on AI maturity",20
,"antial Value from AI, While 60% Lag in Developing Critical AI Capabilities","BCG Build for the Future 2025 Global Study (n = 1,250)",,"BCG Build for the Future 2025 Global Study (n = 1,250)",unclear,1,pending_high_confidence,"BOSTON CONSULTING GROUP THE WIDENING AI VALUE GAP 4 Future-built firms go well beyond automation and incremental productivity improvements to reshape current workflows and invent new ones. They prioritize the latest advances, such as generative AI (GenAI) and agentic AI, to create new revenue streams. Big value comes not from AI pilots or isolated use cases, but from reshaping and reinventing core business workflows end-to-end. Future-built firms have adopted an AI-first approach and installed a",4
,Appendix,"Deﬁnition of Sub-verticals Health and Biomedical Sciences Sub-verticals Verticals Deﬁnitions Additive Manufacturing Processes, materials for additive manufacturing, applications of additive manufacturing (e",,,unclear,0.91,pending_high_confidence,"16 Appendix: Deﬁnition of Sub-verticals Health and Biomedical Sciences Sub-verticals Verticals Deﬁnitions Additive Manufacturing Processes, materials for additive manufacturing, applications of additive manufacturing (e.g. bio-printing, 3D printed food/implants). Nano-materials (e.g. graphene), smart materials (e.g. self-healing materials, stimuli responsive polymers), multi-materials (e.g. metal/polymeric composites). Excludes: Materials for hydrogen, batteries, additive manufacturing. Robotics",16
,are examined for two measures,"(i) the new entrepreneurship rate which captures the share of new entrepreneurs in a given month out of the population, and (ii) the opportunity share of new entrepreneurs which captures the percentage of new entrepreneurs who created their businesses out of opportunity instead of necessity",,,unclear,0.99,pending_high_confidence,"Indicators of Entrepreneurial Activity: 2023 Robert Fairlie - UCLA rfairlie@ucla.edu January 2024 Abstract: Up-to-date information on trends in entrepeneurship are not readily available. This paper creates and reports trends for two important indicators of entrepreneurial activity through the end of 2023. Trends from 1996–2023 are examined for two measures: (i) the new entrepreneurship rate which captures the share of new entrepreneurs in a given month out of the population, and (ii) the opportu",1
,Defining Opportunity versus Necessity Entrepreneurship,"Two Components of Business Creation,"" National Bureau of Economic Research Working Paper No",,survey,unclear,1,pending_high_confidence,"REFERENCES Fairlie, R. 2020. “The Impact of COVID-19 on Small Business Owners: The First Three Months after Social-Distancing Restrictions.” Journal of Economics and Management Strategy, 29(4): 727-740. Fairlie, Robert W., Zachary Kroff, Javier Miranda, and Nikolas Zolas. 2023. The Promise and Peril of Entrepreneurship: Job Creation and Survival among US Startups, Cambridge: MIT Press. Fairlie, R. and Desai, S. 2022. “Early-Stage Entrepreneurship: Indicators and a Summary Index.” Technical Repor",13
,"dustries, as Well as a Wide Range of Company Sizes and Executive Positions","BCG Build for the Future 2025 Global Study (n = 1,250)",,"BCG Build for the Future 2025 Global Study (n = 1,250)",unclear,1,pending_high_confidence,"BOSTON CONSULTING GROUP THE WIDENING AI VALUE GAP 20 Next, we sorted the weighted scores into four numerical ranges: • Stagnating: 0–25 • Emerging: >25–50 • Scaling: >50–75 • Future-built: >75–100 Our survey asked 1,250 CxOs and senior executives who are AI decision makers across more than 25 sectors to estimate their companies’ AI maturity along all 41 capabilities, including outcomes in customer experience and operations in response to sector-specific questions. We drew insights on AI maturity",20
,Early-Stage Entrepreneurship,Indicators and a Summary Index,,survey,unclear,1,pending_high_confidence,"REFERENCES Fairlie, R. 2020. “The Impact of COVID-19 on Small Business Owners: The First Three Months after Social-Distancing Restrictions.” Journal of Economics and Management Strategy, 29(4): 727-740. Fairlie, Robert W., Zachary Kroff, Javier Miranda, and Nikolas Zolas. 2023. The Promise and Peril of Entrepreneurship: Job Creation and Survival among US Startups, Cambridge: MIT Press. Fairlie, R. and Desai, S. 2022. “Early-Stage Entrepreneurship: Indicators and a Summary Index.” Technical Repor",13
,edu January 2024 Abstract,Up-to-date information on trends in entrepeneurship are not readily available,,,unclear,0.99,pending_high_confidence,"Indicators of Entrepreneurial Activity: 2023 Robert Fairlie - UCLA rfairlie@ucla.edu January 2024 Abstract: Up-to-date information on trends in entrepeneurship are not readily available. This paper creates and reports trends for two important indicators of entrepreneurial activity through the end of 2023. Trends from 1996–2023 are examined for two measures: (i) the new entrepreneurship rate which captures the share of new entrepreneurs in a given month out of the population, and (ii) the opportu",1
,Excludes,"Materials for hydrogen, batteries, additive manufacturing",,,unclear,0.91,pending_high_confidence,"16 Appendix: Deﬁnition of Sub-verticals Health and Biomedical Sciences Sub-verticals Verticals Deﬁnitions Additive Manufacturing Processes, materials for additive manufacturing, applications of additive manufacturing (e.g. bio-printing, 3D printed food/implants). Nano-materials (e.g. graphene), smart materials (e.g. self-healing materials, stimuli responsive polymers), multi-materials (e.g. metal/polymeric composites). Excludes: Materials for hydrogen, batteries, additive manufacturing. Robotics",16
,"EXHIBIT 10 Most AI Roadblocks Involve People, Organization, and Processes",BCG analysis,,BCG analysis,unclear,1,pending_high_confidence,"BOSTON CONSULTING GROUP THE WIDENING AI VALUE GAP 18 EXHIBIT 9 The Future-Built Playbook for Climbing the AI Maturity Curve EXHIBIT 10 Most AI Roadblocks Involve People, Organization, and Processes Source: BCG analysis. Source: BCG Build for the Future 2025 Global Study (n = 1,250). Pursue a multiyear strategic ambition Reshape and invent with impact Implement an AI-ﬁrst operating model Secure and enable necessary talent • Set up an AI program with an ambitious top-down value target • Ensure lea",18
,EXHIBIT 5 Value from Agentic AI Is Expected to Double by 2028,BCG Build for the Future 2025 Global Study (n = 1,,BCG Build for the Future 2025 Global Study (n = 1,unclear,1,pending_high_confidence,"BOSTON CONSULTING GROUP THE WIDENING AI VALUE GAP 10 automation in complex operational workflows such as defects diagnostics and production planning. The company has modeled more than $300 million in EBIT impact through scalable GenAI workflows. According to our survey, agents account for about 17% of total AI value in 2025, and they are moving fast. Agentic value is expected to almost double to 29% by 2028. (See Exhibit 5.) Agents are expanding the value gap between future-built firms and their",10
,External metrics (Capital IQ),total shareholder return (June 22–May 25 for three-year TSR),,"BCG Build for the Future 2025 Global Study (n = 1,250)",unclear,1,pending_high_confidence,"BOSTON CONSULTING GROUP THE WIDENING AI VALUE GAP 4 Future-built firms go well beyond automation and incremental productivity improvements to reshape current workflows and invent new ones. They prioritize the latest advances, such as generative AI (GenAI) and agentic AI, to create new revenue streams. Big value comes not from AI pilots or isolated use cases, but from reshaping and reinventing core business workflows end-to-end. Future-built firms have adopted an AI-first approach and installed a",4
,have segmented emerging tech startups in the local ecosystem into four verticals,"Advanced Manufacturing, Agrifood, Sustainability, and Health and Biomedical Sciences",,,unclear,0.91,pending_high_confidence,"* The deﬁnition of each sub-vertical is detailed in the Appendix. 7 SGInnovate’s Emerging Tech Verticals Technologies that enhance manufacturing quality through innovative processes, materials, and engineering techniques. Additive Manufacturing Advanced Materials Automation Sensors and Electronics Space Tech ADVANCED MANUFACTURING We have segmented emerging tech startups in the local ecosystem into four verticals: Advanced Manufacturing, Agrifood, Sustainability, and Health and Biomedical Scienc",7
,"iagnostics, 22, 21% Medical Devices, 38, 36% Health and Biomedical Sciences Total","83 Total: 74 Food Tech, 25, 36% Alternative Proteins, 20, 28% Agritech, 25, 36% Agrifood Total: 70 Total: 105 17 Appendix: Emerging Tech Startups Incorporated between 2018-2022 by Sub-verticals",,,unclear,0.99,pending_high_confidence,"* Where a startup may be classiﬁed under multiple verticals, it is placed under the “main” vertical. Space Tech, 7, 8% Sensors and Electronics, 27, 33% Automation, 31, 37% Advanced Materials, 13, 16% Additive Manufacturing, 5, 6% Advanced Manufacturing Sustainable Materials, 15, 20% Resource Optimisation, 31, 42% Decarbonisation, 28, 38% Sustainability Therapeutics, 19, 18% Platform Tech, 26, 25% Diagnostics, 22, 21% Medical Devices, 38, 36% Health and Biomedical Sciences Total: 83 Total: 74 Foo",17
,Impact of COVID-19 on Small Business Owners,The First Three Months after Social-Distancing Restrictions,,survey,unclear,1,pending_high_confidence,"REFERENCES Fairlie, R. 2020. “The Impact of COVID-19 on Small Business Owners: The First Three Months after Social-Distancing Restrictions.” Journal of Economics and Management Strategy, 29(4): 727-740. Fairlie, Robert W., Zachary Kroff, Javier Miranda, and Nikolas Zolas. 2023. The Promise and Peril of Entrepreneurship: Job Creation and Survival among US Startups, Cambridge: MIT Press. Fairlie, R. and Desai, S. 2022. “Early-Stage Entrepreneurship: Indicators and a Summary Index.” Technical Repor",13
,Includes,"Vertical/indoor farming systems, farm IoT, animal health",,,unclear,0.91,pending_high_confidence,"16 Appendix: Deﬁnition of Sub-verticals Health and Biomedical Sciences Sub-verticals Verticals Deﬁnitions Additive Manufacturing Processes, materials for additive manufacturing, applications of additive manufacturing (e.g. bio-printing, 3D printed food/implants). Nano-materials (e.g. graphene), smart materials (e.g. self-healing materials, stimuli responsive polymers), multi-materials (e.g. metal/polymeric composites). Excludes: Materials for hydrogen, batteries, additive manufacturing. Robotics",16
,Indicators of Entrepreneurial Activity,2023 Robert Fairlie - UCLA rfairlie@ucla,,,unclear,0.99,pending_high_confidence,"Indicators of Entrepreneurial Activity: 2023 Robert Fairlie - UCLA rfairlie@ucla.edu January 2024 Abstract: Up-to-date information on trends in entrepeneurship are not readily available. This paper creates and reports trends for two important indicators of entrepreneurial activity through the end of 2023. Trends from 1996–2023 are examined for two measures: (i) the new entrepreneurship rate which captures the share of new entrepreneurs in a given month out of the population, and (ii) the opportu",1
,"Industry, Scaled Workflows in the Core Business Are Already Creating Value",BCG Build for the Future 2025 Global Study (n = ~900 for workflows)​,,BCG Build for the Future 2025 Global Study (n = ~900 for workflows)​,unclear,1,pending_high_confidence,"BOSTON CONSULTING GROUP THE WIDENING AI VALUE GAP 9 EXHIBIT 4 No Matter the Industry, Scaled Workflows in the Core Business Are Already Creating Value Source: BCG Build for the Future 2025 Global Study (n = ~900 for workflows)​. 1Estimate based on the predominant AI type in each workflow, even if there is always some of the other. 2Scaled or fully deployed stage of adoption for the workflow. Industry Workﬂow Main type of AI1 Adoption (%)2 20 20 16 50 39 23 45 29 31 24 25 25 16 23 18 17 33 33 32 ",9
,It anchored the redesign in four principles,"the desired employee experience, the new operating model, required functional capabilities, and enabling technologies",,"BCG Build for the Future 2025 Global Study (n = 1,250)",unclear,1,pending_high_confidence,"BOSTON CONSULTING GROUP THE WIDENING AI VALUE GAP 13 The bank redefined a set of employee journeys (such as “I apply and join,” “I get feedback,” “I get rewarded,” and “I leave”)—and all the component parts—to serve as the backbone of the transformation. It anchored the redesign in four principles: the desired employee experience, the new operating model, required functional capabilities, and enabling technologies. Guided by these principles, the bank built a capability roadmap, sequenced by imp",13
,l Sciences vertical has created a great deal of excitement in the local ecosystem,• AUM Biosciences (2018) is pending a SPAC on NASDAQ through Mountain Crest Acquisition Corp • CytoMed Therapeutics (2018) is preparing for a NASDAQ listing 2022 2021 15 7 5 2 A+ Seed+/Pre-A The average seed round size in 2022 varied considerably across the four verticals compared to 2021,,,unclear,0.91,pending_high_confidence,Health and Biomedical Sciences Medical Device Diagnostics Platform Tech Therapeutics Round Size (US$ M) Sustainability Decarbonisation Resource Optimisation Sustainable Materials A Seed+/ Pre-A Seed Round Size (US$ M) Agrifood Agritech Alternative Proteins Food Tech Round Size (US$ M) 0 5 10 15 20 100 A Seed+/ Pre-A Seed A+ A Seed+/ Pre-A Seed A+ Advanced Manufacturing A Seed+/ Pre-A Seed Sensors and Electronics Additive Manufacturing Space Tech Automation Advanced Matertials Round Size (US$ M) ,12
,May 2024 A microscope on small businesses,Spotting opportunities to boost productivity,,,unclear,0.91,pending_high_confidence,CONFIDENTIAL AND PROPRIETARY | © 2024 McKinsey & Company. This material is intended solely for your internal use and any use of this material without specific permission of McKinsey & Company is strictly prohibited. All rights reserved. May 2024 A microscope on small businesses: Spotting opportunities to boost productivity,1
,n 2022 by Sub-verticals Our Outlook for 2023 and Beyond Acknowledgements Appendix,Deﬁnition of Sub-verticals Appendix: Emerging Tech Startups Incorporated between 2018-2022 by Sub-verticals Contents 3 4 5 6 7 8 9 10 11 12 13 14 15 16 17,,,unclear,1,pending_high_confidence,"About SGInnovate Disclaimer and Terms of Use Foreword Insights and Outlook SGInnovate’s Emerging Tech Verticals Methodology, Scope and Deﬁnitions Emerging Tech Startups Incorporated in 2022 by Industry Verticals Emerging Tech Startups Incorporated between 2018-2022 by Spinoﬀ Sources Emerging Tech Startups Incorporated between 2018-2022 by Institutional Funding Status Funding Activities in 2022 by Funding Round Funding Activities in 2022 by Sub-verticals Our Outlook for 2023 and Beyond Acknowledg",2
,n Enables Future-Built Companies to Deploy and Scale More Workflows Faster,"BCG Build for the Future 2025 Global Study (n = 1,250)",,"BCG Build for the Future 2025 Global Study (n = 1,250)",unclear,1,pending_high_confidence,"BOSTON CONSULTING GROUP THE WIDENING AI VALUE GAP 14 Successful companies also drive value by prioritizing their AI portfolios for financial or operational impact, which results in strong alignment of adoption and expected outcomes. Future-built and scaling companies achieve a 76% higher match between where AI is deployed and where it delivers impact. Prioritization accelerates implementation. Some 62% of initiatives at future-built companies have already been deployed, compared with 12% for lag",14
,"NG AI VALUE GAP 20 Next, we sorted the weighted scores into four numerical ranges","• Stagnating: 0–25 • Emerging: >25–50 • Scaling: >50–75 • Future-built: >75–100 Our survey asked 1,250 CxOs and senior executives who are AI decision makers across more than 25 sectors to estimate their companies’ AI maturity along all 41 capabilities, including outcomes in customer experience and operations in response to sector-specific questions",,"BCG Build for the Future 2025 Global Study (n = 1,250)",unclear,1,pending_high_confidence,"BOSTON CONSULTING GROUP THE WIDENING AI VALUE GAP 20 Next, we sorted the weighted scores into four numerical ranges: • Stagnating: 0–25 • Emerging: >25–50 • Scaling: >50–75 • Future-built: >75–100 Our survey asked 1,250 CxOs and senior executives who are AI decision makers across more than 25 sectors to estimate their companies’ AI maturity along all 41 capabilities, including outcomes in customer experience and operations in response to sector-specific questions. We drew insights on AI maturity",20
,ng deliberate choices across four broad options for sourcing agentic capabilities,• Standalone Agentic Solutions,,,unclear,0.91,pending_high_confidence,"BOSTON CONSULTING GROUP THE WIDENING AI VALUE GAP 16 on-premises, and external ecosystems of AI agents and tools. Future-built companies involve the workforce twice as often as others do in reshaping workflows as they build, test, and deploy agents. This inclusiveness ensures smoother adoption and builds ownership and trust. These firms recognize that as the AI operating model takes hold, the role of humans evolves dramatically. Companies must look after AI workers as well as human colleagues so",16
,"of the same a little faster or better, when the need is for strategic reinvention","What matters to my customers and differentiates my business? How will AI and agents change how I deliver those outcomes? Where do humans still have the biggest impact? Value from the Core Our research has found that 70% of potential value from AI is concentrated in core business functions such as sales and marketing, manufacturing, supply chain, and pricing",,"BCG Build for the Future 2025 Global Study (n = 1,250)",unclear,1,pending_high_confidence,"BOSTON CONSULTING GROUP THE WIDENING AI VALUE GAP 6 Our research and client experience finds plenty of reasons for lack of progress. One of the biggest is lack of top management commitment. Among laggards, top management may talk the talk, but it fails to articulate any clear value ambition and doesn’t put in place a program to track progress regularly. It delegates AI to people in middle or lower management, who are unsure what to do or are fearful of the technology’s future impact on them. Som",6
,pdf and https,//indicators,,census,obtainable,1,pending_high_confidence,1. Introduction Measuring trends in entrepreneurship is important for taking the pulse of the U.S. economy but there is a lack of up-to-date information from high-quality nationally representative sources. This paper creates and reports trends for two important indicators of entrepreneurial activity using the most timely available data available. The indicators of entrepreneurial activity created here capture early-stage entrepreneurial activity through the end of 2023. They include two key meas,2
,playbook has five strategies,• Lead from the top with an aggressive multiyear strategic AI ambition,,,unclear,0.91,pending_high_confidence,"BOSTON CONSULTING GROUP THE WIDENING AI VALUE GAP 11 Our research shows that regardless of sector or size of enterprise, future-built companies follow a well-defined and proven playbook, rooted in an AI-first operating model, to generate value and expand their advantage. (See Exhibit 6.) We laid out the winning formula in our 2024 report, and the evidence this year suggests that companies should double down on it, since value creation clearly compounds for firms that focus on making the right mo",11
,PPP,"A microscope on small businesses, May 2024 Deeply ingrained networks and vertical integration Branding and marketing at a collective level Payment acceleration, strategic sub-contracting Market access, capital and talent spillovers Auto manufacturing Software development Beverage manufacturing Construction",,,unclear,0.96,pending_high_confidence,"McKinsey & Company CONFIDENTIAL AND PROPRIETARY Any use of this material without specific permission of McKinsey Global Institute is strictly prohibited 6 0 20 40 60 80 100 120 140 160 180 200 220 0 25 50 75 100 125 150 175 MSME productivity, $ ‘000 (PPP) Japan 0 50 100 150 200 250 300 350 0 20 40 60 80 100 120 140 160 MSME productivity, $ ‘000 (PPP) US 0 50 100 150 200 250 300 350 400 0 20 40 60 80 100 120 140 MSME productivity, $ ‘000 (PPP) Italy 0 10 20 30 40 50 60 70 80 90 0 20 40 60 80 100 ",6
,Promise and Peril of Entrepreneurship,"Job Creation and Survival among US Startups, Cambridge: MIT Press",,survey,unclear,1,pending_high_confidence,"REFERENCES Fairlie, R. 2020. “The Impact of COVID-19 on Small Business Owners: The First Three Months after Social-Distancing Restrictions.” Journal of Economics and Management Strategy, 29(4): 727-740. Fairlie, Robert W., Zachary Kroff, Javier Miranda, and Nikolas Zolas. 2023. The Promise and Peril of Entrepreneurship: Job Creation and Survival among US Startups, Cambridge: MIT Press. Fairlie, R. and Desai, S. 2022. “Early-Stage Entrepreneurship: Indicators and a Summary Index.” Technical Repor",13
,Region,"50 states, 1875 counties, 380 MSAs) — Demographics: Gender, Ethnicity Source: America’s small businesses, October 2024",,,unclear,0.96,pending_high_confidence,"McKinsey & Company 7 Granular MSME productivity and employment “matrices” can support development initiatives High Low Share of total workforce, %, 2021 Scaled performance1 1. Performance calculated as revenues per worker or productivity Business size (Performance vs self-employed) Sector (performance vs labor-intensive) Healthcare Construction Auto Food Personal services Admin services Logistics Accom & food Finance & insurance IT Prof. services Retail trade Other mfg Electronics Knowledge- int",7
,"sed emerging tech startups, we amalgamated information from the following sources","• Venture capital databases, speciﬁcally CB Insights and VentureCap Insights • Data contributed by incubators, industry platforms, and tech transfer oﬃces (List in Acknowledgements) • SGInnovate’s deal ﬂow Funding Events From the list of Singapore-based emerging tech startups, we identiﬁed funding events by looking up: • Venture capital databases, speciﬁcally CB Insights and VentureCap Insights • Press releases published on startups’ websites or social media channels Classiﬁcation of Startups Th",,cb insights,private,1,pending_high_confidence,"List of Startups To build our list of Singapore-based emerging tech startups, we amalgamated information from the following sources: • Venture capital databases, speciﬁcally CB Insights and VentureCap Insights • Data contributed by incubators, industry platforms, and tech transfer oﬃces (List in Acknowledgements) • SGInnovate’s deal ﬂow Funding Events From the list of Singapore-based emerging tech startups, we identiﬁed funding events by looking up: • Venture capital databases, speciﬁcally CB In",8
,See https,//indicators,,census,obtainable,1,pending_high_confidence,1. Introduction Measuring trends in entrepreneurship is important for taking the pulse of the U.S. economy but there is a lack of up-to-date information from high-quality nationally representative sources. This paper creates and reports trends for two important indicators of entrepreneurial activity using the most timely available data available. The indicators of entrepreneurial activity created here capture early-stage entrepreneurial activity through the end of 2023. They include two key meas,2
,s Get It Right with Joint Business-IT Ownership and C-Level Accountability,"BCG Build for the Future 2025 Global Study (n = 1,250)",,"BCG Build for the Future 2025 Global Study (n = 1,250)",unclear,1,pending_high_confidence,"BOSTON CONSULTING GROUP THE WIDENING AI VALUE GAP 13 The bank redefined a set of employee journeys (such as “I apply and join,” “I get feedback,” “I get rewarded,” and “I leave”)—and all the component parts—to serve as the backbone of the transformation. It anchored the redesign in four principles: the desired employee experience, the new operating model, required functional capabilities, and enabling technologies. Guided by these principles, the bank built a capability roadmap, sequenced by imp",13
,Sidebar,AI Maturity Varies by Sector and Region 11 What Value Generators Do Differently • Pursue a Multiyear Strategic AI Ambition • Reshape and Invent with Impact • Adopt an AI-First Operating Model • Secure and Enable the Necessary Talent • Use Fit-for-Purpose Technology and Data 17 How to Accelerate AI Value Creation 19 Appendix • AI Definitions • Survey Methodology,,survey,unclear,1,pending_high_confidence,Contents 03 Are You Generating Value from AI? • Critical Capabilities • Future-Built Strategies 05 AI Value Generators Are Pulling Away • The Expanding Value Gap • Value from the Core • On Come Agents • Agents Do Not Work Alone • Sidebar: AI Maturity Varies by Sector and Region 11 What Value Generators Do Differently • Pursue a Multiyear Strategic AI Ambition • Reshape and Invent with Impact • Adopt an AI-First Operating Model • Secure and Enable the Necessary Talent • Use Fit-for-Purpose Tec,2
,"small molecules, biologics, immunotherapy, gene therapy) Excludes",Digital therapeutics and implants,,,unclear,0.91,pending_high_confidence,"16 Appendix: Deﬁnition of Sub-verticals Health and Biomedical Sciences Sub-verticals Verticals Deﬁnitions Additive Manufacturing Processes, materials for additive manufacturing, applications of additive manufacturing (e.g. bio-printing, 3D printed food/implants). Nano-materials (e.g. graphene), smart materials (e.g. self-healing materials, stimuli responsive polymers), multi-materials (e.g. metal/polymeric composites). Excludes: Materials for hydrogen, batteries, additive manufacturing. Robotics",16
,"s, or entries on venture capital databases 12 Funding Activities by Funding Round",2022 More intermediate rounds were raised in 2022 versus 2021; the average seed round size fell for all verticals except for the Health and Biomedical Sciences,,,unclear,0.91,pending_high_confidence,Health and Biomedical Sciences Medical Device Diagnostics Platform Tech Therapeutics Round Size (US$ M) Sustainability Decarbonisation Resource Optimisation Sustainable Materials A Seed+/ Pre-A Seed Round Size (US$ M) Agrifood Agritech Alternative Proteins Food Tech Round Size (US$ M) 0 5 10 15 20 100 A Seed+/ Pre-A Seed A+ A Seed+/ Pre-A Seed A+ Advanced Manufacturing A Seed+/ Pre-A Seed Sensors and Electronics Additive Manufacturing Space Tech Automation Advanced Matertials Round Size (US$ M) ,12
,s Value Is Concentrated in Core Businesses,"BCG Build for the Future 2025 Global Study (n = 1,250)",,"BCG Build for the Future 2025 Global Study (n = 1,250)",unclear,1,pending_high_confidence,"BOSTON CONSULTING GROUP THE WIDENING AI VALUE GAP 7 EXHIBIT 3 70% of AI’s Value Is Concentrated in Core Businesses Source: BCG Build for the Future 2025 Global Study (n = 1,250). Note: Customer service is considered a core business function in some industries (e.g., banking, insurance, and real estate) but a support function in others (e.g., consumer products, automotive, and logistics). Distribution of AI value potential across functions in 2025 (%) R&D and innovation Digital marketing Consumer",7
,They include two key measures of entrepreneurial activity,(i) the new entrepreneurship rate which captures the broadest measure possible for business creation by the population,,census,obtainable,1,pending_high_confidence,1. Introduction Measuring trends in entrepreneurship is important for taking the pulse of the U.S. economy but there is a lack of up-to-date information from high-quality nationally representative sources. This paper creates and reports trends for two important indicators of entrepreneurial activity using the most timely available data available. The indicators of entrepreneurial activity created here capture early-stage entrepreneurial activity through the end of 2023. They include two key meas,2
,This mission is driven by our work across three strategic areas,"Community, Talent and Investments",,,unclear,0.91,pending_high_confidence,"SGInnovate is a private organisation wholly owned by the Singapore government. We support the commercialisation of emerging technologies and their application to solve some of the world’s most challenging problems. This mission is driven by our work across three strategic areas: Community, Talent and Investments. Builds communities of practice around emerging technologies by bringing together key stakeholders on diverse platforms to accelerate the adoption of these technologies COMMUNITY Runs a ",3
,This platform approach has a compounding effect,"the company builds common capabilities for security, monitoring, and orchestration once and then reuses them, ensuring that each new use case strengthens the platform, accelerates the next, and moves toward enterprise-level scale",,,unclear,0.91,pending_high_confidence,"BOSTON CONSULTING GROUP THE WIDENING AI VALUE GAP 16 on-premises, and external ecosystems of AI agents and tools. Future-built companies involve the workforce twice as often as others do in reshaping workflows as they build, test, and deploy agents. This inclusiveness ensures smoother adoption and builds ownership and trust. These firms recognize that as the AI operating model takes hold, the role of humans evolves dramatically. Companies must look after AI workers as well as human colleagues so",16
,thousand (PPP),"A microscope on small businesses, May 2024 Medium-sized enterprise Large company productivity Small enterprise Microenterprise Emerging economies Advanced economies",,,unclear,0.96,pending_high_confidence,"McKinsey & Company CONFIDENTIAL AND PROPRIETARY Any use of this material without specific permission of McKinsey Global Institute is strictly prohibited 4 20 0 40 120 100 60 80 140 160 Kenya Spain Brazil Mexico Portugal Poland Israel Australia Italy Germany Japan US UK Scale matters - even within MSMEs Productivity, value added per worker, $ thousand (PPP) Source: A microscope on small businesses, May 2024 Medium-sized enterprise Large company productivity Small enterprise Microenterprise Emergi",4
,"undational capabilities, each measured along four clearly defined maturity stages","stagnating, emerging, scaling, and future-built",,survey,unclear,1,pending_high_confidence,"BOSTON CONSULTING GROUP THE WIDENING AI VALUE GAP 19 AI Definitions AI Maturity Categories • Stagnating. Are taking minimal or no AI action, lack foundational capabilities, and are not generating value • Emerging. Have developed foundational capabilities and started initial experimentation, but are struggling to scale and generate value • Scaling. Have developed an AI strategy and advanced capabilities, and are scaling them effectively while starting to generate value • Future-built. Are at the ",19
,"vanced economies, % Each dot represents a country Advanced economy average","A microscope on small businesses, May 2024 Large firms are more likely to deploy productivity drivers than small firms Technology 2",,"A microscope on small businesses, May 2024 Large firms are more likely to deploy productivity drivers than small firms Technology 2",unclear,1,pending_high_confidence,McKinsey & Company CONFIDENTIAL AND PROPRIETARY Any use of this material without specific permission of McKinsey Global Institute is strictly prohibited 5 0 20 40 60 80 100 120 140 160 104% 69% 74% 72% 68% 61% 62% 65% 56% 53% 49% MSME productivity gaps vary by sector Admin services Retail and wholesale trade Accommodation and food Transportation Professional services Other services Construction Mining Manufacturing ICT Utilities MSME productivity to large company productivity ratio for sectors i,5
,Virtuous Cycle by Higher Spending on IT and Reinvestment of Gains from AI,"BCG Build for the Future 2025 Global Study (n = 1,250)",,"BCG Build for the Future 2025 Global Study (n = 1,250)",unclear,1,pending_high_confidence,"BOSTON CONSULTING GROUP THE WIDENING AI VALUE GAP 6 Our research and client experience finds plenty of reasons for lack of progress. One of the biggest is lack of top management commitment. Among laggards, top management may talk the talk, but it fails to articulate any clear value ambition and doesn’t put in place a program to track progress regularly. It delegates AI to people in middle or lower management, who are unsure what to do or are fearful of the technology’s future impact on them. Som",6
